[
    {
        "edge": "full_attack",
        "improvement": 13.472711853027343,
        "stdev": 0.8812665457781895,
        "robustness": 15.287896627382425
    },
    {
        "edge": "input->a0.h4<v>",
        "improvement": 5.157874180555344,
        "stdev": 1.6499592808266788,
        "robustness": 3.12606149769411
    },
    {
        "edge": "m11->logits",
        "improvement": 4.297299260139465,
        "stdev": 0.23745890187842625,
        "robustness": 18.097023215998817
    },
    {
        "edge": "input->m0",
        "improvement": 4.12323448395729,
        "stdev": 1.5523672339538308,
        "robustness": 2.6560947653188616
    },
    {
        "edge": "a0.h4->m0",
        "improvement": 2.067381298065185,
        "stdev": 1.0352801598664452,
        "robustness": 1.9969293126721221
    },
    {
        "edge": "m10->logits",
        "improvement": 1.1031996507644655,
        "stdev": 0.16064030773004137,
        "robustness": 6.867514550696767
    },
    {
        "edge": "a11.h9->logits",
        "improvement": 0.9494542503356938,
        "stdev": 0.08164955501604856,
        "robustness": 11.628406917209464
    },
    {
        "edge": "m0->m1",
        "improvement": 0.9490881032943728,
        "stdev": 0.5472274769812235,
        "robustness": 1.7343575445626571
    },
    {
        "edge": "a11.h7->logits",
        "improvement": 0.8358646869659427,
        "stdev": 0.05531599511759858,
        "robustness": 15.110723131509125
    },
    {
        "edge": "a11.h8->logits",
        "improvement": 0.818803009986877,
        "stdev": 0.09031573281644718,
        "robustness": 9.06600638064874
    },
    {
        "edge": "a11.h1->logits",
        "improvement": 0.6012226438522337,
        "stdev": 0.051078916097756936,
        "robustness": 11.770465972723246
    },
    {
        "edge": "m10->a11.h7<v>",
        "improvement": 0.5892995967864989,
        "stdev": 0.06466182896081918,
        "robustness": 9.11356214720706
    },
    {
        "edge": "a11.h3->logits",
        "improvement": 0.5884069805145264,
        "stdev": 0.07006941502906923,
        "robustness": 8.397486696162911
    },
    {
        "edge": "a10.h2->m10",
        "improvement": 0.5866006336212157,
        "stdev": 0.09059469895120364,
        "robustness": 6.474999535427256
    },
    {
        "edge": "m10->a11.h9<v>",
        "improvement": 0.49202152442932157,
        "stdev": 0.05651792449359624,
        "robustness": 8.705583738926402
    },
    {
        "edge": "a11.h11->logits",
        "improvement": 0.48895431613922113,
        "stdev": 0.04850287541094125,
        "robustness": 10.080934624938198
    },
    {
        "edge": "m10->a11.h1<v>",
        "improvement": 0.4408332290649417,
        "stdev": 0.043592415149358334,
        "robustness": 10.112613112958726
    },
    {
        "edge": "a10.h10->m10",
        "improvement": 0.3860538177490236,
        "stdev": 0.08468942054374702,
        "robustness": 4.558465688752756
    },
    {
        "edge": "m9->a10.h1<v>",
        "improvement": 0.3791914920806887,
        "stdev": 0.09849392359846702,
        "robustness": 3.8498973157628424
    },
    {
        "edge": "m10->a11.h3<v>",
        "improvement": 0.34796622276306177,
        "stdev": 0.04230766658376991,
        "robustness": 8.224661175157998
    },
    {
        "edge": "a11.h6->logits",
        "improvement": 0.33645558166503875,
        "stdev": 0.027769597251320534,
        "robustness": 12.115969080143545
    },
    {
        "edge": "m9->a10.h10<v>",
        "improvement": 0.32830376243591264,
        "stdev": 0.07744692008816573,
        "robustness": 4.23908093520273
    },
    {
        "edge": "m10->a11.h11<v>",
        "improvement": 0.3255047397613522,
        "stdev": 0.04171496374005437,
        "robustness": 7.8030689847826755
    },
    {
        "edge": "m10->a11.h6<v>",
        "improvement": 0.3048218612670901,
        "stdev": 0.030747223728896152,
        "robustness": 9.913801127372011
    },
    {
        "edge": "a11.h9->m11",
        "improvement": 0.292890264511108,
        "stdev": 0.04442931541509917,
        "robustness": 6.592274982737415
    },
    {
        "edge": "a10.h1->logits",
        "improvement": 0.2681471023559574,
        "stdev": 0.0331212453413807,
        "robustness": 8.095924521924372
    },
    {
        "edge": "m0->m2",
        "improvement": 0.2342448863983151,
        "stdev": 0.19350165425194044,
        "robustness": 1.2105575391791055
    },
    {
        "edge": "m1->a2.h7<v>",
        "improvement": 0.1913176002502439,
        "stdev": 0.17630629356015046,
        "robustness": 1.0851433399623482
    },
    {
        "edge": "a11.h7->m11",
        "improvement": 0.1878411750793454,
        "stdev": 0.032592416317307076,
        "robustness": 5.763339951557959
    },
    {
        "edge": "a11.h0->logits",
        "improvement": 0.1523355998992919,
        "stdev": 0.021170261254216727,
        "robustness": 7.195735473928053
    },
    {
        "edge": "m1->m3",
        "improvement": 0.13561412811279272,
        "stdev": 0.15525186802079624,
        "robustness": 0.8735104436529355
    },
    {
        "edge": "a0.h4->m1",
        "improvement": 0.13330117416381793,
        "stdev": 0.10864409882438654,
        "robustness": 1.2269527347204319
    },
    {
        "edge": "a11.h3->m11",
        "improvement": 0.1331280593872073,
        "stdev": 0.02251639256292155,
        "robustness": 5.912495041787175
    },
    {
        "edge": "a11.h1->m11",
        "improvement": 0.12822364044189438,
        "stdev": 0.016884906987771238,
        "robustness": 7.593979672778734
    },
    {
        "edge": "a10.h10->logits",
        "improvement": 0.12350963401794424,
        "stdev": 0.017900694304752465,
        "robustness": 6.899711928221332
    },
    {
        "edge": "input->m1",
        "improvement": 0.11921942901611349,
        "stdev": 0.11148901628151302,
        "robustness": 1.0693378862997673
    },
    {
        "edge": "a11.h6->m11",
        "improvement": 0.10474529647827158,
        "stdev": 0.01742125641023292,
        "robustness": 6.012499558685454
    },
    {
        "edge": "a10.h1->m10",
        "improvement": 0.10281153869628934,
        "stdev": 0.04502932498634464,
        "robustness": 2.2832129668270054
    },
    {
        "edge": "a11.h10->logits",
        "improvement": 0.10149801445007345,
        "stdev": 0.01568374238243393,
        "robustness": 6.471543077865971
    },
    {
        "edge": "m10->a11.h8<v>",
        "improvement": 0.09833047866821332,
        "stdev": 0.04852908652877248,
        "robustness": 2.0262173822273373
    },
    {
        "edge": "m0->m3",
        "improvement": 0.08584771347045894,
        "stdev": 0.09685778198853372,
        "robustness": 0.8863274763056398
    },
    {
        "edge": "m10->a11.h2<v>",
        "improvement": 0.061282257080078395,
        "stdev": 0.018388956916028622,
        "robustness": 3.332557543090554
    },
    {
        "edge": "a11.h5->logits",
        "improvement": 0.05758902740478522,
        "stdev": 0.01892300662798441,
        "robustness": 3.0433338917516055
    },
    {
        "edge": "m0->a1.h11<v>",
        "improvement": 0.05717731285095251,
        "stdev": 0.05385229316938428,
        "robustness": 1.0617433257876296
    },
    {
        "edge": "m0->a1.h3<v>",
        "improvement": 0.05018283843994098,
        "stdev": 0.0394146053765123,
        "robustness": 1.2732041323403842
    },
    {
        "edge": "m1->a3.h8<v>",
        "improvement": 0.049906726837158466,
        "stdev": 0.07666307242671824,
        "robustness": 0.6509878257861893
    },
    {
        "edge": "m0->a1.h4<v>",
        "improvement": 0.046546533584594485,
        "stdev": 0.0463786810469748,
        "robustness": 1.0036191744532295
    },
    {
        "edge": "a10.h8->m10",
        "improvement": 0.02976001358032221,
        "stdev": 0.026805773754549195,
        "robustness": 1.1102090860284028
    },
    {
        "edge": "a10.h7->logits",
        "improvement": 0.027070959091186175,
        "stdev": 0.004833512867292248,
        "robustness": 5.60068005081187
    },
    {
        "edge": "a10.h8->logits",
        "improvement": 0.02230365371704135,
        "stdev": 0.005197671353111019,
        "robustness": 4.2910857962752305
    },
    {
        "edge": "a1.h4->m1",
        "improvement": 0.0213990077972408,
        "stdev": 0.02363678367948376,
        "robustness": 0.9053265489676032
    }
]