[
    {
        "edge": "full_attack",
        "improvement": 14.35293564605713,
        "stdev": 0.6101151209054774,
        "robustness": 23.524963001664027
    },
    {
        "edge": "m11->logits",
        "improvement": 4.711572650909424,
        "stdev": 0.1944601432432214,
        "robustness": 24.228988893710806
    },
    {
        "edge": "input->a0.h4<v>",
        "improvement": 3.3636742157936093,
        "stdev": 1.3001228310430482,
        "robustness": 2.587197252043515
    },
    {
        "edge": "input->m0",
        "improvement": 2.9830260767936707,
        "stdev": 1.3712556724918679,
        "robustness": 2.175397438008674
    },
    {
        "edge": "a0.h4->m0",
        "improvement": 1.1099877643585208,
        "stdev": 0.6641934210444805,
        "robustness": 1.6711815100682632
    },
    {
        "edge": "m10->logits",
        "improvement": 1.0064609909057616,
        "stdev": 0.12032950627799267,
        "robustness": 8.364207766136538
    },
    {
        "edge": "a11.h8->logits",
        "improvement": 0.9158744125366214,
        "stdev": 0.06389973748788862,
        "robustness": 14.332991785924218
    },
    {
        "edge": "a11.h4->logits",
        "improvement": 0.8001202774047851,
        "stdev": 0.06154830691693619,
        "robustness": 12.99987469167274
    },
    {
        "edge": "m0->m1",
        "improvement": 0.7392620391845703,
        "stdev": 0.4344880609462765,
        "robustness": 1.7014553577709894
    },
    {
        "edge": "a11.h7->logits",
        "improvement": 0.6790305938720698,
        "stdev": 0.04329682183389701,
        "robustness": 15.683150982238095
    },
    {
        "edge": "a11.h3->logits",
        "improvement": 0.6257628898620604,
        "stdev": 0.05168154255220612,
        "robustness": 12.108053648552497
    },
    {
        "edge": "m10->a11.h7<v>",
        "improvement": 0.5185288467407227,
        "stdev": 0.04381069267601808,
        "robustness": 11.835668761853766
    },
    {
        "edge": "m9->m10",
        "improvement": 0.5156326675415039,
        "stdev": 0.13586170828057084,
        "robustness": 3.7952759027338314
    },
    {
        "edge": "m9->a10.h2<v>",
        "improvement": 0.5144815406799319,
        "stdev": 0.07872793099086359,
        "robustness": 6.534930287189152
    },
    {
        "edge": "m10->a11.h4<v>",
        "improvement": 0.5139004631042479,
        "stdev": 0.045139662064099695,
        "robustness": 11.384676792096794
    },
    {
        "edge": "m10->a11.h8<v>",
        "improvement": 0.4799810676574703,
        "stdev": 0.04536958649794752,
        "robustness": 10.579357333996954
    },
    {
        "edge": "a11.h2->logits",
        "improvement": 0.46333870697021506,
        "stdev": 0.03903067450070409,
        "robustness": 11.871142707560862
    },
    {
        "edge": "a11.h11->logits",
        "improvement": 0.4394717330932618,
        "stdev": 0.04656234788972878,
        "robustness": 9.438349933170041
    },
    {
        "edge": "m10->a11.h5<v>",
        "improvement": 0.43239011764526314,
        "stdev": 0.03628739314020361,
        "robustness": 11.915711772808738
    },
    {
        "edge": "m9->a10.h1<v>",
        "improvement": 0.4241162147521971,
        "stdev": 0.07680368042122997,
        "robustness": 5.5220819162067585
    },
    {
        "edge": "a11.h1->logits",
        "improvement": 0.3978188285827633,
        "stdev": 0.03573791878413188,
        "robustness": 11.13156115737216
    },
    {
        "edge": "a11.h5->logits",
        "improvement": 0.29182351684570307,
        "stdev": 0.017862666029805657,
        "robustness": 16.337063927566362
    },
    {
        "edge": "a11.h10->logits",
        "improvement": 0.2843835830688475,
        "stdev": 0.01890444259205928,
        "robustness": 15.043214402327918
    },
    {
        "edge": "m10->a11.h1<v>",
        "improvement": 0.2772109527587885,
        "stdev": 0.029094431537054013,
        "robustness": 9.527972815201386
    },
    {
        "edge": "m8->m9",
        "improvement": 0.24440874099731413,
        "stdev": 0.1603359871805169,
        "robustness": 1.5243536107844744
    },
    {
        "edge": "a11.h8->m11",
        "improvement": 0.2319311027526858,
        "stdev": 0.025583501584559548,
        "robustness": 9.065651235664454
    },
    {
        "edge": "m9->a10.h6<v>",
        "improvement": 0.21386152267456016,
        "stdev": 0.04144049257292472,
        "robustness": 5.160689687706253
    },
    {
        "edge": "a11.h0->logits",
        "improvement": 0.20299329376220676,
        "stdev": 0.013174608148271335,
        "robustness": 15.40791889046369
    },
    {
        "edge": "m2->m3",
        "improvement": 0.1876280250549316,
        "stdev": 0.17949662546575285,
        "robustness": 1.0453011279074447
    },
    {
        "edge": "m10->a11.h9<v>",
        "improvement": 0.1776787681579588,
        "stdev": 0.029881190595996053,
        "robustness": 5.946174319498734
    },
    {
        "edge": "m1->m3",
        "improvement": 0.17150870513915972,
        "stdev": 0.18578487443699032,
        "robustness": 0.9231575264612167
    },
    {
        "edge": "m10->a11.h3<v>",
        "improvement": 0.1644434471130367,
        "stdev": 0.029109679731101127,
        "robustness": 5.649098465942357
    },
    {
        "edge": "m0->m2",
        "improvement": 0.15453826904296886,
        "stdev": 0.10436752179250733,
        "robustness": 1.4807122597986546
    },
    {
        "edge": "a11.h5->m11",
        "improvement": 0.15051755905151332,
        "stdev": 0.015845011194508447,
        "robustness": 9.49936590159555
    },
    {
        "edge": "m1->m2",
        "improvement": 0.1476307754516597,
        "stdev": 0.1296015739128573,
        "robustness": 1.1391125199677363
    },
    {
        "edge": "m10->a11.h2<v>",
        "improvement": 0.13684931182861337,
        "stdev": 0.013932093278259694,
        "robustness": 9.822595147432697
    },
    {
        "edge": "a11.h6->logits",
        "improvement": 0.1344201660156248,
        "stdev": 0.011860271938255168,
        "robustness": 11.333649575272732
    },
    {
        "edge": "a11.h7->m11",
        "improvement": 0.13182817840576178,
        "stdev": 0.01750637479329042,
        "robustness": 7.530295675852141
    },
    {
        "edge": "a0.h4->m1",
        "improvement": 0.12208850479125921,
        "stdev": 0.07945875045185795,
        "robustness": 1.5365016954958228
    },
    {
        "edge": "input->m1",
        "improvement": 0.11509990692138672,
        "stdev": 0.09052867084016011,
        "robustness": 1.2714193840823118
    },
    {
        "edge": "a11.h10->m11",
        "improvement": 0.1099907951354977,
        "stdev": 0.01299728803763446,
        "robustness": 8.46259579821671
    },
    {
        "edge": "a9.h4->m9",
        "improvement": 0.08321233749389645,
        "stdev": 0.05339888246537083,
        "robustness": 1.5583160855072136
    },
    {
        "edge": "m0->m3",
        "improvement": 0.06256037521362323,
        "stdev": 0.044286425873989115,
        "robustness": 1.4126309355293223
    },
    {
        "edge": "m4->m5",
        "improvement": 0.05780418777465801,
        "stdev": 0.04671708800908067,
        "robustness": 1.2373242904913568
    },
    {
        "edge": "m8->a9.h4<v>",
        "improvement": 0.056821155548095525,
        "stdev": 0.023836389128346902,
        "robustness": 2.383798789411531
    },
    {
        "edge": "m0->a1.h11<v>",
        "improvement": 0.044256889343261996,
        "stdev": 0.04048204925221305,
        "robustness": 1.0932472580014607
    },
    {
        "edge": "m0->a1.h3<v>",
        "improvement": 0.04113171005248972,
        "stdev": 0.03907198187593794,
        "robustness": 1.052716245187968
    },
    {
        "edge": "m0->a1.h4<v>",
        "improvement": 0.03265941238403336,
        "stdev": 0.037010828004464875,
        "robustness": 0.8824285795522712
    },
    {
        "edge": "a1.h3->m1",
        "improvement": 0.021368820190429183,
        "stdev": 0.021044400448555104,
        "robustness": 1.0154159650528962
    },
    {
        "edge": "a1.h4->m1",
        "improvement": 0.013881347656250043,
        "stdev": 0.017364931423689667,
        "robustness": 0.7993897192886559
    },
    {
        "edge": "a1.h11->m1",
        "improvement": 0.013726375579834027,
        "stdev": 0.014729900897771717,
        "robustness": 0.9318715499240392
    }
]