[
    {
        "edge": "full_attack",
        "improvement": 14.288385051727296,
        "stdev": 0.35064284874499657,
        "robustness": 40.74911295886277
    },
    {
        "edge": "input->a0.h4<v>",
        "improvement": 4.692982920169831,
        "stdev": 1.7398910587140415,
        "robustness": 2.6972854976554843
    },
    {
        "edge": "m11->logits",
        "improvement": 3.962843239784241,
        "stdev": 0.18888410695598598,
        "robustness": 20.980289467698135
    },
    {
        "edge": "input->m0",
        "improvement": 3.7622970089912413,
        "stdev": 1.5548498715486418,
        "robustness": 2.419717220186645
    },
    {
        "edge": "a0.h4->m0",
        "improvement": 1.7542316293716427,
        "stdev": 1.0282049682155063,
        "robustness": 1.7061108277041168
    },
    {
        "edge": "m10->logits",
        "improvement": 0.9699009056091308,
        "stdev": 0.1093594184147695,
        "robustness": 8.868928892165187
    },
    {
        "edge": "a11.h9->logits",
        "improvement": 0.917983074188232,
        "stdev": 0.07347198902263082,
        "robustness": 12.494327244978697
    },
    {
        "edge": "a11.h4->logits",
        "improvement": 0.7914777908325199,
        "stdev": 0.055680538495290616,
        "robustness": 14.214621701251364
    },
    {
        "edge": "m0->m1",
        "improvement": 0.7318069190979006,
        "stdev": 0.4627079150149245,
        "robustness": 1.5815742401430424
    },
    {
        "edge": "a11.h8->logits",
        "improvement": 0.6629185676574707,
        "stdev": 0.058517161460281644,
        "robustness": 11.328617983417134
    },
    {
        "edge": "a11.h3->logits",
        "improvement": 0.5548850212097172,
        "stdev": 0.04816161366743641,
        "robustness": 11.521312907854092
    },
    {
        "edge": "a11.h7->logits",
        "improvement": 0.5297277297973633,
        "stdev": 0.037378811311426126,
        "robustness": 14.171872010157628
    },
    {
        "edge": "a11.h1->logits",
        "improvement": 0.4838449401855467,
        "stdev": 0.03556040849426089,
        "robustness": 13.60628183626278
    },
    {
        "edge": "a11.h2->logits",
        "improvement": 0.4306882438659665,
        "stdev": 0.031970475703689015,
        "robustness": 13.471436829958403
    },
    {
        "edge": "m10->a11.h4<v>",
        "improvement": 0.4195759620666504,
        "stdev": 0.04519101705253221,
        "robustness": 9.284499208745737
    },
    {
        "edge": "m10->a11.h9<v>",
        "improvement": 0.3971704368591311,
        "stdev": 0.048592823151791406,
        "robustness": 8.173438197210181
    },
    {
        "edge": "m10->a11.h7<v>",
        "improvement": 0.37355058288574217,
        "stdev": 0.040045054316594574,
        "robustness": 9.328257615346615
    },
    {
        "edge": "a11.h11->logits",
        "improvement": 0.3329383850097658,
        "stdev": 0.03293999560714678,
        "robustness": 10.107420443539171
    },
    {
        "edge": "m9->a10.h1<v>",
        "improvement": 0.2861150588989254,
        "stdev": 0.0952787196752637,
        "robustness": 3.0029272000514373
    },
    {
        "edge": "a11.h6->logits",
        "improvement": 0.22953337860107403,
        "stdev": 0.011418500801166019,
        "robustness": 20.10188400368942
    },
    {
        "edge": "m9->a10.h6<v>",
        "improvement": 0.2219838905334468,
        "stdev": 0.047069759976284375,
        "robustness": 4.7160616634818435
    },
    {
        "edge": "m10->a11.h2<v>",
        "improvement": 0.21475245666503895,
        "stdev": 0.021366044305767894,
        "robustness": 10.051109769863446
    },
    {
        "edge": "a10.h1->logits",
        "improvement": 0.20738185501098627,
        "stdev": 0.02345305209702214,
        "robustness": 8.84242503504769
    },
    {
        "edge": "m0->m2",
        "improvement": 0.19749219894409187,
        "stdev": 0.1622079257335968,
        "robustness": 1.2175249640294667
    },
    {
        "edge": "m9->a11.h9<v>",
        "improvement": 0.18921900939941416,
        "stdev": 0.03602742849550096,
        "robustness": 5.252082019204992
    },
    {
        "edge": "m9->a10.h10<v>",
        "improvement": 0.17924931716918913,
        "stdev": 0.03525375306886434,
        "robustness": 5.084545660118662
    },
    {
        "edge": "m1->a2.h7<v>",
        "improvement": 0.16977537918090846,
        "stdev": 0.18852939398238466,
        "robustness": 0.900524717099401
    },
    {
        "edge": "m10->a11.h11<v>",
        "improvement": 0.16689934921264626,
        "stdev": 0.01800875294647633,
        "robustness": 9.267679428369442
    },
    {
        "edge": "a11.h5->logits",
        "improvement": 0.14305226898193357,
        "stdev": 0.011975354943566484,
        "robustness": 11.945555656267667
    },
    {
        "edge": "input->m1",
        "improvement": 0.1302667427062989,
        "stdev": 0.12987286620503172,
        "robustness": 1.003032785159645
    },
    {
        "edge": "a0.h4->m1",
        "improvement": 0.12415202331543007,
        "stdev": 0.10658264904933443,
        "robustness": 1.1648427246161166
    },
    {
        "edge": "a11.h10->logits",
        "improvement": 0.11055931854248069,
        "stdev": 0.00772899793200324,
        "robustness": 14.30448287283024
    },
    {
        "edge": "a10.h10->logits",
        "improvement": 0.10869157409667984,
        "stdev": 0.013010399845689557,
        "robustness": 8.354207048655017
    },
    {
        "edge": "m1->m3",
        "improvement": 0.10749050903320345,
        "stdev": 0.11680129632357525,
        "robustness": 0.9202852401177288
    },
    {
        "edge": "a11.h11->m11",
        "improvement": 0.0928738403320315,
        "stdev": 0.011897998525746922,
        "robustness": 7.8058372701135585
    },
    {
        "edge": "a11.h0->logits",
        "improvement": 0.08632001495361319,
        "stdev": 0.01138854446047227,
        "robustness": 7.579547610602522
    },
    {
        "edge": "a11.h1->m11",
        "improvement": 0.07927887344360318,
        "stdev": 0.027569253813805802,
        "robustness": 2.875626376362165
    },
    {
        "edge": "m0->m3",
        "improvement": 0.06696210479736298,
        "stdev": 0.06059984057314173,
        "robustness": 1.1049881346889392
    },
    {
        "edge": "m0->a1.h11<v>",
        "improvement": 0.05002315139770541,
        "stdev": 0.06695589698099985,
        "robustness": 0.7471059854802712
    },
    {
        "edge": "m1->a2.h6<v>",
        "improvement": 0.04513663482665997,
        "stdev": 0.05360237015621708,
        "robustness": 0.8420641605047532
    },
    {
        "edge": "m0->a1.h3<v>",
        "improvement": 0.04450432205200183,
        "stdev": 0.06009818120114163,
        "robustness": 0.7405269371306102
    },
    {
        "edge": "a11.h5->m11",
        "improvement": 0.04246218872070351,
        "stdev": 0.010181523763158945,
        "robustness": 4.170514130149129
    },
    {
        "edge": "m0->a2.h6<v>",
        "improvement": 0.03917885971069346,
        "stdev": 0.06227591837707716,
        "robustness": 0.6291173335006909
    },
    {
        "edge": "m0->a1.h4<v>",
        "improvement": 0.03395810317993142,
        "stdev": 0.044555802740705246,
        "robustness": 0.7621477134538979
    },
    {
        "edge": "a1.h3->m1",
        "improvement": 0.019437751770019496,
        "stdev": 0.02491406903830299,
        "robustness": 0.7801917759855213
    },
    {
        "edge": "a1.h11->m1",
        "improvement": 0.017052719116210646,
        "stdev": 0.01957876698410459,
        "robustness": 0.8709802374202233
    },
    {
        "edge": "a10.h9->logits",
        "improvement": 0.014464363098144695,
        "stdev": 0.0034494451675903697,
        "robustness": 4.193243375498809
    },
    {
        "edge": "a1.h4->m1",
        "improvement": 0.01361977767944289,
        "stdev": 0.015689295643815927,
        "robustness": 0.8680936345801633
    },
    {
        "edge": "a10.h11->logits",
        "improvement": 0.009746181488036854,
        "stdev": 0.0024663335958659636,
        "robustness": 3.9516882486510654
    },
    {
        "edge": "a10.h8->logits",
        "improvement": 0.007916847229004098,
        "stdev": 0.0027210537430920703,
        "robustness": 2.9094784508033222
    },
    {
        "edge": "a10.h4->logits",
        "improvement": -0.008818649291992386,
        "stdev": 0.004473372588838937,
        "robustness": -1.9713648073927297
    }
]