[
    {
        "edge": "full_attack",
        "improvement": 13.985197326660156,
        "stdev": 0.6532170598991821,
        "robustness": 21.40972455437499
    },
    {
        "edge": "input->a0.h4<v>",
        "improvement": 4.82383490228653,
        "stdev": 1.4790283050002115,
        "robustness": 3.261489239914066
    },
    {
        "edge": "m11->logits",
        "improvement": 4.732154033660889,
        "stdev": 0.20534257751377585,
        "robustness": 23.045167207679672
    },
    {
        "edge": "input->m0",
        "improvement": 4.127461717605591,
        "stdev": 1.495315692614402,
        "robustness": 2.76026108599794
    },
    {
        "edge": "a0.h4->m0",
        "improvement": 1.794195991992951,
        "stdev": 0.9439169295752384,
        "robustness": 1.9007986145564073
    },
    {
        "edge": "a11.h4->logits",
        "improvement": 0.9511911773681643,
        "stdev": 0.10030522047438421,
        "robustness": 9.482967814333033
    },
    {
        "edge": "a11.h7->logits",
        "improvement": 0.8914528045654304,
        "stdev": 0.0640102222313733,
        "robustness": 13.92672566177255
    },
    {
        "edge": "a11.h8->logits",
        "improvement": 0.8884426136016845,
        "stdev": 0.08277292383525517,
        "robustness": 10.733493181538108
    },
    {
        "edge": "m0->m1",
        "improvement": 0.8822429466247561,
        "stdev": 0.5005996597707476,
        "robustness": 1.7623722457757645
    },
    {
        "edge": "a11.h3->logits",
        "improvement": 0.8163215065002447,
        "stdev": 0.06980367792839672,
        "robustness": 11.694534310034664
    },
    {
        "edge": "a11.h11->logits",
        "improvement": 0.6475704307556152,
        "stdev": 0.06703791978238342,
        "robustness": 9.659763203538233
    },
    {
        "edge": "a11.h1->logits",
        "improvement": 0.6405675201416017,
        "stdev": 0.04960732214329206,
        "robustness": 12.912761513135207
    },
    {
        "edge": "m9->m10",
        "improvement": 0.6080644111633307,
        "stdev": 0.1498250822114303,
        "robustness": 4.058495428056844
    },
    {
        "edge": "m10->a11.h7<v>",
        "improvement": 0.5573449859619144,
        "stdev": 0.06725834082402248,
        "robustness": 8.286630016939833
    },
    {
        "edge": "a11.h2->logits",
        "improvement": 0.5499147148132328,
        "stdev": 0.06741808735261089,
        "robustness": 8.156783089040516
    },
    {
        "edge": "a10.h2->logits",
        "improvement": 0.5080127182006837,
        "stdev": 0.06675731848906095,
        "robustness": 7.609843080859039
    },
    {
        "edge": "m10->a11.h3<v>",
        "improvement": 0.46890815353393567,
        "stdev": 0.04660724071001809,
        "robustness": 10.060843473901368
    },
    {
        "edge": "m9->a10.h1<v>",
        "improvement": 0.465136615753174,
        "stdev": 0.14425345436359108,
        "robustness": 3.224440051056222
    },
    {
        "edge": "m9->a10.h2<v>",
        "improvement": 0.4325483169555664,
        "stdev": 0.10524776582803538,
        "robustness": 4.109809966534665
    },
    {
        "edge": "a11.h0->logits",
        "improvement": 0.39238880920410146,
        "stdev": 0.03478238141111777,
        "robustness": 11.281251981173407
    },
    {
        "edge": "m10->a11.h1<v>",
        "improvement": 0.36971924972534254,
        "stdev": 0.053963446798251574,
        "robustness": 6.851290487569847
    },
    {
        "edge": "a11.h5->logits",
        "improvement": 0.3369947128295898,
        "stdev": 0.02692362949851387,
        "robustness": 12.516689581105373
    },
    {
        "edge": "m10->a11.h5<v>",
        "improvement": 0.30582477951049825,
        "stdev": 0.05038228144714944,
        "robustness": 6.070085965267485
    },
    {
        "edge": "m9->a10.h10<v>",
        "improvement": 0.2944674263000495,
        "stdev": 0.06487346962818644,
        "robustness": 4.539104012591741
    },
    {
        "edge": "m1->a2.h7<v>",
        "improvement": 0.29280019760131903,
        "stdev": 0.23304570015369525,
        "robustness": 1.2564067794780822
    },
    {
        "edge": "a10.h1->logits",
        "improvement": 0.2856238937377933,
        "stdev": 0.04440500060125763,
        "robustness": 6.4322461405327385
    },
    {
        "edge": "a11.h7->m11",
        "improvement": 0.2809409751892096,
        "stdev": 0.037755745337461406,
        "robustness": 7.441012557907546
    },
    {
        "edge": "m10->a11.h11<v>",
        "improvement": 0.2611463432312018,
        "stdev": 0.03763033214266062,
        "robustness": 6.939783104788127
    },
    {
        "edge": "m10->a11.h8<v>",
        "improvement": 0.24632574844360366,
        "stdev": 0.040446962135443285,
        "robustness": 6.090092690243126
    },
    {
        "edge": "a11.h0->m11",
        "improvement": 0.22681710052490267,
        "stdev": 0.027770113508755436,
        "robustness": 8.167669190599137
    },
    {
        "edge": "a11.h5->m11",
        "improvement": 0.21713134384155275,
        "stdev": 0.030648010225470007,
        "robustness": 7.084679959454787
    },
    {
        "edge": "m9->a10.h5<v>",
        "improvement": 0.2102715759277345,
        "stdev": 0.03651515989196816,
        "robustness": 5.75847337242485
    },
    {
        "edge": "a11.h3->m11",
        "improvement": 0.19470815277099618,
        "stdev": 0.03297049748861894,
        "robustness": 5.9055266860382485
    },
    {
        "edge": "m0->m2",
        "improvement": 0.17080116271972656,
        "stdev": 0.13062188896005458,
        "robustness": 1.307599852364401
    },
    {
        "edge": "a11.h11->m11",
        "improvement": 0.16997669219970746,
        "stdev": 0.03959676806734825,
        "robustness": 4.292691057780328
    },
    {
        "edge": "m2->m3",
        "improvement": 0.1687016601562501,
        "stdev": 0.23401740245491628,
        "robustness": 0.7208936531493664
    },
    {
        "edge": "a10.h10->logits",
        "improvement": 0.1635737266540529,
        "stdev": 0.016125768536034445,
        "robustness": 10.143623622559945
    },
    {
        "edge": "a11.h1->m11",
        "improvement": 0.16083046722412142,
        "stdev": 0.034006386589902515,
        "robustness": 4.729419481218174
    },
    {
        "edge": "input->m1",
        "improvement": 0.1509984970092777,
        "stdev": 0.12507898496286354,
        "robustness": 1.2072251550019355
    },
    {
        "edge": "a0.h4->m1",
        "improvement": 0.14175038909912185,
        "stdev": 0.10768185961173996,
        "robustness": 1.316381325603218
    },
    {
        "edge": "m9->a11.h3<v>",
        "improvement": 0.1320899620056153,
        "stdev": 0.020548330986357374,
        "robustness": 6.428257462531317
    },
    {
        "edge": "m1->m3",
        "improvement": 0.10819184875488297,
        "stdev": 0.11311869551761505,
        "robustness": 0.956445336111882
    },
    {
        "edge": "m10->a11.h4<v>",
        "improvement": 0.1067977409362797,
        "stdev": 0.06451099305590072,
        "robustness": 1.6554967746929
    },
    {
        "edge": "m0->m3",
        "improvement": 0.07052864456176788,
        "stdev": 0.060293414854982866,
        "robustness": 1.169757007981762
    },
    {
        "edge": "m0->a1.h11<v>",
        "improvement": 0.06744708251953124,
        "stdev": 0.06093227968547333,
        "robustness": 1.1069187443451436
    },
    {
        "edge": "m0->a1.h3<v>",
        "improvement": 0.06082262802124028,
        "stdev": 0.06352823535713661,
        "robustness": 0.9574109477355033
    },
    {
        "edge": "a10.h5->logits",
        "improvement": 0.05649974060058671,
        "stdev": 0.014563892140090157,
        "robustness": 3.8794396482145985
    },
    {
        "edge": "m0->a1.h4<v>",
        "improvement": 0.05168997192382818,
        "stdev": 0.04343725824280159,
        "robustness": 1.1899915882097423
    },
    {
        "edge": "a10.h4->logits",
        "improvement": 0.04054951858520539,
        "stdev": 0.0057424862640017855,
        "robustness": 7.061317471388693
    },
    {
        "edge": "a10.h8->m10",
        "improvement": 0.0222197303771976,
        "stdev": 0.01596738088355431,
        "robustness": 1.3915701353427932
    },
    {
        "edge": "a10.h0->logits",
        "improvement": 0.013495353698730561,
        "stdev": 0.005691736512715205,
        "robustness": 2.371043295588659
    }
]