[
    {
        "edge": "full_attack",
        "improvement": 14.41224426651001,
        "stdev": 0.5564980323757819,
        "robustness": 25.898104625782345
    },
    {
        "edge": "input->m0",
        "improvement": 5.63355658698082,
        "stdev": 1.5885142435771233,
        "robustness": 3.5464312704523175
    },
    {
        "edge": "input->a0.h4<v>",
        "improvement": 5.5403225958347315,
        "stdev": 1.4987545684587307,
        "robustness": 3.696617653370835
    },
    {
        "edge": "m11->logits",
        "improvement": 4.813642584562301,
        "stdev": 0.1688179618777521,
        "robustness": 28.513805823861645
    },
    {
        "edge": "a0.h4->m0",
        "improvement": 1.9968838996887204,
        "stdev": 0.9571262170910495,
        "robustness": 2.0863328827808725
    },
    {
        "edge": "m2->m3",
        "improvement": 0.9648135242462157,
        "stdev": 0.7056376938448171,
        "robustness": 1.3672930636531389
    },
    {
        "edge": "m10->logits",
        "improvement": 0.8489365043640138,
        "stdev": 0.06651839424126604,
        "robustness": 12.762432317365814
    },
    {
        "edge": "a11.h6->logits",
        "improvement": 0.8129731025695799,
        "stdev": 0.04726288441530828,
        "robustness": 17.20108945162604
    },
    {
        "edge": "m0->m1",
        "improvement": 0.7897766418457026,
        "stdev": 0.5190629428566759,
        "robustness": 1.5215431051562787
    },
    {
        "edge": "a11.h8->logits",
        "improvement": 0.6714888877868646,
        "stdev": 0.04699282292326007,
        "robustness": 14.289179623948431
    },
    {
        "edge": "a11.h10->logits",
        "improvement": 0.6610378036499025,
        "stdev": 0.03333309199636045,
        "robustness": 19.83127769011286
    },
    {
        "edge": "m0->a2.h7<v>",
        "improvement": 0.611279409408569,
        "stdev": 0.577218526500501,
        "robustness": 1.0590086446368392
    },
    {
        "edge": "a11.h3->logits",
        "improvement": 0.5348837852478026,
        "stdev": 0.03728303124611751,
        "robustness": 14.346574497037523
    },
    {
        "edge": "m0->m2",
        "improvement": 0.4581022186279293,
        "stdev": 0.38221063820901063,
        "robustness": 1.1985595711687587
    },
    {
        "edge": "m9->m10",
        "improvement": 0.3849015007019041,
        "stdev": 0.06057320244473729,
        "robustness": 6.3543198174648445
    },
    {
        "edge": "input->m1",
        "improvement": 0.3642780876159666,
        "stdev": 0.34620883220235116,
        "robustness": 1.0521917806044139
    },
    {
        "edge": "m10->a11.h11<v>",
        "improvement": 0.36136424255371047,
        "stdev": 0.02506496580175518,
        "robustness": 14.41710495086356
    },
    {
        "edge": "m9->a10.h2<v>",
        "improvement": 0.3510984191894533,
        "stdev": 0.06812437710974384,
        "robustness": 5.153785386160039
    },
    {
        "edge": "m9->a10.h8<v>",
        "improvement": 0.3293579101562498,
        "stdev": 0.07412379656332956,
        "robustness": 4.4433491729589765
    },
    {
        "edge": "a11.h7->logits",
        "improvement": 0.32407044219970693,
        "stdev": 0.014219702537752281,
        "robustness": 22.790240607306895
    },
    {
        "edge": "a11.h11->logits",
        "improvement": 0.3198563308715814,
        "stdev": 0.020258073490867664,
        "robustness": 15.789079401640663
    },
    {
        "edge": "a10.h8->logits",
        "improvement": 0.3177691001892091,
        "stdev": 0.027582104303436907,
        "robustness": 11.520843250150898
    },
    {
        "edge": "m10->a11.h10<v>",
        "improvement": 0.31145422744750917,
        "stdev": 0.03131118379133204,
        "robustness": 9.947060115105897
    },
    {
        "edge": "a0.h4->m1",
        "improvement": 0.30256490707397443,
        "stdev": 0.28753845902510966,
        "robustness": 1.0522589155545017
    },
    {
        "edge": "m10->a11.h6<v>",
        "improvement": 0.2877016143798823,
        "stdev": 0.024259670635622475,
        "robustness": 11.859254756634094
    },
    {
        "edge": "m10->a11.h8<v>",
        "improvement": 0.27829159927368163,
        "stdev": 0.025902046479892433,
        "robustness": 10.744000459180603
    },
    {
        "edge": "a11.h6->m11",
        "improvement": 0.24028786087036114,
        "stdev": 0.03306856288402781,
        "robustness": 7.2663532949120295
    },
    {
        "edge": "a11.h0->logits",
        "improvement": 0.2307409591674805,
        "stdev": 0.02116099279762756,
        "robustness": 10.904070587526958
    },
    {
        "edge": "m1->m2",
        "improvement": 0.22829063034057562,
        "stdev": 0.25309418443484233,
        "robustness": 0.9019987197665056
    },
    {
        "edge": "a11.h4->logits",
        "improvement": 0.20475862503051712,
        "stdev": 0.011612188574081451,
        "robustness": 17.63307784094558
    },
    {
        "edge": "a10.h2->m10",
        "improvement": 0.187522609710693,
        "stdev": 0.02880446436679334,
        "robustness": 6.510192563305386
    },
    {
        "edge": "a11.h5->m11",
        "improvement": 0.17595712280273457,
        "stdev": 0.03863743673846477,
        "robustness": 4.554057868636088
    },
    {
        "edge": "a11.h4->m11",
        "improvement": 0.17310089111328075,
        "stdev": 0.01579030930487563,
        "robustness": 10.962476273965816
    },
    {
        "edge": "m9->a10.h6<v>",
        "improvement": 0.16586952209472638,
        "stdev": 0.032075196670787655,
        "robustness": 5.171270617517096
    },
    {
        "edge": "m0->a1.h11<v>",
        "improvement": 0.15795003128051732,
        "stdev": 0.1553954278307702,
        "robustness": 1.0164393733162416
    },
    {
        "edge": "m9->a10.h10<v>",
        "improvement": 0.14274866867065406,
        "stdev": 0.02837851678455247,
        "robustness": 5.030166648750216
    },
    {
        "edge": "m0->a1.h3<v>",
        "improvement": 0.1393556404113765,
        "stdev": 0.1421798110155292,
        "robustness": 0.9801366271063319
    },
    {
        "edge": "m8->a10.h8<v>",
        "improvement": 0.11453437423705992,
        "stdev": 0.036144050634169575,
        "robustness": 3.1688306160345605
    },
    {
        "edge": "a10.h2->logits",
        "improvement": 0.10645330047607438,
        "stdev": 0.012017611689357369,
        "robustness": 8.858107852689894
    },
    {
        "edge": "m0->a1.h4<v>",
        "improvement": 0.10512937164306635,
        "stdev": 0.1141640612800852,
        "robustness": 0.920862226380914
    },
    {
        "edge": "a10.h6->logits",
        "improvement": 0.09807529067993137,
        "stdev": 0.012051869791023307,
        "robustness": 8.137765540163867
    },
    {
        "edge": "a11.h2->logits",
        "improvement": 0.08858931732177666,
        "stdev": 0.006021739513941823,
        "robustness": 14.71158244501782
    },
    {
        "edge": "m9->a11.h6<v>",
        "improvement": 0.08452014541625985,
        "stdev": 0.01057255474248406,
        "robustness": 7.994297260682855
    },
    {
        "edge": "a11.h11->m11",
        "improvement": 0.0811796684265138,
        "stdev": 0.021385945837792825,
        "robustness": 3.7959353793487445
    },
    {
        "edge": "m10->a11.h3<v>",
        "improvement": 0.07911476516723592,
        "stdev": 0.016231013557481196,
        "robustness": 4.8742960436238665
    },
    {
        "edge": "m9->a10.h9<v>",
        "improvement": 0.06826197433471659,
        "stdev": 0.011513822124826807,
        "robustness": 5.928698011368957
    },
    {
        "edge": "a11.h9->logits",
        "improvement": 0.0573188934326172,
        "stdev": 0.008956628210629099,
        "robustness": 6.399606200533718
    },
    {
        "edge": "m9->a11.h8<v>",
        "improvement": 0.055659339904784666,
        "stdev": 0.017459633684497256,
        "robustness": 3.187887037641899
    },
    {
        "edge": "m10->a11.h5<v>",
        "improvement": 0.048104316711425454,
        "stdev": 0.014348557362291636,
        "robustness": 3.352554232235555
    },
    {
        "edge": "a10.h3->logits",
        "improvement": 0.03971655273437502,
        "stdev": 0.004987528532741549,
        "robustness": 7.963173037236459
    },
    {
        "edge": "m10->a11.h5<k>",
        "improvement": 0.02706119918823191,
        "stdev": 0.012635559905740286,
        "robustness": 2.141669968731509
    }
]