[
    {
        "edge": "full_attack",
        "improvement": 14.829802749633789,
        "stdev": 0.38425588001206956,
        "robustness": 38.59356101243781
    },
    {
        "edge": "m11->logits",
        "improvement": 4.510489009857178,
        "stdev": 0.13662806583541223,
        "robustness": 33.01290245366349
    },
    {
        "edge": "input->a0.h4<v>",
        "improvement": 3.4845642032623294,
        "stdev": 1.2450995172379538,
        "robustness": 2.798623045804608
    },
    {
        "edge": "input->m0",
        "improvement": 2.9888517284393314,
        "stdev": 1.0346015194962381,
        "robustness": 2.8888916864288436
    },
    {
        "edge": "a0.h4->m0",
        "improvement": 1.0948961372375487,
        "stdev": 0.49041847958830054,
        "robustness": 2.232575204255555
    },
    {
        "edge": "a11.h8->logits",
        "improvement": 0.8022963409423829,
        "stdev": 0.0412074283039794,
        "robustness": 19.469701798034922
    },
    {
        "edge": "m10->logits",
        "improvement": 0.727478527069092,
        "stdev": 0.06029491426686971,
        "robustness": 12.065338112087177
    },
    {
        "edge": "a11.h6->logits",
        "improvement": 0.6906177787780763,
        "stdev": 0.02860893231588848,
        "robustness": 24.139935428297317
    },
    {
        "edge": "a11.h5->logits",
        "improvement": 0.6687006340026862,
        "stdev": 0.03309537415673982,
        "robustness": 20.205259829839584
    },
    {
        "edge": "a11.h10->logits",
        "improvement": 0.6413411140441898,
        "stdev": 0.024607068093889052,
        "robustness": 26.063288466432994
    },
    {
        "edge": "m9->m10",
        "improvement": 0.629816371917725,
        "stdev": 0.11583084498779993,
        "robustness": 5.437380448912908
    },
    {
        "edge": "m10->a11.h10<v>",
        "improvement": 0.5344873962402348,
        "stdev": 0.0306308838497622,
        "robustness": 17.44929721459488
    },
    {
        "edge": "m1->a2.h7<v>",
        "improvement": 0.49494327163696283,
        "stdev": 0.2699652746547452,
        "robustness": 1.8333590209701558
    },
    {
        "edge": "m0->m1",
        "improvement": 0.4890290069580079,
        "stdev": 0.15910360341829496,
        "robustness": 3.073651359562957
    },
    {
        "edge": "m10->a11.h8<v>",
        "improvement": 0.484881355285645,
        "stdev": 0.03210185198975085,
        "robustness": 15.104466727977343
    },
    {
        "edge": "m2->m3",
        "improvement": 0.4538810081481932,
        "stdev": 0.18297252576128523,
        "robustness": 2.4805965062773865
    },
    {
        "edge": "m10->a11.h5<v>",
        "improvement": 0.45375722122192386,
        "stdev": 0.030331278614359008,
        "robustness": 14.960042634243335
    },
    {
        "edge": "m10->a11.h0<v>",
        "improvement": 0.4476791534423832,
        "stdev": 0.03180020499578907,
        "robustness": 14.077870048374347
    },
    {
        "edge": "a11.h0->logits",
        "improvement": 0.41918727111816434,
        "stdev": 0.02310697241260102,
        "robustness": 18.141159457548287
    },
    {
        "edge": "a11.h10->m11",
        "improvement": 0.3493690299987797,
        "stdev": 0.02528045156212125,
        "robustness": 13.819730598572606
    },
    {
        "edge": "m10->a11.h7<v>",
        "improvement": 0.3373580894470214,
        "stdev": 0.022354313092270147,
        "robustness": 15.091409342552144
    },
    {
        "edge": "a10.h8->logits",
        "improvement": 0.3075186843872073,
        "stdev": 0.017409001592917358,
        "robustness": 17.66434925896713
    },
    {
        "edge": "m1->m3",
        "improvement": 0.2913128013610846,
        "stdev": 0.2298499666227765,
        "robustness": 1.2674041490690282
    },
    {
        "edge": "m9->a10.h8<v>",
        "improvement": 0.28914894485473663,
        "stdev": 0.04711697684656365,
        "robustness": 6.13683143968149
    },
    {
        "edge": "a10.h8->m10",
        "improvement": 0.27531352615356486,
        "stdev": 0.03925238955115907,
        "robustness": 7.013930344157487
    },
    {
        "edge": "m8->m9",
        "improvement": 0.27479574203491275,
        "stdev": 0.10422293373995199,
        "robustness": 2.6366149193282085
    },
    {
        "edge": "m10->a11.h6<v>",
        "improvement": 0.2611132583618163,
        "stdev": 0.01754244541875418,
        "robustness": 14.884655595545807
    },
    {
        "edge": "a11.h7->logits",
        "improvement": 0.25982043457031256,
        "stdev": 0.012630833667049065,
        "robustness": 20.57033141431703
    },
    {
        "edge": "a2.h7->m4",
        "improvement": 0.24106119918823232,
        "stdev": 0.10650716731353255,
        "robustness": 2.2633331189684514
    },
    {
        "edge": "a11.h8->m11",
        "improvement": 0.23820452117919988,
        "stdev": 0.025912026881994267,
        "robustness": 9.192816998222678
    },
    {
        "edge": "a9.h7->m9",
        "improvement": 0.22788970565795896,
        "stdev": 0.09378126186111067,
        "robustness": 2.430013215171511
    },
    {
        "edge": "a11.h5->m11",
        "improvement": 0.21962620162963908,
        "stdev": 0.025096822712932464,
        "robustness": 8.751155639971312
    },
    {
        "edge": "a11.h4->logits",
        "improvement": 0.209360378265381,
        "stdev": 0.007693253455833532,
        "robustness": 27.213503294452124
    },
    {
        "edge": "m0->m2",
        "improvement": 0.17879893112182632,
        "stdev": 0.09911564751357088,
        "robustness": 1.8039425217632286
    },
    {
        "edge": "m9->a10.h6<v>",
        "improvement": 0.14967971420288073,
        "stdev": 0.028409189933151086,
        "robustness": 5.268707575087079
    },
    {
        "edge": "a11.h6->m11",
        "improvement": 0.1470543060302738,
        "stdev": 0.0130510708989378,
        "robustness": 11.267604564330599
    },
    {
        "edge": "a8.h7->m8",
        "improvement": 0.13130494689941408,
        "stdev": 0.04648634320944785,
        "robustness": 2.8245918657832343
    },
    {
        "edge": "input->m1",
        "improvement": 0.12712921142578182,
        "stdev": 0.08258296043267041,
        "robustness": 1.5394121348971233
    },
    {
        "edge": "a0.h4->m1",
        "improvement": 0.1169216499328618,
        "stdev": 0.06862405235001821,
        "robustness": 1.7037998475592906
    },
    {
        "edge": "a11.h4->m11",
        "improvement": 0.10871963500976634,
        "stdev": 0.009311340474252229,
        "robustness": 11.676045496392112
    },
    {
        "edge": "m8->a9.h4<v>",
        "improvement": 0.09542875289917063,
        "stdev": 0.023494899543055534,
        "robustness": 4.061679545566596
    },
    {
        "edge": "a11.h9->logits",
        "improvement": 0.0863981971740726,
        "stdev": 0.00574186897994008,
        "robustness": 15.047051313068138
    },
    {
        "edge": "a11.h2->logits",
        "improvement": 0.07568841552734362,
        "stdev": 0.004938754472740136,
        "robustness": 15.325405614940385
    },
    {
        "edge": "m10->a11.h3<v>",
        "improvement": 0.06933476638793934,
        "stdev": 0.007769251675586855,
        "robustness": 8.924252847389205
    },
    {
        "edge": "a11.h1->logits",
        "improvement": 0.0656078720092772,
        "stdev": 0.004438206864189425,
        "robustness": 14.782517808858271
    },
    {
        "edge": "m0->a1.h4<v>",
        "improvement": 0.06299434661865266,
        "stdev": 0.021402703531006484,
        "robustness": 2.943289221728069
    },
    {
        "edge": "m0->a1.h11<v>",
        "improvement": 0.06196084594726603,
        "stdev": 0.023081171259555174,
        "robustness": 2.6844758114957186
    },
    {
        "edge": "m0->a1.h3<v>",
        "improvement": 0.055187595367431896,
        "stdev": 0.022752250625499952,
        "robustness": 2.4255884077498475
    },
    {
        "edge": "m9->a10.h9<v>",
        "improvement": 0.04967049789428746,
        "stdev": 0.008133408999423743,
        "robustness": 6.106971615199314
    },
    {
        "edge": "a1.h4->m1",
        "improvement": 0.031324314117432195,
        "stdev": 0.009575905260678922,
        "robustness": 3.271159568177613
    },
    {
        "edge": "m10->a11.h0<k>",
        "improvement": 0.007821605682373445,
        "stdev": 0.00318509667787948,
        "robustness": 2.455688625307531
    }
]