[
    {
        "edge": "full_attack",
        "improvement": 11.75666876888275,
        "stdev": 0.9185875032005866,
        "robustness": 12.79863783027703
    },
    {
        "edge": "input->a0.h4<v>",
        "improvement": 6.971923213481903,
        "stdev": 1.2223796328648748,
        "robustness": 5.703566245734886
    },
    {
        "edge": "input->m0",
        "improvement": 6.849609951496124,
        "stdev": 1.1428162283903325,
        "robustness": 5.993623280222284
    },
    {
        "edge": "m11->logits",
        "improvement": 4.456465297937393,
        "stdev": 0.2730996820742479,
        "robustness": 16.31809039135318
    },
    {
        "edge": "a0.h4->m0",
        "improvement": 4.385767210841179,
        "stdev": 1.1054092915406628,
        "robustness": 3.96755052124496
    },
    {
        "edge": "m0->m1",
        "improvement": 2.2827375392913813,
        "stdev": 0.6236343166685774,
        "robustness": 3.66037833114388
    },
    {
        "edge": "a11.h6->logits",
        "improvement": 1.2004406690597533,
        "stdev": 0.12587556238960998,
        "robustness": 9.536725368059528
    },
    {
        "edge": "a11.h3->logits",
        "improvement": 1.1970875878334044,
        "stdev": 0.10183962583078912,
        "robustness": 11.75463458420808
    },
    {
        "edge": "a11.h10->logits",
        "improvement": 0.981256779193878,
        "stdev": 0.10397979783369928,
        "robustness": 9.436994489672475
    },
    {
        "edge": "a11.h8->logits",
        "improvement": 0.8819144787788389,
        "stdev": 0.09055288623927159,
        "robustness": 9.739219978571642
    },
    {
        "edge": "a11.h5->logits",
        "improvement": 0.8634867081642148,
        "stdev": 0.08259085165510567,
        "robustness": 10.454992179643362
    },
    {
        "edge": "a11.h0->logits",
        "improvement": 0.6556475715637204,
        "stdev": 0.07028620500796172,
        "robustness": 9.328253979418173
    },
    {
        "edge": "m0->m2",
        "improvement": 0.5541018624305725,
        "stdev": 0.19093587336922324,
        "robustness": 2.902031203738624
    },
    {
        "edge": "a11.h10->m11",
        "improvement": 0.5407008342742916,
        "stdev": 0.09889672213863789,
        "robustness": 5.4673281639841695
    },
    {
        "edge": "m9->a10.h8<v>",
        "improvement": 0.538469962596893,
        "stdev": 0.08955843551618667,
        "robustness": 6.01249853789117
    },
    {
        "edge": "m9->a10.h1<v>",
        "improvement": 0.49214071464538556,
        "stdev": 0.11804859933257353,
        "robustness": 4.1689669968797975
    },
    {
        "edge": "m10->a11.h5<v>",
        "improvement": 0.4748679823875426,
        "stdev": 0.07298158734030973,
        "robustness": 6.506682023415788
    },
    {
        "edge": "m10->a11.h0<v>",
        "improvement": 0.4285197849273681,
        "stdev": 0.0978385301893155,
        "robustness": 4.3798673600082845
    },
    {
        "edge": "m2->m3",
        "improvement": 0.4278732411861417,
        "stdev": 0.1601509763667511,
        "robustness": 2.6716867476742547
    },
    {
        "edge": "a11.h7->logits",
        "improvement": 0.4263122091293332,
        "stdev": 0.04063144735717896,
        "robustness": 10.492173842141272
    },
    {
        "edge": "a9.h4->m9",
        "improvement": 0.37260914897918695,
        "stdev": 0.15477687855603897,
        "robustness": 2.407395422723162
    },
    {
        "edge": "m10->a11.h7<v>",
        "improvement": 0.3696958999633786,
        "stdev": 0.05860135894251028,
        "robustness": 6.308657454958707
    },
    {
        "edge": "a10.h10->logits",
        "improvement": 0.35716422843933104,
        "stdev": 0.04815021422168596,
        "robustness": 7.417707983497838
    },
    {
        "edge": "a0.h4->m1",
        "improvement": 0.35697804403305033,
        "stdev": 0.12095676559796752,
        "robustness": 2.951286290339172
    },
    {
        "edge": "input->m1",
        "improvement": 0.33076236820220917,
        "stdev": 0.11947547576571009,
        "robustness": 2.7684540788172294
    },
    {
        "edge": "m1->m3",
        "improvement": 0.32824957370758057,
        "stdev": 0.1588085931854096,
        "robustness": 2.066950957271865
    },
    {
        "edge": "m10->a11.h3<v>",
        "improvement": 0.318251745223999,
        "stdev": 0.06579838582703004,
        "robustness": 4.836771316254097
    },
    {
        "edge": "a10.h1->logits",
        "improvement": 0.31347627544403034,
        "stdev": 0.04521569519891012,
        "robustness": 6.932908452806148
    },
    {
        "edge": "a11.h11->logits",
        "improvement": 0.30541165542602533,
        "stdev": 0.03625197773506388,
        "robustness": 8.424689479234205
    },
    {
        "edge": "a11.h3->m11",
        "improvement": 0.30304330158233617,
        "stdev": 0.047478130551196776,
        "robustness": 6.3827976810409055
    },
    {
        "edge": "m9->a11.h5<v>",
        "improvement": 0.293239137649536,
        "stdev": 0.06048589735980666,
        "robustness": 4.848057984577339
    },
    {
        "edge": "a11.h0->m11",
        "improvement": 0.2694414243698118,
        "stdev": 0.05166581171976505,
        "robustness": 5.21508160621302
    },
    {
        "edge": "m9->a10.h5<v>",
        "improvement": 0.25596198177337603,
        "stdev": 0.04899749093576796,
        "robustness": 5.223981409760818
    },
    {
        "edge": "a10.h9->logits",
        "improvement": 0.24127389669418298,
        "stdev": 0.03534255588283144,
        "robustness": 6.826724628916496
    },
    {
        "edge": "m3->m4",
        "improvement": 0.22589141082763664,
        "stdev": 0.08444930460596209,
        "robustness": 2.6748759137998728
    },
    {
        "edge": "m0->a1.h11<v>",
        "improvement": 0.22257653808593725,
        "stdev": 0.1009475213304003,
        "robustness": 2.20487373194084
    },
    {
        "edge": "a10.h8->m10",
        "improvement": 0.21527910423278795,
        "stdev": 0.04708950513343446,
        "robustness": 4.571700289114647
    },
    {
        "edge": "m9->a11.h0<v>",
        "improvement": 0.20367797660827636,
        "stdev": 0.047135956774395193,
        "robustness": 4.321074409990902
    },
    {
        "edge": "a11.h5->m11",
        "improvement": 0.2009916725158689,
        "stdev": 0.040533638028909566,
        "robustness": 4.958638856263453
    },
    {
        "edge": "m0->a1.h3<v>",
        "improvement": 0.1957426171302794,
        "stdev": 0.08749424782756819,
        "robustness": 2.2372055533987196
    },
    {
        "edge": "m0->a1.h4<v>",
        "improvement": 0.19409753322601286,
        "stdev": 0.08845608799999703,
        "robustness": 2.1942812260250464
    },
    {
        "edge": "m9->a10.h4<v>",
        "improvement": 0.187757270812988,
        "stdev": 0.0409071200666986,
        "robustness": 4.589843296395636
    },
    {
        "edge": "m9->a11.h3<v>",
        "improvement": 0.18195896434783876,
        "stdev": 0.04797055785880307,
        "robustness": 3.7931383846612388
    },
    {
        "edge": "a1.h10->m2",
        "improvement": 0.17498169612884507,
        "stdev": 0.15043033394335883,
        "robustness": 1.1632075229902135
    },
    {
        "edge": "a10.h1->m11",
        "improvement": 0.17268055391311599,
        "stdev": 0.038005426911766116,
        "robustness": 4.543576219101903
    },
    {
        "edge": "a11.h1->logits",
        "improvement": 0.1499016962051387,
        "stdev": 0.026939762476157453,
        "robustness": 5.564328799773438
    },
    {
        "edge": "m0->a2.h7<v>",
        "improvement": 0.13865446853637664,
        "stdev": 0.15845573220064862,
        "robustness": 0.875035990246171
    },
    {
        "edge": "a11.h7->m11",
        "improvement": 0.12985128736495977,
        "stdev": 0.026717493115153385,
        "robustness": 4.860159851274067
    },
    {
        "edge": "a10.h4->logits",
        "improvement": 0.05938945102691662,
        "stdev": 0.013435401443862271,
        "robustness": 4.420370412828093
    },
    {
        "edge": "a10.h5->logits",
        "improvement": 0.05711327743530248,
        "stdev": 0.014347250332763526,
        "robustness": 3.9807821088113324
    },
    {
        "edge": "a10.h0->logits",
        "improvement": 0.04633154678344731,
        "stdev": 0.010232325264373142,
        "robustness": 4.527958756819846
    }
]