[
    {
        "edge": "full_attack",
        "improvement": 14.299168704986574,
        "stdev": 0.7486049135050659,
        "robustness": 19.10108850079009
    },
    {
        "edge": "input->a0.h4<v>",
        "improvement": 9.01619022512436,
        "stdev": 1.643516932073399,
        "robustness": 5.48591258731352
    },
    {
        "edge": "input->m0",
        "improvement": 8.678748636245729,
        "stdev": 1.5493591958270523,
        "robustness": 5.601508455638002
    },
    {
        "edge": "a0.h4->m0",
        "improvement": 5.126261440992356,
        "stdev": 1.5016241910365506,
        "robustness": 3.4138111729898064
    },
    {
        "edge": "m11->logits",
        "improvement": 4.19120307970047,
        "stdev": 0.21324534996557717,
        "robustness": 19.654370331531396
    },
    {
        "edge": "m0->m1",
        "improvement": 1.656731637954712,
        "stdev": 0.8466125124630962,
        "robustness": 1.9568948173641938
    },
    {
        "edge": "m10->logits",
        "improvement": 0.7594829425811769,
        "stdev": 0.11915007802892529,
        "robustness": 6.374170752928942
    },
    {
        "edge": "a11.h6->logits",
        "improvement": 0.7465606803894049,
        "stdev": 0.09657275995669899,
        "robustness": 7.7305513555183225
    },
    {
        "edge": "a11.h3->logits",
        "improvement": 0.6966382904052741,
        "stdev": 0.05576122081960492,
        "robustness": 12.493239569825652
    },
    {
        "edge": "a11.h5->logits",
        "improvement": 0.4772369785308843,
        "stdev": 0.06068926537566174,
        "robustness": 7.863614357116127
    },
    {
        "edge": "m0->m2",
        "improvement": 0.45755201148986835,
        "stdev": 0.32617220252321943,
        "robustness": 1.402792782310431
    },
    {
        "edge": "m2->m3",
        "improvement": 0.4208329696655273,
        "stdev": 0.3639865123808907,
        "robustness": 1.1561773729273521
    },
    {
        "edge": "m9->a10.h8<v>",
        "improvement": 0.40460359764099163,
        "stdev": 0.08739396481518087,
        "robustness": 4.6296514696025035
    },
    {
        "edge": "m10->a11.h6<v>",
        "improvement": 0.3250332679748542,
        "stdev": 0.0519969929500023,
        "robustness": 6.251001250925989
    },
    {
        "edge": "m10->a11.h3<v>",
        "improvement": 0.3228966255187995,
        "stdev": 0.03501065424993725,
        "robustness": 9.222810382624548
    },
    {
        "edge": "m10->a11.h5<v>",
        "improvement": 0.3016143703460701,
        "stdev": 0.06169279836919466,
        "robustness": 4.888972105643314
    },
    {
        "edge": "m1->m3",
        "improvement": 0.2966967315673834,
        "stdev": 0.25959609520701604,
        "robustness": 1.1429167735777432
    },
    {
        "edge": "input->m1",
        "improvement": 0.28534999847412124,
        "stdev": 0.25540227159724754,
        "robustness": 1.1172570889428082
    },
    {
        "edge": "a2.h7->m4",
        "improvement": 0.2775928077697758,
        "stdev": 0.28405178465528974,
        "robustness": 0.9772612698302452
    },
    {
        "edge": "a11.h3->m11",
        "improvement": 0.2566242485046386,
        "stdev": 0.035039926948385876,
        "robustness": 7.323766652899945
    },
    {
        "edge": "a0.h4->m1",
        "improvement": 0.25542592620849636,
        "stdev": 0.2049254306448578,
        "robustness": 1.2464335217192126
    },
    {
        "edge": "a11.h0->logits",
        "improvement": 0.2518157119750981,
        "stdev": 0.022396769262042877,
        "robustness": 11.243394483768917
    },
    {
        "edge": "m10->a11.h7<v>",
        "improvement": 0.24332784271240282,
        "stdev": 0.03868976295405668,
        "robustness": 6.289204795629008
    },
    {
        "edge": "a11.h9->logits",
        "improvement": 0.23640907287597646,
        "stdev": 0.02593730000549046,
        "robustness": 9.114636944706385
    },
    {
        "edge": "m9->a10.h10<v>",
        "improvement": 0.23530511474609384,
        "stdev": 0.054938128343865224,
        "robustness": 4.28309303282571
    },
    {
        "edge": "a11.h7->logits",
        "improvement": 0.22091558074951223,
        "stdev": 0.022162663968796764,
        "robustness": 9.967916359718465
    },
    {
        "edge": "a11.h6->m11",
        "improvement": 0.21576643371582094,
        "stdev": 0.039622758981747455,
        "robustness": 5.445517658556172
    },
    {
        "edge": "a11.h1->logits",
        "improvement": 0.2144361228942877,
        "stdev": 0.025138978501589786,
        "robustness": 8.53002531032543
    },
    {
        "edge": "a11.h11->logits",
        "improvement": 0.2114394760131839,
        "stdev": 0.019881499377457194,
        "robustness": 10.634986426271569
    },
    {
        "edge": "m10->m11",
        "improvement": 0.17795108032226636,
        "stdev": 0.04585657335559079,
        "robustness": 3.880601346776617
    },
    {
        "edge": "m10->a11.h0<v>",
        "improvement": 0.17545960998535204,
        "stdev": 0.040812211813056574,
        "robustness": 4.299193848867051
    },
    {
        "edge": "a10.h1->m10",
        "improvement": 0.17533348464965837,
        "stdev": 0.03806990122450026,
        "robustness": 4.605567101834789
    },
    {
        "edge": "m9->a10.h6<v>",
        "improvement": 0.1734780540466314,
        "stdev": 0.04920020419715026,
        "robustness": 3.525962074293169
    },
    {
        "edge": "a11.h4->logits",
        "improvement": 0.16927875137329096,
        "stdev": 0.016591205464426384,
        "robustness": 10.202920561513492
    },
    {
        "edge": "m0->a1.h11<v>",
        "improvement": 0.16618339920044,
        "stdev": 0.14604395290385164,
        "robustness": 1.1378998986000277
    },
    {
        "edge": "a10.h10->logits",
        "improvement": 0.16606687164306688,
        "stdev": 0.022449038823481284,
        "robustness": 7.39750476396183
    },
    {
        "edge": "m0->a1.h3<v>",
        "improvement": 0.1528930435180671,
        "stdev": 0.13854860904877014,
        "robustness": 1.1035335870044543
    },
    {
        "edge": "a10.h1->logits",
        "improvement": 0.14982890701293972,
        "stdev": 0.027171132886636612,
        "robustness": 5.514267941570777
    },
    {
        "edge": "m0->a1.h4<v>",
        "improvement": 0.13787656021118178,
        "stdev": 0.1206550437543737,
        "robustness": 1.1427334980862232
    },
    {
        "edge": "m10->a11.h11<v>",
        "improvement": 0.12657674407958996,
        "stdev": 0.025527088945454298,
        "robustness": 4.958526385443176
    },
    {
        "edge": "m3->m4",
        "improvement": 0.12013761901855524,
        "stdev": 0.13969003884700812,
        "robustness": 0.8600299635547589
    },
    {
        "edge": "a11.h9->m11",
        "improvement": 0.11926473617553768,
        "stdev": 0.026327600779157037,
        "robustness": 4.530026764533624
    },
    {
        "edge": "m1->m2",
        "improvement": 0.11127950286865307,
        "stdev": 0.15302558878076916,
        "robustness": 0.727195391014484
    },
    {
        "edge": "a11.h1->m11",
        "improvement": 0.10281015777587932,
        "stdev": 0.03585515697464482,
        "robustness": 2.8673743598049817
    },
    {
        "edge": "m9->a11.h3<v>",
        "improvement": 0.09708851242065464,
        "stdev": 0.021336499420412235,
        "robustness": 4.5503487009575645
    },
    {
        "edge": "a11.h4->m11",
        "improvement": 0.06789498901367175,
        "stdev": 0.020403681176730384,
        "robustness": 3.327585273734986
    },
    {
        "edge": "a11.h0->m11",
        "improvement": 0.05364903259277387,
        "stdev": 0.023031949647115742,
        "robustness": 2.329330925725268
    },
    {
        "edge": "a11.h7->m11",
        "improvement": 0.04963100814819388,
        "stdev": 0.013882936133395469,
        "robustness": 3.574964810851953
    },
    {
        "edge": "a10.h4->logits",
        "improvement": 0.03357186889648478,
        "stdev": 0.0061428623524522365,
        "robustness": 5.465183325015065
    },
    {
        "edge": "a10.h3->logits",
        "improvement": 0.023017314910888764,
        "stdev": 0.0065471016289227555,
        "robustness": 3.515649552346414
    },
    {
        "edge": "a10.h1->a11.h0<q>",
        "improvement": 0.0015501060485840767,
        "stdev": 0.00775777484022304,
        "robustness": 0.19981323001886844
    }
]