[
    {
        "edge": "full_attack",
        "improvement": 11.623168325424194,
        "stdev": 1.0500462728960125,
        "robustness": 11.069196306337684
    },
    {
        "edge": "input->a0.h4<v>",
        "improvement": 6.880280088663101,
        "stdev": 1.324939139532082,
        "robustness": 5.1929027404933885
    },
    {
        "edge": "input->m0",
        "improvement": 6.745752912998199,
        "stdev": 1.3427173323855628,
        "robustness": 5.023956085390837
    },
    {
        "edge": "a0.h4->m0",
        "improvement": 4.18979417014122,
        "stdev": 1.149115203162484,
        "robustness": 3.646104549492055
    },
    {
        "edge": "m11->logits",
        "improvement": 3.835358594298363,
        "stdev": 0.24191411362075568,
        "robustness": 15.854215931820265
    },
    {
        "edge": "m0->m1",
        "improvement": 2.0283461565971375,
        "stdev": 0.6520376643574846,
        "robustness": 3.110780661107763
    },
    {
        "edge": "m10->logits",
        "improvement": 1.1607384312152864,
        "stdev": 0.13124386755797862,
        "robustness": 8.84413460844192
    },
    {
        "edge": "a11.h6->logits",
        "improvement": 0.9967870979309081,
        "stdev": 0.08908380138113929,
        "robustness": 11.189319297974487
    },
    {
        "edge": "a11.h3->logits",
        "improvement": 0.9924128749370573,
        "stdev": 0.07335989985868178,
        "robustness": 13.528002039926587
    },
    {
        "edge": "a11.h10->logits",
        "improvement": 0.8490629756450652,
        "stdev": 0.08505962459992486,
        "robustness": 9.981974169749806
    },
    {
        "edge": "a11.h8->logits",
        "improvement": 0.8200033054351805,
        "stdev": 0.07370108901856623,
        "robustness": 11.126067692549446
    },
    {
        "edge": "a11.h5->logits",
        "improvement": 0.7274796404838564,
        "stdev": 0.06415941343826384,
        "robustness": 11.338626734545503
    },
    {
        "edge": "m0->m2",
        "improvement": 0.5193764085769654,
        "stdev": 0.21641774227047608,
        "robustness": 2.3998790631863054
    },
    {
        "edge": "m1->a2.h7<v>",
        "improvement": 0.4399138278961181,
        "stdev": 0.22388240827754854,
        "robustness": 1.9649325343631017
    },
    {
        "edge": "a11.h0->logits",
        "improvement": 0.4348287086486815,
        "stdev": 0.04509019740551367,
        "robustness": 9.643530826403307
    },
    {
        "edge": "a11.h2->logits",
        "improvement": 0.3408748011589049,
        "stdev": 0.037437607742769795,
        "robustness": 9.105143776841269
    },
    {
        "edge": "a0.h4->m1",
        "improvement": 0.3184386310577394,
        "stdev": 0.1227567508080841,
        "robustness": 2.59406206959307
    },
    {
        "edge": "m10->a11.h3<v>",
        "improvement": 0.30989587879180913,
        "stdev": 0.061285662971254096,
        "robustness": 5.056580344691141
    },
    {
        "edge": "m9->a10.h6<v>",
        "improvement": 0.30885842466354374,
        "stdev": 0.07533953748597426,
        "robustness": 4.0995529700596185
    },
    {
        "edge": "m10->a11.h0<v>",
        "improvement": 0.3029056339263918,
        "stdev": 0.056435187794607336,
        "robustness": 5.367318613854882
    },
    {
        "edge": "m10->a11.h2<v>",
        "improvement": 0.2986057367324828,
        "stdev": 0.056207807758075476,
        "robustness": 5.31253127710859
    },
    {
        "edge": "input->m1",
        "improvement": 0.29776158618926996,
        "stdev": 0.1409135427729314,
        "robustness": 2.1130799803187412
    },
    {
        "edge": "m10->a11.h5<v>",
        "improvement": 0.29751649713516226,
        "stdev": 0.06557199627777863,
        "robustness": 4.537249344595388
    },
    {
        "edge": "m9->a10.h10<v>",
        "improvement": 0.2928828363418581,
        "stdev": 0.06437713097587677,
        "robustness": 4.549485693166512
    },
    {
        "edge": "a10.h10->logits",
        "improvement": 0.27859061574935895,
        "stdev": 0.03074137972257028,
        "robustness": 9.062397923045012
    },
    {
        "edge": "a10.h1->logits",
        "improvement": 0.25827729129791255,
        "stdev": 0.02863278964671924,
        "robustness": 9.020332789246964
    },
    {
        "edge": "a11.h3->m11",
        "improvement": 0.2581099872589112,
        "stdev": 0.03810086732977983,
        "robustness": 6.774386132075558
    },
    {
        "edge": "a11.h4->logits",
        "improvement": 0.2547266616821289,
        "stdev": 0.036300237527283216,
        "robustness": 7.017217490400073
    },
    {
        "edge": "m4->m5",
        "improvement": 0.25303781032562256,
        "stdev": 0.12348469025640164,
        "robustness": 2.0491431755646703
    },
    {
        "edge": "a11.h7->logits",
        "improvement": 0.23092186355590805,
        "stdev": 0.028456373839167666,
        "robustness": 8.114943416931943
    },
    {
        "edge": "m10->a11.h10<v>",
        "improvement": 0.22694147253036512,
        "stdev": 0.08257819421069304,
        "robustness": 2.7482009590974865
    },
    {
        "edge": "m9->a10.h4<v>",
        "improvement": 0.21662442493438716,
        "stdev": 0.04170885062030342,
        "robustness": 5.193727990886825
    },
    {
        "edge": "a11.h1->logits",
        "improvement": 0.2137911949157716,
        "stdev": 0.035839818689764755,
        "robustness": 5.965186285298556
    },
    {
        "edge": "a11.h9->logits",
        "improvement": 0.20501083946228027,
        "stdev": 0.02998195071226622,
        "robustness": 6.837808567886352
    },
    {
        "edge": "m10->a11.h7<v>",
        "improvement": 0.2016255273818972,
        "stdev": 0.03703883782654331,
        "robustness": 5.4436245631175115
    },
    {
        "edge": "a10.h9->logits",
        "improvement": 0.2015540266036986,
        "stdev": 0.026992722594215292,
        "robustness": 7.466976548964086
    },
    {
        "edge": "m1->m3",
        "improvement": 0.20095849800109855,
        "stdev": 0.12672833619336699,
        "robustness": 1.585742415922421
    },
    {
        "edge": "m0->a1.h11<v>",
        "improvement": 0.1982367029190062,
        "stdev": 0.10366013999731263,
        "robustness": 1.9123715530786032
    },
    {
        "edge": "m0->a1.h3<v>",
        "improvement": 0.17233558273315452,
        "stdev": 0.08499075457220726,
        "robustness": 2.027697996100741
    },
    {
        "edge": "m9->a11.h8<v>",
        "improvement": 0.1690188870429994,
        "stdev": 0.041571453379089074,
        "robustness": 4.0657439974907845
    },
    {
        "edge": "m0->a1.h4<v>",
        "improvement": 0.15690819454193106,
        "stdev": 0.07651520907125034,
        "robustness": 2.0506798118504705
    },
    {
        "edge": "a10.h6->logits",
        "improvement": 0.1526998882293702,
        "stdev": 0.024706082380387004,
        "robustness": 6.1806597208868475
    },
    {
        "edge": "a11.h0->m11",
        "improvement": 0.14793173694610573,
        "stdev": 0.030521342614612947,
        "robustness": 4.846829276615088
    },
    {
        "edge": "m7->m8",
        "improvement": 0.11863793373107878,
        "stdev": 0.0889702393617733,
        "robustness": 1.333456384765583
    },
    {
        "edge": "a11.h2->m11",
        "improvement": 0.07996411514282187,
        "stdev": 0.025547868666975077,
        "robustness": 3.1299720608861965
    },
    {
        "edge": "a1.h10->m1",
        "improvement": 0.07406574821472134,
        "stdev": 0.2538648932614196,
        "robustness": 0.29175262188951623
    },
    {
        "edge": "a10.h4->logits",
        "improvement": 0.06476721572875999,
        "stdev": 0.014247306453270806,
        "robustness": 4.545927045311161
    },
    {
        "edge": "a11.h9->m11",
        "improvement": 0.06230327987670936,
        "stdev": 0.01655608394247754,
        "robustness": 3.763165256541093
    },
    {
        "edge": "a11.h4->m11",
        "improvement": 0.058889892578124936,
        "stdev": 0.022346334720976767,
        "robustness": 2.6353267018257047
    },
    {
        "edge": "a10.h3->logits",
        "improvement": 0.04794600391387949,
        "stdev": 0.012623986425758692,
        "robustness": 3.798008196210332
    },
    {
        "edge": "m10->a11.h11<k>",
        "improvement": -0.003318549156189121,
        "stdev": 0.007015546748539826,
        "robustness": -0.47302787297081644
    }
]