[
    {
        "edge": "full_attack",
        "improvement": 11.59339451122284,
        "stdev": 1.0923585197751966,
        "robustness": 10.613177177039566
    },
    {
        "edge": "input->a0.h4<v>",
        "improvement": 7.255597311019898,
        "stdev": 1.2827513065066645,
        "robustness": 5.656277467203813
    },
    {
        "edge": "input->m0",
        "improvement": 6.913184468507767,
        "stdev": 1.2454590971267356,
        "robustness": 5.550711769223437
    },
    {
        "edge": "a0.h4->m0",
        "improvement": 4.673993563890457,
        "stdev": 1.0626132062442242,
        "robustness": 4.398584109838568
    },
    {
        "edge": "m11->logits",
        "improvement": 3.975561495780945,
        "stdev": 0.28611676883306664,
        "robustness": 13.894891627622378
    },
    {
        "edge": "m0->m1",
        "improvement": 2.0936146574020387,
        "stdev": 0.5716831094785121,
        "robustness": 3.662194356785928
    },
    {
        "edge": "a11.h6->logits",
        "improvement": 1.0310567197799685,
        "stdev": 0.09801071335717569,
        "robustness": 10.519836908262656
    },
    {
        "edge": "m10->logits",
        "improvement": 0.946045074939728,
        "stdev": 0.12315066855330048,
        "robustness": 7.682013309820344
    },
    {
        "edge": "a11.h8->logits",
        "improvement": 0.8208877749443055,
        "stdev": 0.11326205707717629,
        "robustness": 7.247685554439083
    },
    {
        "edge": "a11.h5->logits",
        "improvement": 0.7771058259010317,
        "stdev": 0.09455252743178305,
        "robustness": 8.21877370186314
    },
    {
        "edge": "a11.h10->logits",
        "improvement": 0.6689338078498843,
        "stdev": 0.08089053023485701,
        "robustness": 8.269618284213324
    },
    {
        "edge": "m9->a10.h8<v>",
        "improvement": 0.546257802963257,
        "stdev": 0.10720469127969978,
        "robustness": 5.095465473036589
    },
    {
        "edge": "m0->m2",
        "improvement": 0.4988345670700074,
        "stdev": 0.2123402013635016,
        "robustness": 2.349223387125177
    },
    {
        "edge": "a10.h8->logits",
        "improvement": 0.45333719444274934,
        "stdev": 0.054485600975223945,
        "robustness": 8.320311904954371
    },
    {
        "edge": "m1->a2.h7<v>",
        "improvement": 0.43132294368743906,
        "stdev": 0.22709925469889736,
        "robustness": 1.8992706262260282
    },
    {
        "edge": "m10->a11.h6<v>",
        "improvement": 0.416301961898804,
        "stdev": 0.07500023387339202,
        "robustness": 5.550675516579905
    },
    {
        "edge": "a11.h11->logits",
        "improvement": 0.3818947248458864,
        "stdev": 0.04530700798820576,
        "robustness": 8.429043139315237
    },
    {
        "edge": "m10->a11.h7<v>",
        "improvement": 0.3670434865951542,
        "stdev": 0.05999723872745357,
        "robustness": 6.117672985960306
    },
    {
        "edge": "a11.h0->logits",
        "improvement": 0.3561502056121828,
        "stdev": 0.053917827212622955,
        "robustness": 6.605425775184108
    },
    {
        "edge": "a0.h4->m1",
        "improvement": 0.3409307460784916,
        "stdev": 0.12636745830304302,
        "robustness": 2.6979314980040376
    },
    {
        "edge": "m9->a10.h1<v>",
        "improvement": 0.33933029270172144,
        "stdev": 0.10617382355538571,
        "robustness": 3.195988251517657
    },
    {
        "edge": "m10->a11.h5<v>",
        "improvement": 0.3392032918930057,
        "stdev": 0.06668946177378172,
        "robustness": 5.086310233596157
    },
    {
        "edge": "a11.h7->logits",
        "improvement": 0.320323928833008,
        "stdev": 0.03287790641365196,
        "robustness": 9.742832308203154
    },
    {
        "edge": "m9->a10.h10<v>",
        "improvement": 0.313518755912781,
        "stdev": 0.09054800959044769,
        "robustness": 3.4624588362664075
    },
    {
        "edge": "a10.h10->logits",
        "improvement": 0.3015210027694706,
        "stdev": 0.039383144207799134,
        "robustness": 7.656092697387013
    },
    {
        "edge": "a10.h10->m10",
        "improvement": 0.2905602302551271,
        "stdev": 0.09046462985344204,
        "robustness": 3.211865573604309
    },
    {
        "edge": "a10.h8->m10",
        "improvement": 0.2851581687927247,
        "stdev": 0.06954534205747309,
        "robustness": 4.100320170358306
    },
    {
        "edge": "input->m1",
        "improvement": 0.2831992187500001,
        "stdev": 0.11257061302353538,
        "robustness": 2.5157473264429235
    },
    {
        "edge": "m10->a11.h10<v>",
        "improvement": 0.28250494384765634,
        "stdev": 0.060226878921915444,
        "robustness": 4.690678794993278
    },
    {
        "edge": "m1->m3",
        "improvement": 0.26729571056365975,
        "stdev": 0.15327569652171172,
        "robustness": 1.7438884091177296
    },
    {
        "edge": "m10->a11.h11<v>",
        "improvement": 0.2541682424545293,
        "stdev": 0.05594753025635983,
        "robustness": 4.542975199975637
    },
    {
        "edge": "a10.h1->logits",
        "improvement": 0.2481913185119633,
        "stdev": 0.03223541713152844,
        "robustness": 7.699336338639006
    },
    {
        "edge": "m10->a11.h8<v>",
        "improvement": 0.23966058635711684,
        "stdev": 0.09680590206593834,
        "robustness": 2.47568155703848
    },
    {
        "edge": "a11.h1->logits",
        "improvement": 0.18444677448272717,
        "stdev": 0.03331230539638612,
        "robustness": 5.536896119556374
    },
    {
        "edge": "m3->m4",
        "improvement": 0.18224324321746854,
        "stdev": 0.10848075623565702,
        "robustness": 1.6799591885363923
    },
    {
        "edge": "m0->a1.h11<v>",
        "improvement": 0.17134960651397702,
        "stdev": 0.07291408605069422,
        "robustness": 2.350020631059471
    },
    {
        "edge": "a10.h1->m10",
        "improvement": 0.16534476375579832,
        "stdev": 0.052474449433586846,
        "robustness": 3.1509575715522913
    },
    {
        "edge": "a11.h9->logits",
        "improvement": 0.16039110374450694,
        "stdev": 0.027640370077131184,
        "robustness": 5.802784235411151
    },
    {
        "edge": "m0->a1.h4<v>",
        "improvement": 0.15760313510894797,
        "stdev": 0.06132712419906052,
        "robustness": 2.56987649701928
    },
    {
        "edge": "m0->a1.h3<v>",
        "improvement": 0.15531845855712945,
        "stdev": 0.07378058940624359,
        "robustness": 2.1051398451417875
    },
    {
        "edge": "m9->a11.h6<v>",
        "improvement": 0.14646276664733904,
        "stdev": 0.036303133804993164,
        "robustness": 4.034438664003008
    },
    {
        "edge": "m10->a11.h3<v>",
        "improvement": 0.13918327903747585,
        "stdev": 0.03426812952211226,
        "robustness": 4.0615954526395965
    },
    {
        "edge": "a11.h0->m11",
        "improvement": 0.12896638488769518,
        "stdev": 0.033961948619401244,
        "robustness": 3.7973788351479136
    },
    {
        "edge": "a11.h7->m11",
        "improvement": 0.1154745559692385,
        "stdev": 0.02778107002309964,
        "robustness": 4.156591372226582
    },
    {
        "edge": "a11.h9->m11",
        "improvement": 0.09643087768554715,
        "stdev": 0.03288823612286389,
        "robustness": 2.932078124387718
    },
    {
        "edge": "a11.h2->logits",
        "improvement": 0.08112343597412153,
        "stdev": 0.01672101135528464,
        "robustness": 4.851586680400324
    },
    {
        "edge": "a11.h11->m11",
        "improvement": 0.054233047485351626,
        "stdev": 0.02439390870972615,
        "robustness": 2.223220892178228
    },
    {
        "edge": "m10->a11.h11<k>",
        "improvement": 0.03603778076171871,
        "stdev": 0.021418496929259748,
        "robustness": 1.6825541437731608
    },
    {
        "edge": "m10->a11.h5<k>",
        "improvement": 0.010128787994385213,
        "stdev": 0.01728149714379589,
        "robustness": 0.5861059322641776
    },
    {
        "edge": "m10->a11.h0<q>",
        "improvement": 0.001657409667968679,
        "stdev": 0.02490899462591852,
        "robustness": 0.06653860153167711
    },
    {
        "edge": "m10->a11.h0<k>",
        "improvement": -0.009892866134642908,
        "stdev": 0.025856430122803774,
        "robustness": -0.38260757914597077
    }
]