[
    {
        "edge": "full_attack",
        "improvement": 14.102688747406006,
        "stdev": 0.713455995255078,
        "robustness": 19.76672540590811
    },
    {
        "edge": "m11->logits",
        "improvement": 6.347787048816681,
        "stdev": 0.3189528739278314,
        "robustness": 19.90195909083728
    },
    {
        "edge": "input->a0.h4<v>",
        "improvement": 4.949442710161209,
        "stdev": 1.666041458054551,
        "robustness": 2.9707800404563223
    },
    {
        "edge": "input->m0",
        "improvement": 3.201434554100037,
        "stdev": 1.4198484040948782,
        "robustness": 2.254772090363323
    },
    {
        "edge": "a0.h4->m0",
        "improvement": 2.0018338971138006,
        "stdev": 1.024925440978186,
        "robustness": 1.9531507532911425
    },
    {
        "edge": "a11.h4->logits",
        "improvement": 1.01944044303894,
        "stdev": 0.10069638256747623,
        "robustness": 10.123903332434184
    },
    {
        "edge": "a11.h3->logits",
        "improvement": 1.0044848499298098,
        "stdev": 0.0743364388578116,
        "robustness": 13.512684564445665
    },
    {
        "edge": "a11.h7->logits",
        "improvement": 0.8735720138549805,
        "stdev": 0.05561017916236008,
        "robustness": 15.70885091566582
    },
    {
        "edge": "a11.h0->logits",
        "improvement": 0.7869362735748293,
        "stdev": 0.05538009626733499,
        "robustness": 14.209731051677322
    },
    {
        "edge": "a11.h1->logits",
        "improvement": 0.7061672039031981,
        "stdev": 0.058068860858468824,
        "robustness": 12.16085856452977
    },
    {
        "edge": "m0->m1",
        "improvement": 0.6784341945648196,
        "stdev": 0.4500101258904447,
        "robustness": 1.507597619547754
    },
    {
        "edge": "a11.h5->logits",
        "improvement": 0.6173839797973635,
        "stdev": 0.051623913997516216,
        "robustness": 11.959263294663549
    },
    {
        "edge": "a11.h11->logits",
        "improvement": 0.5986624755859378,
        "stdev": 0.06922058515769719,
        "robustness": 8.64861910979335
    },
    {
        "edge": "m10->logits",
        "improvement": 0.5457611141204834,
        "stdev": 0.08305256794482838,
        "robustness": 6.571273202329292
    },
    {
        "edge": "m1->a2.h7<v>",
        "improvement": 0.5430741863250734,
        "stdev": 0.44020055152919796,
        "robustness": 1.2336971965130579
    },
    {
        "edge": "m9->m10",
        "improvement": 0.5275907382965093,
        "stdev": 0.11639834870916116,
        "robustness": 4.532630781685524
    },
    {
        "edge": "a11.h0->m11",
        "improvement": 0.3962107849121095,
        "stdev": 0.0483101784012984,
        "robustness": 8.201393537007945
    },
    {
        "edge": "m10->a11.h3<v>",
        "improvement": 0.3418112297058107,
        "stdev": 0.037061113348317486,
        "robustness": 9.2229077549104
    },
    {
        "edge": "m10->a11.h0<v>",
        "improvement": 0.30686481475830085,
        "stdev": 0.057113756576201234,
        "robustness": 5.372870445824755
    },
    {
        "edge": "m10->a11.h5<v>",
        "improvement": 0.29057527542114236,
        "stdev": 0.04275360539316101,
        "robustness": 6.796509270949664
    },
    {
        "edge": "m10->a11.h1<v>",
        "improvement": 0.2900120391845702,
        "stdev": 0.03239455236672908,
        "robustness": 8.95249410769534
    },
    {
        "edge": "m10->a11.h7<v>",
        "improvement": 0.28460668945312495,
        "stdev": 0.030640160479247967,
        "robustness": 9.288681423384972
    },
    {
        "edge": "a11.h1->m11",
        "improvement": 0.269781158447266,
        "stdev": 0.04499072796981316,
        "robustness": 5.996372377621396
    },
    {
        "edge": "m9->a10.h4<v>",
        "improvement": 0.2361799736022947,
        "stdev": 0.04805085013490649,
        "robustness": 4.915209053309174
    },
    {
        "edge": "m10->a11.h11<v>",
        "improvement": 0.23514058685302786,
        "stdev": 0.02497984363263057,
        "robustness": 9.413212921231795
    },
    {
        "edge": "m9->a10.h1<v>",
        "improvement": 0.2351020088195801,
        "stdev": 0.07066612509939653,
        "robustness": 3.3269407157799264
    },
    {
        "edge": "m9->a10.h8<v>",
        "improvement": 0.23014466857910154,
        "stdev": 0.05047100941244088,
        "robustness": 4.559937898178274
    },
    {
        "edge": "a2.h7->m3",
        "improvement": 0.20356091880798388,
        "stdev": 0.2547797344052673,
        "robustness": 0.7989682510783537
    },
    {
        "edge": "m0->m2",
        "improvement": 0.19073275375366183,
        "stdev": 0.1561366955015297,
        "robustness": 1.2215754479816898
    },
    {
        "edge": "a11.h3->m11",
        "improvement": 0.1795698051452641,
        "stdev": 0.052209155205575834,
        "robustness": 3.4394313495056594
    },
    {
        "edge": "input->m1",
        "improvement": 0.15920352935791016,
        "stdev": 0.1446929950058313,
        "robustness": 1.100284981670979
    },
    {
        "edge": "a11.h5->m11",
        "improvement": 0.15546354675293017,
        "stdev": 0.03775881770699997,
        "robustness": 4.117277928543545
    },
    {
        "edge": "a0.h4->m1",
        "improvement": 0.15249817276000943,
        "stdev": 0.13065748403003877,
        "robustness": 1.16715987524258
    },
    {
        "edge": "m9->a10.h0<v>",
        "improvement": 0.14862732696533243,
        "stdev": 0.03197318889841503,
        "robustness": 4.6484986980044445
    },
    {
        "edge": "m9->a10.h3<v>",
        "improvement": 0.1412108039855955,
        "stdev": 0.035401772027440014,
        "robustness": 3.9888060935521135
    },
    {
        "edge": "m9->a10.h5<v>",
        "improvement": 0.13859319686889648,
        "stdev": 0.024578467963787057,
        "robustness": 5.638805358946466
    },
    {
        "edge": "m1->m3",
        "improvement": 0.13858290481567348,
        "stdev": 0.1396223572634978,
        "robustness": 0.9925552578527044
    },
    {
        "edge": "a11.h8->logits",
        "improvement": 0.12231777954101553,
        "stdev": 0.01247754927788617,
        "robustness": 9.803029169982766
    },
    {
        "edge": "m9->a10.h10<v>",
        "improvement": 0.11096943664550807,
        "stdev": 0.02715900948683958,
        "robustness": 4.085916192903885
    },
    {
        "edge": "m9->a11.h3<v>",
        "improvement": 0.10843398284912098,
        "stdev": 0.02059799985585924,
        "robustness": 5.2642967088028305
    },
    {
        "edge": "m0->a1.h11<v>",
        "improvement": 0.10635107803344734,
        "stdev": 0.10361563185234941,
        "robustness": 1.0263999372700434
    },
    {
        "edge": "m0->a1.h4<v>",
        "improvement": 0.10237630081176796,
        "stdev": 0.10265153178712247,
        "robustness": 0.9973187835528331
    },
    {
        "edge": "a9.h10->m9",
        "improvement": 0.09916354751586898,
        "stdev": 0.073943269118658,
        "robustness": 1.341076053274566
    },
    {
        "edge": "m0->a1.h3<v>",
        "improvement": 0.09033787918090841,
        "stdev": 0.0801234416036564,
        "robustness": 1.127483759718902
    },
    {
        "edge": "a10.h4->logits",
        "improvement": 0.08489122009277317,
        "stdev": 0.01675335127188659,
        "robustness": 5.067118734341061
    },
    {
        "edge": "m1->a2.h6<v>",
        "improvement": 0.06341236877441414,
        "stdev": 0.05494705965149526,
        "robustness": 1.1540630049471359
    },
    {
        "edge": "m10->a11.h6<v>",
        "improvement": 0.05858215332031236,
        "stdev": 0.0145026993345808,
        "robustness": 4.039396526729806
    },
    {
        "edge": "m3->m4",
        "improvement": 0.05642029190063447,
        "stdev": 0.08599103028597872,
        "robustness": 0.6561183383080605
    },
    {
        "edge": "m9->a11.h5<v>",
        "improvement": 0.047172851562500284,
        "stdev": 0.01529097958739946,
        "robustness": 3.0850117412603897
    },
    {
        "edge": "a1.h4->m1",
        "improvement": 0.04191905212402336,
        "stdev": 0.044709957508954006,
        "robustness": 0.9375775433387135
    },
    {
        "edge": "m10->a11.h4<v>",
        "improvement": 0.04103598022460986,
        "stdev": 0.03331765140991433,
        "robustness": 1.2316588501312786
    }
]