[
    {
        "edge": "full_attack",
        "improvement": 12.988147804260255,
        "stdev": 0.8530224836275777,
        "robustness": 15.22603220143347
    },
    {
        "edge": "input->a0.h4<v>",
        "improvement": 6.230928785324097,
        "stdev": 1.5248527385346797,
        "robustness": 4.0862495294540775
    },
    {
        "edge": "m11->logits",
        "improvement": 6.214890372991562,
        "stdev": 0.3307257568538224,
        "robustness": 18.79167329485766
    },
    {
        "edge": "input->m0",
        "improvement": 4.033601686000824,
        "stdev": 1.2871838559510804,
        "robustness": 3.1336639807531284
    },
    {
        "edge": "a0.h4->m0",
        "improvement": 2.776656723499298,
        "stdev": 1.172435358994285,
        "robustness": 2.3682812891971405
    },
    {
        "edge": "m0->m1",
        "improvement": 1.2387924437522884,
        "stdev": 0.5545954364468022,
        "robustness": 2.2336866882443513
    },
    {
        "edge": "a11.h4->logits",
        "improvement": 1.2291900730133056,
        "stdev": 0.14766464658567494,
        "robustness": 8.324200148341738
    },
    {
        "edge": "a11.h9->logits",
        "improvement": 1.0959950675964354,
        "stdev": 0.12824800299399416,
        "robustness": 8.545903577522067
    },
    {
        "edge": "a11.h7->logits",
        "improvement": 0.8951813411712646,
        "stdev": 0.08719337457861129,
        "robustness": 10.266621122275664
    },
    {
        "edge": "a11.h1->logits",
        "improvement": 0.7638879814147952,
        "stdev": 0.10555469828264935,
        "robustness": 7.236892282798178
    },
    {
        "edge": "a11.h11->logits",
        "improvement": 0.7239786872863769,
        "stdev": 0.09860404451929942,
        "robustness": 7.342281858881307
    },
    {
        "edge": "a11.h0->logits",
        "improvement": 0.6718983860015868,
        "stdev": 0.10595638707421685,
        "robustness": 6.341273089379288
    },
    {
        "edge": "m10->logits",
        "improvement": 0.6183785209655763,
        "stdev": 0.10823877849083996,
        "robustness": 5.713095893981365
    },
    {
        "edge": "a11.h6->logits",
        "improvement": 0.6035522098541257,
        "stdev": 0.06760562913268814,
        "robustness": 8.927543720797962
    },
    {
        "edge": "a11.h4->m11",
        "improvement": 0.494808494567871,
        "stdev": 0.11702016152715153,
        "robustness": 4.228403790513171
    },
    {
        "edge": "m0->a2.h7<v>",
        "improvement": 0.4753086605072019,
        "stdev": 0.49636912257682525,
        "robustness": 0.9575709666219946
    },
    {
        "edge": "m1->m2",
        "improvement": 0.45173901176452613,
        "stdev": 0.3211638413015886,
        "robustness": 1.4065687156242506
    },
    {
        "edge": "m1->m3",
        "improvement": 0.4496208724975581,
        "stdev": 0.38310645639256263,
        "robustness": 1.1736186247846454
    },
    {
        "edge": "m0->m2",
        "improvement": 0.40792361259460463,
        "stdev": 0.2797405885613484,
        "robustness": 1.4582210421893964
    },
    {
        "edge": "m10->a11.h4<v>",
        "improvement": 0.36273404693603517,
        "stdev": 0.07978437505359988,
        "robustness": 4.546429632272574
    },
    {
        "edge": "m10->a11.h9<v>",
        "improvement": 0.3323034248352048,
        "stdev": 0.04942322275803609,
        "robustness": 6.72362922308973
    },
    {
        "edge": "m10->a11.h11<v>",
        "improvement": 0.32663088607788104,
        "stdev": 0.05996239332817276,
        "robustness": 5.447262324741408
    },
    {
        "edge": "a0.h4->m1",
        "improvement": 0.3096381835937496,
        "stdev": 0.25688014257937775,
        "robustness": 1.2053799896115724
    },
    {
        "edge": "m10->a11.h7<v>",
        "improvement": 0.28475231170654247,
        "stdev": 0.04113410290505054,
        "robustness": 6.922536085540349
    },
    {
        "edge": "m9->m10",
        "improvement": 0.27630072975158715,
        "stdev": 0.08836094769469492,
        "robustness": 3.126955255236312
    },
    {
        "edge": "a11.h5->m11",
        "improvement": 0.2752016639709467,
        "stdev": 0.07003142371842942,
        "robustness": 3.9296882650484344
    },
    {
        "edge": "input->m1",
        "improvement": 0.27084947776794444,
        "stdev": 0.24493312662805025,
        "robustness": 1.1058099061432802
    },
    {
        "edge": "a2.h7->m3",
        "improvement": 0.26276379966735863,
        "stdev": 0.3714031724533589,
        "robustness": 0.7074893785414735
    },
    {
        "edge": "m9->a10.h6<v>",
        "improvement": 0.21753724670410168,
        "stdev": 0.05265860932750431,
        "robustness": 4.131086055675212
    },
    {
        "edge": "m10->a11.h6<v>",
        "improvement": 0.1943753929138179,
        "stdev": 0.029596580751192276,
        "robustness": 6.567494892327643
    },
    {
        "edge": "a11.h7->m11",
        "improvement": 0.18094044113159136,
        "stdev": 0.04035118988265594,
        "robustness": 4.484141400979221
    },
    {
        "edge": "m9->a10.h2<v>",
        "improvement": 0.15965549087524433,
        "stdev": 0.0460003940458674,
        "robustness": 3.4707418096473353
    },
    {
        "edge": "m9->a11.h4<v>",
        "improvement": 0.1588250522613528,
        "stdev": 0.03552339479480289,
        "robustness": 4.47099870884494
    },
    {
        "edge": "m10->a11.h0<v>",
        "improvement": 0.15587961578369125,
        "stdev": 0.04710306226740012,
        "robustness": 3.3093308222462436
    },
    {
        "edge": "m9->a10.h3<v>",
        "improvement": 0.15286868667602516,
        "stdev": 0.048537115723532635,
        "robustness": 3.1495214414215513
    },
    {
        "edge": "a11.h8->logits",
        "improvement": 0.1506874427795406,
        "stdev": 0.020752772677553905,
        "robustness": 7.261075188402338
    },
    {
        "edge": "m9->a10.h10<v>",
        "improvement": 0.14935610008239752,
        "stdev": 0.031851066632637405,
        "robustness": 4.689202462355032
    },
    {
        "edge": "m0->a1.h11<v>",
        "improvement": 0.1360212593078609,
        "stdev": 0.1263212013368582,
        "robustness": 1.0767888356692854
    },
    {
        "edge": "m9->a10.h8<v>",
        "improvement": 0.1342165546417231,
        "stdev": 0.039441676580527,
        "robustness": 3.4029120026806368
    },
    {
        "edge": "m9->a10.h4<v>",
        "improvement": 0.13314091491699198,
        "stdev": 0.038655828997122256,
        "robustness": 3.4442648979770603
    },
    {
        "edge": "m9->a11.h9<v>",
        "improvement": 0.12364175224304219,
        "stdev": 0.024748372397113267,
        "robustness": 4.995954895905162
    },
    {
        "edge": "a10.h3->logits",
        "improvement": 0.12157257652282727,
        "stdev": 0.023480156258402583,
        "robustness": 5.177673231170318
    },
    {
        "edge": "m10->a11.h3<v>",
        "improvement": 0.12067728042602521,
        "stdev": 0.04360791866577902,
        "robustness": 2.7673249290094137
    },
    {
        "edge": "m0->a1.h3<v>",
        "improvement": 0.11710294151306133,
        "stdev": 0.10743423306576043,
        "robustness": 1.089996532496143
    },
    {
        "edge": "a10.h6->logits",
        "improvement": 0.10706404685974125,
        "stdev": 0.019827519665735368,
        "robustness": 5.399770050147139
    },
    {
        "edge": "m0->a1.h4<v>",
        "improvement": 0.10605042648315433,
        "stdev": 0.09812907803479322,
        "robustness": 1.0807237630985636
    },
    {
        "edge": "m9->a11.h7<v>",
        "improvement": 0.09103314399719231,
        "stdev": 0.022173198254804898,
        "robustness": 4.105548642603489
    },
    {
        "edge": "a10.h2->logits",
        "improvement": 0.08149421119689926,
        "stdev": 0.013729451647634491,
        "robustness": 5.935722218806915
    },
    {
        "edge": "a10.h2->m10",
        "improvement": 0.07970511627197219,
        "stdev": 0.03409582264376763,
        "robustness": 2.3376798121203706
    },
    {
        "edge": "a11.h2->logits",
        "improvement": 0.04912643241882275,
        "stdev": 0.011239401054608642,
        "robustness": 4.3709119534157725
    },
    {
        "edge": "a11.h10->logits",
        "improvement": 0.04552303123474122,
        "stdev": 0.012193409462815533,
        "robustness": 3.7334128221943326
    }
]