[
    {
        "edge": "full_attack",
        "improvement": 11.543350093364715,
        "stdev": 1.127510836188548,
        "robustness": 10.23790612282362
    },
    {
        "edge": "m11->logits",
        "improvement": 6.18548492026329,
        "stdev": 0.4328949217499519,
        "robustness": 14.288652071174308
    },
    {
        "edge": "input->a0.h4<v>",
        "improvement": 5.472602251648903,
        "stdev": 1.30431985982138,
        "robustness": 4.195751686552061
    },
    {
        "edge": "input->m0",
        "improvement": 3.7739542777538304,
        "stdev": 1.1785286892850086,
        "robustness": 3.2022591491119474
    },
    {
        "edge": "a0.h4->m0",
        "improvement": 2.7847582890987397,
        "stdev": 1.0583923071464083,
        "robustness": 2.631121060022521
    },
    {
        "edge": "a11.h3->logits",
        "improvement": 1.387243598222733,
        "stdev": 0.13807010953289617,
        "robustness": 10.047385367592632
    },
    {
        "edge": "a11.h9->logits",
        "improvement": 1.3396212835311894,
        "stdev": 0.15863513824880196,
        "robustness": 8.444669310466002
    },
    {
        "edge": "m0->m1",
        "improvement": 1.1877362139225007,
        "stdev": 0.48995419661318224,
        "robustness": 2.4241780601794005
    },
    {
        "edge": "a11.h1->logits",
        "improvement": 1.0971261429786683,
        "stdev": 0.14332865636327788,
        "robustness": 7.654618209759218
    },
    {
        "edge": "a11.h5->logits",
        "improvement": 0.9808478244543077,
        "stdev": 0.10568038409674352,
        "robustness": 9.281266649791936
    },
    {
        "edge": "a11.h7->logits",
        "improvement": 0.9292415318489078,
        "stdev": 0.11600713480908992,
        "robustness": 8.010210176970043
    },
    {
        "edge": "a11.h6->logits",
        "improvement": 0.9245528539419179,
        "stdev": 0.09190949962089238,
        "robustness": 10.059382955575936
    },
    {
        "edge": "m10->logits",
        "improvement": 0.9001381903886796,
        "stdev": 0.11492414915128099,
        "robustness": 7.832454684557012
    },
    {
        "edge": "a11.h0->logits",
        "improvement": 0.853097735524178,
        "stdev": 0.12751959231614043,
        "robustness": 6.68993462125584
    },
    {
        "edge": "a11.h11->logits",
        "improvement": 0.7214815573692324,
        "stdev": 0.11731902970493256,
        "robustness": 6.149740235525477
    },
    {
        "edge": "a11.h3->m11",
        "improvement": 0.45539965343475375,
        "stdev": 0.06388404297927122,
        "robustness": 7.128535267915332
    },
    {
        "edge": "m1->m3",
        "improvement": 0.42405869388580353,
        "stdev": 0.47127174609253497,
        "robustness": 0.8998177747802834
    },
    {
        "edge": "m10->a11.h3<v>",
        "improvement": 0.39741420793533333,
        "stdev": 0.0686204848991289,
        "robustness": 5.7914806128159295
    },
    {
        "edge": "a11.h9->m11",
        "improvement": 0.39307760477066056,
        "stdev": 0.07252014784811237,
        "robustness": 5.420253769944458
    },
    {
        "edge": "m10->m11",
        "improvement": 0.38091319894790665,
        "stdev": 0.059610429521969564,
        "robustness": 6.390042849926457
    },
    {
        "edge": "m10->a11.h5<v>",
        "improvement": 0.3797205166816715,
        "stdev": 0.06442257983120486,
        "robustness": 5.894214694235877
    },
    {
        "edge": "a10.h1->m10",
        "improvement": 0.36402455687522917,
        "stdev": 0.06793464029149009,
        "robustness": 5.358452702675591
    },
    {
        "edge": "m10->a11.h6<v>",
        "improvement": 0.33612065267562885,
        "stdev": 0.06507191973612214,
        "robustness": 5.165371700092084
    },
    {
        "edge": "m0->m2",
        "improvement": 0.32932422494888325,
        "stdev": 0.22830301490036684,
        "robustness": 1.442487411270512
    },
    {
        "edge": "m1->m2",
        "improvement": 0.30569354867935195,
        "stdev": 0.20305654677139737,
        "robustness": 1.5054601958906753
    },
    {
        "edge": "m9->a10.h1<v>",
        "improvement": 0.29987258958816554,
        "stdev": 0.08689638834719926,
        "robustness": 3.4509212096365647
    },
    {
        "edge": "a11.h6->m11",
        "improvement": 0.2904064555168153,
        "stdev": 0.06236378953318261,
        "robustness": 4.656651843812273
    },
    {
        "edge": "m9->a10.h8<v>",
        "improvement": 0.2607656433582308,
        "stdev": 0.0789693774902148,
        "robustness": 3.3021109149624817
    },
    {
        "edge": "a2.h7->m3",
        "improvement": 0.25753677225112925,
        "stdev": 0.32700755079416505,
        "robustness": 0.7875560415216094
    },
    {
        "edge": "a11.h10->logits",
        "improvement": 0.24964922714233406,
        "stdev": 0.05020087325820721,
        "robustness": 4.973005665823145
    },
    {
        "edge": "a0.h4->m1",
        "improvement": 0.2431634602546695,
        "stdev": 0.2305824719946157,
        "robustness": 1.0545617719821634
    },
    {
        "edge": "a10.h8->m10",
        "improvement": 0.23455769252777126,
        "stdev": 0.05876188304658711,
        "robustness": 3.9916639897637585
    },
    {
        "edge": "input->m1",
        "improvement": 0.23079152011871384,
        "stdev": 0.23857040264353993,
        "robustness": 0.9673937653680834
    },
    {
        "edge": "a10.h10->logits",
        "improvement": 0.20591304302215585,
        "stdev": 0.03390127458227843,
        "robustness": 6.073902694201207
    },
    {
        "edge": "m9->a10.h6<v>",
        "improvement": 0.197255131721497,
        "stdev": 0.051711822122262954,
        "robustness": 3.8145074690101626
    },
    {
        "edge": "m10->a11.h1<v>",
        "improvement": 0.18502868986129783,
        "stdev": 0.07263142928584952,
        "robustness": 2.5475017038849077
    },
    {
        "edge": "m10->a11.h7<v>",
        "improvement": 0.18311123275756858,
        "stdev": 0.05064034135299901,
        "robustness": 3.6159162411871146
    },
    {
        "edge": "m9->a10.h10<v>",
        "improvement": 0.18044809484481839,
        "stdev": 0.04641214925655888,
        "robustness": 3.887949550608622
    },
    {
        "edge": "a10.h8->logits",
        "improvement": 0.16198934078216576,
        "stdev": 0.027196305334639535,
        "robustness": 5.95629953366652
    },
    {
        "edge": "a11.h8->logits",
        "improvement": 0.1421818861961368,
        "stdev": 0.029499619303804975,
        "robustness": 4.819787154941272
    },
    {
        "edge": "m0->a1.h11<v>",
        "improvement": 0.12984799194335972,
        "stdev": 0.09300213706875785,
        "robustness": 1.3961828839197663
    },
    {
        "edge": "a10.h5->m10",
        "improvement": 0.12471786832809473,
        "stdev": 0.053981266779527436,
        "robustness": 2.3103916556362543
    },
    {
        "edge": "m0->a1.h3<v>",
        "improvement": 0.12110135507583664,
        "stdev": 0.09030980029838366,
        "robustness": 1.3409547432916211
    },
    {
        "edge": "m0->a1.h4<v>",
        "improvement": 0.11396316671371487,
        "stdev": 0.07529378898944034,
        "robustness": 1.513579914668629
    },
    {
        "edge": "a11.h10->m11",
        "improvement": 0.10921366643905683,
        "stdev": 0.035720174510853867,
        "robustness": 3.0574785239604965
    },
    {
        "edge": "m9->a10.h11<v>",
        "improvement": 0.10349754619598395,
        "stdev": 0.03021579973774273,
        "robustness": 3.4252790624205973
    },
    {
        "edge": "m0->a2.h6<v>",
        "improvement": 0.07094584131240866,
        "stdev": 0.0578794328510728,
        "robustness": 1.2257521854949152
    },
    {
        "edge": "a1.h4->m1",
        "improvement": 0.06580570077896164,
        "stdev": 0.036287993990220965,
        "robustness": 1.8134290034520846
    },
    {
        "edge": "a3.h8->m5",
        "improvement": 0.06432760190963771,
        "stdev": 0.06815789308677174,
        "robustness": 0.9438026763494921
    },
    {
        "edge": "a1.h3->m1",
        "improvement": 0.06384231567382859,
        "stdev": 0.04653991914140504,
        "robustness": 1.3717753887765176
    },
    {
        "edge": "a1.h11->m1",
        "improvement": 0.05266056489944493,
        "stdev": 0.033093285414279215,
        "robustness": 1.5912764248158555
    }
]