{
    "1": {
        "m11->logits": 459,
        "input->a0.h4<v>": 296,
        "input->m0": 136,
        "m2->m3": 2,
        "m1->a2.h7<v>": 3,
        "m0->m1": 1,
        "m0->a2.h7<v>": 2,
        "m0->m2": 1
    },
    "2": {
        "m11->logits": 609,
        "m0->m1": 8,
        "input->a0.h4<v>": 606,
        "a11.h8->logits": 9,
        "input->m0": 329,
        "m10->logits": 7,
        "a11.h4->logits": 24,
        "a11.h9->logits": 18,
        "a11.h3->logits": 21,
        "m2->m3": 8,
        "a2.h7->m2": 2,
        "a11.h7->logits": 23,
        "a0.h4->m0": 20,
        "m9->a10.h2<v>": 3,
        "m1->a2.h7<v>": 6,
        "m0->a2.h7<v>": 3,
        "a11.h6->logits": 22,
        "a2.h7->m3": 2,
        "m1->m3": 6,
        "a11.h5->logits": 23,
        "a11.h10->logits": 11,
        "m9->m10": 2,
        "a11.h0->logits": 11,
        "a11.h2->logits": 13,
        "m0->a3.h8<v>": 1,
        "a11.h11->logits": 9,
        "m0->m2": 3,
        "m3->m4": 1
    },
    "3": {
        "m11->logits": 744,
        "m0->m1": 20,
        "input->a0.h4<v>": 689,
        "a11.h8->logits": 21,
        "m10->logits": 15,
        "input->m0": 514,
        "a0.h4->m0": 191,
        "a2.h7->m2": 8,
        "a11.h4->logits": 62,
        "a11.h9->logits": 38,
        "a11.h3->logits": 42,
        "a11.h7->logits": 62,
        "m2->m3": 12,
        "a11.h6->logits": 43,
        "a11.h1->logits": 4,
        "m9->a10.h2<v>": 6,
        "m1->a2.h7<v>": 10,
        "m0->a2.h7<v>": 4,
        "a10.h2->m10": 1,
        "m9->m10": 8,
        "a11.h10->logits": 25,
        "a2.h7->m3": 3,
        "a11.h5->logits": 69,
        "m1->m3": 8,
        "m2->m4": 1,
        "m1->a3.h8<v>": 1,
        "a10.h10->m10": 1,
        "a11.h0->logits": 40,
        "a11.h2->logits": 25,
        "a11.h11->logits": 21,
        "m0->a3.h8<v>": 1,
        "a0.h4->m1": 1,
        "m10->a11.h3<v>": 1,
        "m0->m2": 3,
        "a1.h10->m2": 2,
        "m3->m4": 1,
        "a2.h7->m4": 1,
        "m10->a11.h5<v>": 1,
        "m10->a11.h9<v>": 1
    },
    "5": {
        "m11->logits": 878,
        "m0->m1": 176,
        "input->a0.h4<v>": 734,
        "input->m0": 615,
        "a0.h4->m0": 446,
        "a11.h8->logits": 76,
        "m10->logits": 70,
        "a11.h9->logits": 131,
        "a11.h7->logits": 218,
        "a2.h7->m2": 15,
        "a11.h3->logits": 136,
        "m10->a11.h8<v>": 2,
        "m1->a2.h7<v>": 28,
        "a11.h4->logits": 172,
        "m10->a11.h4<v>": 3,
        "a11.h2->logits": 66,
        "a11.h1->logits": 53,
        "m2->m3": 16,
        "a2.h7->m4": 3,
        "m9->m10": 20,
        "a2.h7->m3": 8,
        "m8->m9": 1,
        "a11.h6->logits": 132,
        "m10->a11.h3<v>": 3,
        "m9->a10.h2<v>": 14,
        "m0->a2.h7<v>": 17,
        "a10.h2->m10": 1,
        "m3->m7": 1,
        "m1->m2": 6,
        "m10->a11.h7<v>": 3,
        "a11.h10->logits": 57,
        "input->m1": 9,
        "a11.h5->logits": 151,
        "a1.h10->m3": 1,
        "a1.h10->m2": 4,
        "a11.h0->logits": 119,
        "m1->m3": 13,
        "a0.h4->m1": 3,
        "m2->m4": 1,
        "a11.h11->logits": 72,
        "a10.h1->m10": 1,
        "m0->m2": 8,
        "m1->a3.h8<v>": 1,
        "m2->a4.h8<v>": 1,
        "a10.h10->m10": 2,
        "m0->a3.h8<v>": 2,
        "m10->a11.h5<v>": 2,
        "m10->a11.h11<v>": 1,
        "m3->m4": 1,
        "m9->a10.h10<v>": 1,
        "m10->a11.h9<v>": 3,
        "a2.h7->m5": 1,
        "m0->a1.h4<v>": 1,
        "m9->a10.h8<v>": 1
    },
    "10": {
        "m11->logits": 886,
        "m0->m1": 379,
        "input->a0.h4<v>": 816,
        "input->m0": 725,
        "a0.h4->m0": 579,
        "a2.h7->m2": 27,
        "m3->m5": 3,
        "m0->a2.h7<v>": 36,
        "m6->m7": 2,
        "m0->m3": 6,
        "a11.h8->logits": 246,
        "m10->logits": 194,
        "a11.h9->logits": 292,
        "a11.h4->logits": 348,
        "a11.h3->logits": 379,
        "a11.h11->logits": 239,
        "a11.h7->logits": 555,
        "m10->a11.h3<v>": 70,
        "m10->a11.h8<v>": 33,
        "a10.h1->logits": 1,
        "a11.h10->logits": 230,
        "a11.h6->logits": 363,
        "a10.h2->m10": 14,
        "m9->m10": 103,
        "m1->a2.h7<v>": 61,
        "a2.h7->m4": 8,
        "m10->a11.h4<v>": 77,
        "a11.h1->logits": 349,
        "m9->a10.h1<v>": 7,
        "m10->a11.h9<v>": 49,
        "input->m1": 41,
        "a11.h2->logits": 196,
        "a11.h0->logits": 379,
        "m10->a11.h2<v>": 16,
        "a11.h5->logits": 432,
        "a11.h10->m11": 8,
        "m10->a11.h1<v>": 12,
        "m10->a11.h7<v>": 118,
        "a2.h7->m3": 32,
        "m2->m3": 42,
        "m1->a4.h8<v>": 1,
        "m8->m9": 9,
        "m2->a3.h11<v>": 2,
        "m1->m4": 2,
        "m2->a3.h8<v>": 3,
        "m1->m2": 37,
        "a10.h2->logits": 4,
        "a10.h10->m10": 4,
        "a1.h10->m2": 22,
        "m4->m5": 7,
        "a0.h1->m0": 1,
        "m3->a4.h11<v>": 1,
        "m4->a5.h11<v>": 1,
        "m9->a10.h10<v>": 12,
        "m0->a2.h11<v>": 1,
        "a2.h0->m2": 1,
        "a1.h0->m2": 1,
        "m3->m4": 17,
        "m9->a10.h2<v>": 36,
        "m3->m7": 1,
        "a1.h8->m1": 1,
        "a9.h4->m9": 1,
        "m2->m4": 10,
        "m5->m8": 1,
        "a4.h4->m4": 1,
        "a1.h10->m1": 3,
        "a0.h4->m1": 49,
        "m2->a4.h8<v>": 8,
        "m9->a10.h8<v>": 14,
        "m0->m2": 54,
        "m5->m6": 5,
        "m0->a1.h3<v>": 2,
        "m1->m3": 41,
        "m0->a1.h11<v>": 5,
        "m10->a11.h10<v>": 24,
        "m10->a11.h6<v>": 44,
        "m10->a11.h0<v>": 54,
        "a10.h8->logits": 1,
        "m0->a1.h4<v>": 5,
        "a10.h10->logits": 1,
        "a1.h10->m3": 1,
        "m10->a11.h11<v>": 29,
        "m1->a2.h11<v>": 2,
        "a9.h7->m9": 1,
        "m1->a3.h8<v>": 3,
        "a11.h4->m11": 5,
        "a11.h0->m11": 9,
        "a9.h6->m9": 2,
        "m0->a1.h10<v>": 1,
        "a1.h10->a2.h7<v>": 1,
        "a11.h3->m11": 3,
        "m9->a10.h4<v>": 5,
        "a10.h1->m10": 2,
        "a10.h4->m10": 1,
        "a3.h8->m4": 1,
        "m1->a3.h11<v>": 1,
        "a3.h1->m4": 1,
        "a11.h1->m11": 3,
        "m10->a11.h5<v>": 45,
        "m9->a10.h3<v>": 2,
        "m0->a3.h8<v>": 5,
        "a1.h10->a2.h11<v>": 1,
        "a8.h10->m8": 1,
        "a10.h6->m10": 1,
        "a11.h9->m11": 1,
        "a11.h5->m11": 7,
        "m9->a10.h6<v>": 6,
        "a11.h6->m11": 3,
        "m9->a10.h11<v>": 1,
        "a3.h8->m3": 1,
        "m3->m6": 2,
        "m0->a3.h11<v>": 1,
        "a11.h2->m11": 1,
        "m9->a10.h5<v>": 1,
        "m9->a11.h2<v>": 1,
        "a3.h11->m3": 1,
        "a2.h7->m5": 1,
        "m7->m9": 1,
        "a2.h7->m6": 1,
        "m0->a4.h8<v>": 1,
        "m0->a2.h0<v>": 1,
        "m7->m8": 2,
        "m2->m6": 1
    },
    "total_trials": 900
}