[
    {
        "edge": "full_attack",
        "improvement": 14.626026123046874,
        "stdev": 0.5263370599840081,
        "robustness": 27.788326597202296
    },
    {
        "edge": "m11->logits",
        "improvement": 4.515583897590637,
        "stdev": 0.19042389206328314,
        "robustness": 23.713326351348723
    },
    {
        "edge": "input->a0.h4<v>",
        "improvement": 2.618894911766052,
        "stdev": 1.2518937037282352,
        "robustness": 2.0919467075892966
    },
    {
        "edge": "input->m0",
        "improvement": 1.681091445922851,
        "stdev": 1.0322958274063665,
        "robustness": 1.6284977632299236
    },
    {
        "edge": "a11.h4->logits",
        "improvement": 1.1097800407409668,
        "stdev": 0.05985172376934302,
        "robustness": 18.54215669740515
    },
    {
        "edge": "m10->logits",
        "improvement": 1.0832219886779786,
        "stdev": 0.10917200485706356,
        "robustness": 9.922158982939047
    },
    {
        "edge": "m9->a10.h2<v>",
        "improvement": 1.0795586395263665,
        "stdev": 0.1491761986516426,
        "robustness": 7.236802179464031
    },
    {
        "edge": "a11.h9->logits",
        "improvement": 0.9747330169677735,
        "stdev": 0.06455338731155,
        "robustness": 15.099641669669172
    },
    {
        "edge": "a11.h8->logits",
        "improvement": 0.8713306236267089,
        "stdev": 0.058407221062080995,
        "robustness": 14.918200314659247
    },
    {
        "edge": "a10.h2->m10",
        "improvement": 0.6969664039611816,
        "stdev": 0.07481892230077265,
        "robustness": 9.315376144544976
    },
    {
        "edge": "m10->a11.h4<v>",
        "improvement": 0.6836448364257812,
        "stdev": 0.049061810980548216,
        "robustness": 13.934357961161062
    },
    {
        "edge": "a11.h3->logits",
        "improvement": 0.5966040534973143,
        "stdev": 0.045739813340640055,
        "robustness": 13.043429999466756
    },
    {
        "edge": "a0.h4->m0",
        "improvement": 0.5721559562683103,
        "stdev": 0.5293704336342093,
        "robustness": 1.0808234081763346
    },
    {
        "edge": "a11.h7->logits",
        "improvement": 0.5557378768920893,
        "stdev": 0.03378244480285148,
        "robustness": 16.45049315214691
    },
    {
        "edge": "a11.h2->logits",
        "improvement": 0.5253324241638184,
        "stdev": 0.03486919296053812,
        "robustness": 15.065803924924312
    },
    {
        "edge": "m2->m3",
        "improvement": 0.5110145034790037,
        "stdev": 0.48339843201314786,
        "robustness": 1.0571290050545814
    },
    {
        "edge": "m0->m1",
        "improvement": 0.5025875701904292,
        "stdev": 0.4105708178984494,
        "robustness": 1.2241190758831262
    },
    {
        "edge": "a10.h2->logits",
        "improvement": 0.49011079788208,
        "stdev": 0.0396172366939735,
        "robustness": 12.371150508754054
    },
    {
        "edge": "a11.h11->logits",
        "improvement": 0.4893074722290036,
        "stdev": 0.03657792050678636,
        "robustness": 13.377126568423199
    },
    {
        "edge": "m8->m9",
        "improvement": 0.45254599761962844,
        "stdev": 0.21774373885023535,
        "robustness": 2.0783421833814044
    },
    {
        "edge": "m9->m10",
        "improvement": 0.41968792724609383,
        "stdev": 0.07236885498935551,
        "robustness": 5.799289311787844
    },
    {
        "edge": "m10->a11.h8<v>",
        "improvement": 0.32170129394531255,
        "stdev": 0.03118571209267748,
        "robustness": 10.315662922471768
    },
    {
        "edge": "m9->a10.h6<v>",
        "improvement": 0.3095028953552239,
        "stdev": 0.04003508919283202,
        "robustness": 7.730790703736913
    },
    {
        "edge": "a11.h4->m11",
        "improvement": 0.27770522308349577,
        "stdev": 0.033963483736469534,
        "robustness": 8.17658239179097
    },
    {
        "edge": "m10->a11.h9<v>",
        "improvement": 0.2567573585510248,
        "stdev": 0.027736790098027972,
        "robustness": 9.256924021979014
    },
    {
        "edge": "m1->m2",
        "improvement": 0.23051225280761667,
        "stdev": 0.2481962283245773,
        "robustness": 0.9287500231718488
    },
    {
        "edge": "m0->a2.h7<v>",
        "improvement": 0.21916220855712876,
        "stdev": 0.24141907722786218,
        "robustness": 0.9078081611184091
    },
    {
        "edge": "a11.h6->logits",
        "improvement": 0.1966622200012207,
        "stdev": 0.009710694882521938,
        "robustness": 20.25212638028496
    },
    {
        "edge": "m9->a10.h10<v>",
        "improvement": 0.18473785781860297,
        "stdev": 0.024877455778281137,
        "robustness": 7.425914428913804
    },
    {
        "edge": "m1->m3",
        "improvement": 0.16622315216064454,
        "stdev": 0.20245101046797043,
        "robustness": 0.8210537046785574
    },
    {
        "edge": "a10.h2->m11",
        "improvement": 0.16083681869506794,
        "stdev": 0.027848580036913283,
        "robustness": 5.775404651938404
    },
    {
        "edge": "a11.h0->logits",
        "improvement": 0.15683241271972648,
        "stdev": 0.009304935742284736,
        "robustness": 16.854755052958357
    },
    {
        "edge": "m0->m2",
        "improvement": 0.14475217056274392,
        "stdev": 0.18262354659158336,
        "robustness": 0.7926259962876834
    },
    {
        "edge": "input->m1",
        "improvement": 0.139536163330078,
        "stdev": 0.15469504987226332,
        "robustness": 0.9020079404305278
    },
    {
        "edge": "a11.h10->logits",
        "improvement": 0.1381156768798828,
        "stdev": 0.007933687860296908,
        "robustness": 17.408761135040923
    },
    {
        "edge": "m8->a10.h2<v>",
        "improvement": 0.13466749954223634,
        "stdev": 0.02707289500863029,
        "robustness": 4.974255597685695
    },
    {
        "edge": "a0.h4->m1",
        "improvement": 0.1316734695434567,
        "stdev": 0.13105438398346192,
        "robustness": 1.0047238828734864
    },
    {
        "edge": "m10->a11.h2<v>",
        "improvement": 0.12796087646484366,
        "stdev": 0.012668492319542096,
        "robustness": 10.100718636222753
    },
    {
        "edge": "m9->a11.h11<v>",
        "improvement": 0.12004423904418893,
        "stdev": 0.015736504896309452,
        "robustness": 7.628392698072485
    },
    {
        "edge": "m9->a11.h9<v>",
        "improvement": 0.11809244155883736,
        "stdev": 0.019817252645801923,
        "robustness": 5.959072312874509
    },
    {
        "edge": "m7->m8",
        "improvement": 0.10410108566284126,
        "stdev": 0.09904954129161384,
        "robustness": 1.0510001793582775
    },
    {
        "edge": "m9->a11.h7<v>",
        "improvement": 0.07793541717529262,
        "stdev": 0.007284125559744822,
        "robustness": 10.699351148749674
    },
    {
        "edge": "a10.h6->logits",
        "improvement": 0.0626309700012202,
        "stdev": 0.007962909582392232,
        "robustness": 7.8653373309313
    },
    {
        "edge": "a10.h3->logits",
        "improvement": 0.03707983016967731,
        "stdev": 0.006309331101885035,
        "robustness": 5.876982768997333
    },
    {
        "edge": "m0->a1.h11<v>",
        "improvement": 0.0364655723571774,
        "stdev": 0.05400962157306954,
        "robustness": 0.6751680773738283
    },
    {
        "edge": "m8->a9.h5<v>",
        "improvement": 0.03456910324096629,
        "stdev": 0.02661817907285087,
        "robustness": 1.2987027830248894
    },
    {
        "edge": "m0->a1.h3<v>",
        "improvement": 0.03278320693969672,
        "stdev": 0.06131004458164382,
        "robustness": 0.5347118431147249
    },
    {
        "edge": "a1.h3->m1",
        "improvement": 0.021639839172363118,
        "stdev": 0.039992364025134716,
        "robustness": 0.5410992748206318
    },
    {
        "edge": "m0->a1.h4<v>",
        "improvement": 0.020062942504882386,
        "stdev": 0.050015067513663865,
        "robustness": 0.4011379670616518
    },
    {
        "edge": "a1.h11->m1",
        "improvement": 0.010759563446044673,
        "stdev": 0.02427798005009066,
        "robustness": 0.4431819872924105
    },
    {
        "edge": "a1.h4->m1",
        "improvement": 0.005535434722900412,
        "stdev": 0.022763660797880645,
        "robustness": 0.24316979470260666
    }
]