[
    {
        "edge": "full_attack",
        "improvement": 14.502638412475585,
        "stdev": 0.43449972820802774,
        "robustness": 33.37778477396902
    },
    {
        "edge": "m11->logits",
        "improvement": 4.015716306686401,
        "stdev": 0.13540491485506573,
        "robustness": 29.657094138604425
    },
    {
        "edge": "input->a0.h4<v>",
        "improvement": 2.254629892349243,
        "stdev": 1.069626070131984,
        "robustness": 2.107867370950521
    },
    {
        "edge": "input->m0",
        "improvement": 2.0043962631225583,
        "stdev": 1.0548747133184486,
        "robustness": 1.9001273211081944
    },
    {
        "edge": "a11.h4->logits",
        "improvement": 0.8015288810729979,
        "stdev": 0.037613615153435025,
        "robustness": 21.309541180856133
    },
    {
        "edge": "a11.h9->logits",
        "improvement": 0.7623906059265133,
        "stdev": 0.04376526469724041,
        "robustness": 17.419993028731422
    },
    {
        "edge": "m10->logits",
        "improvement": 0.7364028892517087,
        "stdev": 0.08009522867822123,
        "robustness": 9.194091850466801
    },
    {
        "edge": "a11.h8->logits",
        "improvement": 0.585986728668213,
        "stdev": 0.039411478574071596,
        "robustness": 14.868427926825552
    },
    {
        "edge": "a0.h4->m0",
        "improvement": 0.5851167068481447,
        "stdev": 0.47641455829524565,
        "robustness": 1.228167142796534
    },
    {
        "edge": "a11.h3->logits",
        "improvement": 0.5718934249877927,
        "stdev": 0.03124120035258591,
        "robustness": 18.3057442906625
    },
    {
        "edge": "m10->a11.h4<v>",
        "improvement": 0.4795611000061033,
        "stdev": 0.03739255684667865,
        "robustness": 12.825041678012445
    },
    {
        "edge": "m9->m10",
        "improvement": 0.44956103897094657,
        "stdev": 0.07286524386912024,
        "robustness": 6.169759615138916
    },
    {
        "edge": "m9->a10.h1<v>",
        "improvement": 0.4093721847534173,
        "stdev": 0.06327436807561837,
        "robustness": 6.469794913861201
    },
    {
        "edge": "a11.h7->logits",
        "improvement": 0.3924595565795892,
        "stdev": 0.025541301131353427,
        "robustness": 15.365683782562758
    },
    {
        "edge": "a11.h1->logits",
        "improvement": 0.37113290405273425,
        "stdev": 0.023154126848718284,
        "robustness": 16.028801538386606
    },
    {
        "edge": "m10->a11.h9<v>",
        "improvement": 0.35482271957397415,
        "stdev": 0.033897074493177935,
        "robustness": 10.46765022879438
    },
    {
        "edge": "a11.h2->logits",
        "improvement": 0.33396001815795895,
        "stdev": 0.023728194910096652,
        "robustness": 14.07439627933327
    },
    {
        "edge": "m10->a11.h3<v>",
        "improvement": 0.306000133514404,
        "stdev": 0.025410486956535278,
        "robustness": 12.042277428127147
    },
    {
        "edge": "m10->a11.h7<v>",
        "improvement": 0.26242341613769504,
        "stdev": 0.02737765037832554,
        "robustness": 9.585315485855265
    },
    {
        "edge": "m10->a11.h1<v>",
        "improvement": 0.2568153152465813,
        "stdev": 0.02125134297464182,
        "robustness": 12.084662863567086
    },
    {
        "edge": "m0->m1",
        "improvement": 0.23774068832397433,
        "stdev": 0.21007776060720454,
        "robustness": 1.1316794678161717
    },
    {
        "edge": "a11.h11->logits",
        "improvement": 0.2216743316650387,
        "stdev": 0.021098698893540466,
        "robustness": 10.506540369316614
    },
    {
        "edge": "a11.h0->logits",
        "improvement": 0.2214882316589355,
        "stdev": 0.010075805761953313,
        "robustness": 21.982185533516816
    },
    {
        "edge": "a11.h4->m11",
        "improvement": 0.21925130462646436,
        "stdev": 0.02193892290519747,
        "robustness": 9.99371325446986
    },
    {
        "edge": "m9->a10.h10<v>",
        "improvement": 0.21883992385864204,
        "stdev": 0.03193133503226024,
        "robustness": 6.853453625961707
    },
    {
        "edge": "m10->m11",
        "improvement": 0.2134139289855952,
        "stdev": 0.03243646699810033,
        "robustness": 6.579444333382361
    },
    {
        "edge": "m9->a10.h6<v>",
        "improvement": 0.20795382690429687,
        "stdev": 0.026899794780348263,
        "robustness": 7.730684512739043
    },
    {
        "edge": "a11.h5->logits",
        "improvement": 0.15266310119628912,
        "stdev": 0.007352580128966293,
        "robustness": 20.763201286968112
    },
    {
        "edge": "a10.h10->m10",
        "improvement": 0.13815030288696217,
        "stdev": 0.02249760129749312,
        "robustness": 6.140668112131407
    },
    {
        "edge": "m9->a10.h5<v>",
        "improvement": 0.12293459701538012,
        "stdev": 0.019525437740005355,
        "robustness": 6.296125016623899
    },
    {
        "edge": "m10->a11.h11<v>",
        "improvement": 0.10305089950561452,
        "stdev": 0.011448640537657657,
        "robustness": 9.001147268678093
    },
    {
        "edge": "a10.h5->m10",
        "improvement": 0.101580207824707,
        "stdev": 0.016332484956279272,
        "robustness": 6.219519448303728
    },
    {
        "edge": "m0->m2",
        "improvement": 0.09216095352172804,
        "stdev": 0.09444875033587818,
        "robustness": 0.9757773733795917
    },
    {
        "edge": "a11.h6->logits",
        "improvement": 0.08376722717285112,
        "stdev": 0.005186213698199782,
        "robustness": 16.15190426918352
    },
    {
        "edge": "a10.h1->m10",
        "improvement": 0.0792266082763673,
        "stdev": 0.021023034980546196,
        "robustness": 3.76856188222491
    },
    {
        "edge": "m2->m3",
        "improvement": 0.07661271667480474,
        "stdev": 0.1434940160212652,
        "robustness": 0.5339087914540704
    },
    {
        "edge": "input->m1",
        "improvement": 0.06591231155395505,
        "stdev": 0.05855618422801772,
        "robustness": 1.125625114117624
    },
    {
        "edge": "a0.h4->m1",
        "improvement": 0.06004106140136667,
        "stdev": 0.04469287244478034,
        "robustness": 1.343414690464337
    },
    {
        "edge": "a11.h0->m11",
        "improvement": 0.05119715118408141,
        "stdev": 0.008401650741177397,
        "robustness": 6.0937014357379375
    },
    {
        "edge": "m0->m3",
        "improvement": 0.042925441741942905,
        "stdev": 0.0479486255854683,
        "robustness": 0.8952382100176869
    },
    {
        "edge": "a10.h6->m10",
        "improvement": 0.03363599014282226,
        "stdev": 0.015403505304587393,
        "robustness": 2.1836581659633643
    },
    {
        "edge": "m1->m2",
        "improvement": 0.026985645294189453,
        "stdev": 0.07058244854075114,
        "robustness": 0.3823279845358319
    },
    {
        "edge": "m0->a1.h11<v>",
        "improvement": 0.025954158782958814,
        "stdev": 0.030115443119081504,
        "robustness": 0.8618222444986688
    },
    {
        "edge": "m0->a1.h3<v>",
        "improvement": 0.023250476837158196,
        "stdev": 0.0324350398628838,
        "robustness": 0.7168320722110251
    },
    {
        "edge": "a10.h3->m10",
        "improvement": 0.017493671417236456,
        "stdev": 0.008301601144635412,
        "robustness": 2.107264744770479
    },
    {
        "edge": "m1->a3.h8<v>",
        "improvement": 0.01595891189575127,
        "stdev": 0.03731682791403806,
        "robustness": 0.427659926843561
    },
    {
        "edge": "m0->a1.h4<v>",
        "improvement": 0.010899387359619261,
        "stdev": 0.014290236482372504,
        "robustness": 0.7627156746540918
    },
    {
        "edge": "a1.h3->m1",
        "improvement": 0.009769588470458501,
        "stdev": 0.014034189821565476,
        "robustness": 0.6961277134392307
    },
    {
        "edge": "a1.h11->m1",
        "improvement": 0.00818010711669892,
        "stdev": 0.016215852082046966,
        "robustness": 0.5044512662862379
    },
    {
        "edge": "a1.h4->m1",
        "improvement": 0.0031170310974122373,
        "stdev": 0.008215021967929823,
        "robustness": 0.37943064663498716
    },
    {
        "edge": "a10.h4->m10",
        "improvement": -0.010529781341553246,
        "stdev": 0.007195545345179005,
        "robustness": -1.4633750239108936
    }
]