[
    {
        "edge": "full_attack",
        "improvement": 14.231358444213868,
        "stdev": 0.6001365231962861,
        "robustness": 23.713534994368658
    },
    {
        "edge": "m11->logits",
        "improvement": 4.239363858699798,
        "stdev": 0.19028481505084496,
        "robustness": 22.27904448164727
    },
    {
        "edge": "input->a0.h4<v>",
        "improvement": 4.068072430610657,
        "stdev": 1.4601578681726937,
        "robustness": 2.7860497274186
    },
    {
        "edge": "input->m0",
        "improvement": 3.629286157846451,
        "stdev": 1.504894770697753,
        "robustness": 2.411654441568504
    },
    {
        "edge": "a0.h4->m0",
        "improvement": 1.529663213729859,
        "stdev": 0.8313662651108776,
        "robustness": 1.8399389991195407
    },
    {
        "edge": "a11.h4->logits",
        "improvement": 1.4279108581542976,
        "stdev": 0.08698560034326114,
        "robustness": 16.415485465634536
    },
    {
        "edge": "m10->logits",
        "improvement": 1.2508303356170654,
        "stdev": 0.15932416054517382,
        "robustness": 7.850851567878887
    },
    {
        "edge": "a11.h9->logits",
        "improvement": 1.1264805793762207,
        "stdev": 0.08366860226588978,
        "robustness": 13.463599831587805
    },
    {
        "edge": "m0->m1",
        "improvement": 1.0150806751251222,
        "stdev": 0.575101396825242,
        "robustness": 1.765046443511905
    },
    {
        "edge": "a11.h8->logits",
        "improvement": 0.9188797111511233,
        "stdev": 0.08274102607940988,
        "robustness": 11.105490887546374
    },
    {
        "edge": "a11.h3->logits",
        "improvement": 0.8157397384643561,
        "stdev": 0.062421048610948646,
        "robustness": 13.068344038060191
    },
    {
        "edge": "m10->a11.h4<v>",
        "improvement": 0.79660221862793,
        "stdev": 0.09017410520805041,
        "robustness": 8.83404627958329
    },
    {
        "edge": "a11.h7->logits",
        "improvement": 0.7277865371704104,
        "stdev": 0.0673460859674063,
        "robustness": 10.806664213903087
    },
    {
        "edge": "a11.h2->logits",
        "improvement": 0.7171774406433107,
        "stdev": 0.06014632197823598,
        "robustness": 11.923878585673489
    },
    {
        "edge": "m9->m10",
        "improvement": 0.7063501472473144,
        "stdev": 0.16687649242020342,
        "robustness": 4.232772016017026
    },
    {
        "edge": "m10->a11.h3<v>",
        "improvement": 0.5247077999114991,
        "stdev": 0.049185865289061895,
        "robustness": 10.6678574592076
    },
    {
        "edge": "a10.h2->m10",
        "improvement": 0.4951235160827636,
        "stdev": 0.11665910404391704,
        "robustness": 4.244190971125334
    },
    {
        "edge": "m10->a11.h9<v>",
        "improvement": 0.4520126819610599,
        "stdev": 0.058686757609044425,
        "robustness": 7.702123960779163
    },
    {
        "edge": "m9->a10.h10<v>",
        "improvement": 0.41365029525756913,
        "stdev": 0.07527966881711644,
        "robustness": 5.494847436995059
    },
    {
        "edge": "a11.h1->logits",
        "improvement": 0.4110407295227052,
        "stdev": 0.040446506244497415,
        "robustness": 10.162576887061181
    },
    {
        "edge": "m10->a11.h2<v>",
        "improvement": 0.3831821594238285,
        "stdev": 0.04347762671662524,
        "robustness": 8.813318213556146
    },
    {
        "edge": "m10->a11.h8<v>",
        "improvement": 0.36752627563476636,
        "stdev": 0.061286633891216594,
        "robustness": 5.99684225253949
    },
    {
        "edge": "m9->a10.h2<v>",
        "improvement": 0.3524641075134278,
        "stdev": 0.11352346701348935,
        "robustness": 3.104768703650907
    },
    {
        "edge": "a2.h7->m2",
        "improvement": 0.31659490966796877,
        "stdev": 0.2697877852898539,
        "robustness": 1.1734960844421711
    },
    {
        "edge": "a10.h10->m10",
        "improvement": 0.2871552276611329,
        "stdev": 0.09132238019487753,
        "robustness": 3.1444124326190095
    },
    {
        "edge": "m10->a11.h7<v>",
        "improvement": 0.2757387428283691,
        "stdev": 0.03787000360220153,
        "robustness": 7.281191354635607
    },
    {
        "edge": "a11.h4->m11",
        "improvement": 0.25953358078002964,
        "stdev": 0.04455357120868117,
        "robustness": 5.8252026434518465
    },
    {
        "edge": "a11.h5->logits",
        "improvement": 0.24806240081787134,
        "stdev": 0.02119844913833137,
        "robustness": 11.701912682344343
    },
    {
        "edge": "m0->m2",
        "improvement": 0.24393270111084053,
        "stdev": 0.19173224333596486,
        "robustness": 1.2722570646785103
    },
    {
        "edge": "m9->a10.h6<v>",
        "improvement": 0.22161724090576218,
        "stdev": 0.06643075093159638,
        "robustness": 3.3360640636737804
    },
    {
        "edge": "m9->a10.h5<v>",
        "improvement": 0.21985621643066455,
        "stdev": 0.037313332209067344,
        "robustness": 5.892162490307909
    },
    {
        "edge": "a11.h3->m11",
        "improvement": 0.20054021453857462,
        "stdev": 0.027492921133577788,
        "robustness": 7.294249074669984
    },
    {
        "edge": "input->m1",
        "improvement": 0.1906605491638187,
        "stdev": 0.22317327236809384,
        "robustness": 0.8543162321397975
    },
    {
        "edge": "a11.h0->logits",
        "improvement": 0.18898368072509797,
        "stdev": 0.01602020629027743,
        "robustness": 11.796582222526752
    },
    {
        "edge": "a0.h4->m1",
        "improvement": 0.1873129081726077,
        "stdev": 0.18647549878277134,
        "robustness": 1.0044907207397358
    },
    {
        "edge": "a10.h10->logits",
        "improvement": 0.16916305160522516,
        "stdev": 0.017051151084652705,
        "robustness": 9.920916820535616
    },
    {
        "edge": "m9->a11.h4<v>",
        "improvement": 0.164700344085694,
        "stdev": 0.031423134342491006,
        "robustness": 5.241372241564802
    },
    {
        "edge": "a11.h2->m11",
        "improvement": 0.14319296646118218,
        "stdev": 0.0204969726294689,
        "robustness": 6.986054431048556
    },
    {
        "edge": "a11.h8->m11",
        "improvement": 0.14053052520752018,
        "stdev": 0.03997321363262348,
        "robustness": 3.515617395665894
    },
    {
        "edge": "m1->m3",
        "improvement": 0.129388626098633,
        "stdev": 0.14027696756704947,
        "robustness": 0.9223796917108857
    },
    {
        "edge": "m9->a10.h3<v>",
        "improvement": 0.12869298171997112,
        "stdev": 0.031538348022914865,
        "robustness": 4.080523863408016
    },
    {
        "edge": "m1->m2",
        "improvement": 0.12094185638427746,
        "stdev": 0.088852925811444,
        "robustness": 1.3611465832979976
    },
    {
        "edge": "a9.h4->m9",
        "improvement": 0.0982222785949709,
        "stdev": 0.11983586953774834,
        "robustness": 0.8196400541327974
    },
    {
        "edge": "a11.h6->logits",
        "improvement": 0.09752043914794939,
        "stdev": 0.010563975907139058,
        "robustness": 9.231414384620642
    },
    {
        "edge": "m0->m3",
        "improvement": 0.09596519088745126,
        "stdev": 0.08651382284934732,
        "robustness": 1.1092469125374598
    },
    {
        "edge": "m0->a1.h11<v>",
        "improvement": 0.08179191207885772,
        "stdev": 0.09719290411091795,
        "robustness": 0.8415420120126836
    },
    {
        "edge": "m0->a1.h3<v>",
        "improvement": 0.07594212722778337,
        "stdev": 0.08797124258532805,
        "robustness": 0.8632608224684676
    },
    {
        "edge": "m3->m4",
        "improvement": 0.06800736618041991,
        "stdev": 0.06731756373600285,
        "robustness": 1.0102469906237581
    },
    {
        "edge": "a9.h5->m9",
        "improvement": 0.05795860671997133,
        "stdev": 0.07006056022627362,
        "robustness": 0.8272643914462462
    },
    {
        "edge": "a11.h0->m11",
        "improvement": 0.05659832382202179,
        "stdev": 0.017323631168456925,
        "robustness": 3.2671166496015394
    },
    {
        "edge": "m0->a1.h4<v>",
        "improvement": 0.05276009750366217,
        "stdev": 0.05401378728815214,
        "robustness": 0.9767894486309245
    }
]