[
    {
        "edge": "full_attack",
        "improvement": 14.367921970367432,
        "stdev": 0.39463065000796776,
        "robustness": 36.408530280345275
    },
    {
        "edge": "m11->logits",
        "improvement": 4.528300954818725,
        "stdev": 0.17337992732194277,
        "robustness": 26.11779243862694
    },
    {
        "edge": "input->a0.h4<v>",
        "improvement": 3.888234327316284,
        "stdev": 1.4317835095375555,
        "robustness": 2.7156579897837525
    },
    {
        "edge": "input->m0",
        "improvement": 3.3796879606246946,
        "stdev": 1.294842029813244,
        "robustness": 2.610116047215543
    },
    {
        "edge": "a0.h4->m0",
        "improvement": 1.5398233318328858,
        "stdev": 0.8483929372296953,
        "robustness": 1.8149883907107438
    },
    {
        "edge": "a11.h8->logits",
        "improvement": 0.8477489242553711,
        "stdev": 0.06763720991074193,
        "robustness": 12.533765443224384
    },
    {
        "edge": "m0->m1",
        "improvement": 0.8124113540649409,
        "stdev": 0.5196859663170651,
        "robustness": 1.5632736050626417
    },
    {
        "edge": "a11.h3->logits",
        "improvement": 0.7660401268005366,
        "stdev": 0.05179751002271676,
        "robustness": 14.78913033589019
    },
    {
        "edge": "a11.h7->logits",
        "improvement": 0.7006606712341306,
        "stdev": 0.05130307694550444,
        "robustness": 13.65728359681802
    },
    {
        "edge": "a11.h2->logits",
        "improvement": 0.5768530349731442,
        "stdev": 0.03749182134327924,
        "robustness": 15.386103270134955
    },
    {
        "edge": "a11.h1->logits",
        "improvement": 0.511345893859863,
        "stdev": 0.03480842380321712,
        "robustness": 14.690291544100383
    },
    {
        "edge": "a11.h11->logits",
        "improvement": 0.46234310150146474,
        "stdev": 0.03879357667259095,
        "robustness": 11.918032343435007
    },
    {
        "edge": "m10->a11.h1<v>",
        "improvement": 0.3671295623779294,
        "stdev": 0.036873034821348974,
        "robustness": 9.956586545064267
    },
    {
        "edge": "m10->a11.h7<v>",
        "improvement": 0.35493095016479437,
        "stdev": 0.06136942257338428,
        "robustness": 5.783514579111044
    },
    {
        "edge": "m10->a11.h2<v>",
        "improvement": 0.3359085121154779,
        "stdev": 0.025853859676779896,
        "robustness": 12.992586651082009
    },
    {
        "edge": "a11.h0->logits",
        "improvement": 0.3355915794372555,
        "stdev": 0.011562595713458537,
        "robustness": 29.023896342465413
    },
    {
        "edge": "a11.h5->logits",
        "improvement": 0.31755723953247017,
        "stdev": 0.01401836106571126,
        "robustness": 22.65295051567842
    },
    {
        "edge": "m10->a11.h3<v>",
        "improvement": 0.29277106857299806,
        "stdev": 0.03048594101537441,
        "robustness": 9.603478154909185
    },
    {
        "edge": "m10->a11.h5<v>",
        "improvement": 0.26620124816894464,
        "stdev": 0.02770612283913403,
        "robustness": 9.608029593839227
    },
    {
        "edge": "a10.h1->logits",
        "improvement": 0.25043690109252914,
        "stdev": 0.029991116550571604,
        "robustness": 8.350369372551954
    },
    {
        "edge": "m10->m11",
        "improvement": 0.19971388244628852,
        "stdev": 0.031366730179700736,
        "robustness": 6.367060936926578
    },
    {
        "edge": "m9->a10.h10<v>",
        "improvement": 0.18860961914062457,
        "stdev": 0.03925682297996979,
        "robustness": 4.804505429205513
    },
    {
        "edge": "a11.h10->m11",
        "improvement": 0.18674852752685478,
        "stdev": 0.01839558870808965,
        "robustness": 10.151810332915858
    },
    {
        "edge": "m0->m2",
        "improvement": 0.18025442123413082,
        "stdev": 0.12385869720567737,
        "robustness": 1.4553230842950318
    },
    {
        "edge": "a11.h10->logits",
        "improvement": 0.17732746124267518,
        "stdev": 0.015324052250671759,
        "robustness": 11.57183872398384
    },
    {
        "edge": "a11.h6->logits",
        "improvement": 0.16020320892333917,
        "stdev": 0.008689750130274367,
        "robustness": 18.43588210496462
    },
    {
        "edge": "m9->a10.h1<v>",
        "improvement": 0.15435405731201168,
        "stdev": 0.0744810138479515,
        "robustness": 2.072394686075517
    },
    {
        "edge": "a11.h7->m11",
        "improvement": 0.13160396575927713,
        "stdev": 0.027687578251708145,
        "robustness": 4.7531772032520765
    },
    {
        "edge": "m8->m9",
        "improvement": 0.12411626434326095,
        "stdev": 0.14954057740353482,
        "robustness": 0.8299838511946731
    },
    {
        "edge": "m9->a10.h3<v>",
        "improvement": 0.11562930679321237,
        "stdev": 0.03042186844995788,
        "robustness": 3.800861442268595
    },
    {
        "edge": "a11.h1->m11",
        "improvement": 0.11403050231933598,
        "stdev": 0.01737767690858729,
        "robustness": 6.561895638823109
    },
    {
        "edge": "m9->a10.h9<v>",
        "improvement": 0.11330171203613215,
        "stdev": 0.02431439586911791,
        "robustness": 4.659861287363443
    },
    {
        "edge": "a11.h2->m11",
        "improvement": 0.1053274993896478,
        "stdev": 0.013397277930444996,
        "robustness": 7.861858202575133
    },
    {
        "edge": "input->m1",
        "improvement": 0.09934846496581962,
        "stdev": 0.135650122748554,
        "robustness": 0.7323875788153582
    },
    {
        "edge": "a11.h0->m11",
        "improvement": 0.09625581741333011,
        "stdev": 0.009834052664846157,
        "robustness": 9.788011178485583
    },
    {
        "edge": "a0.h4->m1",
        "improvement": 0.09135074234008744,
        "stdev": 0.08655966933278697,
        "robustness": 1.0553499458146118
    },
    {
        "edge": "m1->m3",
        "improvement": 0.0835369377136228,
        "stdev": 0.1209720341345582,
        "robustness": 0.6905475163020237
    },
    {
        "edge": "m0->m3",
        "improvement": 0.05684925460815382,
        "stdev": 0.048483968825518434,
        "robustness": 1.1725371496038193
    },
    {
        "edge": "a11.h5->m11",
        "improvement": 0.05562110137939413,
        "stdev": 0.008992926116772031,
        "robustness": 6.184983692422358
    },
    {
        "edge": "m10->a11.h9<v>",
        "improvement": 0.05427730560302724,
        "stdev": 0.02427912982021323,
        "robustness": 2.2355539924597903
    },
    {
        "edge": "m0->a2.h7<v>",
        "improvement": 0.05015942382812444,
        "stdev": 0.11534561548877434,
        "robustness": 0.4348619894702981
    },
    {
        "edge": "m0->a1.h11<v>",
        "improvement": 0.04570936584472651,
        "stdev": 0.06924366778911062,
        "robustness": 0.6601234062866157
    },
    {
        "edge": "m0->a1.h3<v>",
        "improvement": 0.039006206512451236,
        "stdev": 0.06823084639882586,
        "robustness": 0.5716799449394265
    },
    {
        "edge": "m2->m4",
        "improvement": 0.03629518127441411,
        "stdev": 0.07349950560922792,
        "robustness": 0.4938153117298958
    },
    {
        "edge": "m0->a2.h6<v>",
        "improvement": 0.03430018234252863,
        "stdev": 0.05205720895490828,
        "robustness": 0.6588939943407126
    },
    {
        "edge": "m0->a1.h4<v>",
        "improvement": 0.03423896026611306,
        "stdev": 0.06228408068832724,
        "robustness": 0.5497224955032505
    },
    {
        "edge": "a10.h4->logits",
        "improvement": 0.021761955261229815,
        "stdev": 0.0036930653074344192,
        "robustness": 5.892653784762852
    },
    {
        "edge": "a1.h3->m1",
        "improvement": 0.0204231414794922,
        "stdev": 0.03520457401000969,
        "robustness": 0.5801274991620494
    },
    {
        "edge": "a1.h11->m1",
        "improvement": 0.019110431671141903,
        "stdev": 0.03224626311251157,
        "robustness": 0.5926401953759115
    },
    {
        "edge": "a1.h4->m1",
        "improvement": 0.015956916809082067,
        "stdev": 0.04069209315912138,
        "robustness": 0.39213801921381936
    },
    {
        "edge": "a10.h8->logits",
        "improvement": 0.007301219940185177,
        "stdev": 0.00241282558885633,
        "robustness": 3.0260040236252332
    }
]