[
    {
        "edge": "full_attack",
        "improvement": 14.082083499908446,
        "stdev": 0.6461910159964827,
        "robustness": 21.792447049411003
    },
    {
        "edge": "m11->logits",
        "improvement": 4.840208076000213,
        "stdev": 0.18381061797170598,
        "robustness": 26.33258148745938
    },
    {
        "edge": "input->a0.h4<v>",
        "improvement": 4.077819055080413,
        "stdev": 1.3858801917513506,
        "robustness": 2.9424037368823583
    },
    {
        "edge": "input->m0",
        "improvement": 3.4506984007358548,
        "stdev": 1.5031110721160919,
        "robustness": 2.295704199609104
    },
    {
        "edge": "a0.h4->m0",
        "improvement": 1.5168133373260497,
        "stdev": 0.8239426698090838,
        "robustness": 1.8409209680541383
    },
    {
        "edge": "a11.h8->logits",
        "improvement": 1.3872879657745356,
        "stdev": 0.10479770403876022,
        "robustness": 13.23777060288875
    },
    {
        "edge": "m10->logits",
        "improvement": 1.3461160182952874,
        "stdev": 0.15591683086069888,
        "robustness": 8.63355168819427
    },
    {
        "edge": "a11.h9->logits",
        "improvement": 1.1291501960754387,
        "stdev": 0.11155086185741869,
        "robustness": 10.12229020264037
    },
    {
        "edge": "m0->m1",
        "improvement": 1.0336824512481684,
        "stdev": 0.46280364459141743,
        "robustness": 2.2335227116907146
    },
    {
        "edge": "a11.h3->logits",
        "improvement": 0.8055110855102532,
        "stdev": 0.05757061551214317,
        "robustness": 13.991705288270708
    },
    {
        "edge": "a11.h7->logits",
        "improvement": 0.7746829757690428,
        "stdev": 0.07762028993025673,
        "robustness": 9.980418476471936
    },
    {
        "edge": "a11.h11->logits",
        "improvement": 0.5995129890441886,
        "stdev": 0.058031595827220665,
        "robustness": 10.330803082326701
    },
    {
        "edge": "m10->a11.h8<v>",
        "improvement": 0.5231575584411621,
        "stdev": 0.05798073582360147,
        "robustness": 9.022954797138105
    },
    {
        "edge": "a10.h2->m10",
        "improvement": 0.5203795242309566,
        "stdev": 0.08520561401986759,
        "robustness": 6.107338468444326
    },
    {
        "edge": "a11.h1->logits",
        "improvement": 0.5167463073730465,
        "stdev": 0.06166153539622401,
        "robustness": 8.380367177893703
    },
    {
        "edge": "m9->m10",
        "improvement": 0.472922630310058,
        "stdev": 0.11285126280383373,
        "robustness": 4.190672027588442
    },
    {
        "edge": "m8->m9",
        "improvement": 0.4373179206848139,
        "stdev": 0.2095872619331167,
        "robustness": 2.0865672686938885
    },
    {
        "edge": "m9->a10.h1<v>",
        "improvement": 0.4004969291687006,
        "stdev": 0.09040942799064075,
        "robustness": 4.429813771304475
    },
    {
        "edge": "a10.h1->logits",
        "improvement": 0.3778228111267081,
        "stdev": 0.03741450903032892,
        "robustness": 10.098296647977866
    },
    {
        "edge": "m10->a11.h3<v>",
        "improvement": 0.36850687789916936,
        "stdev": 0.03930794159084696,
        "robustness": 9.374870903567688
    },
    {
        "edge": "a11.h10->logits",
        "improvement": 0.36821691513061516,
        "stdev": 0.027143498938684524,
        "robustness": 13.565565587634604
    },
    {
        "edge": "m10->m11",
        "improvement": 0.3541683616638176,
        "stdev": 0.0552966586668189,
        "robustness": 6.4048781644801
    },
    {
        "edge": "a11.h6->logits",
        "improvement": 0.3489597015380852,
        "stdev": 0.02138870516995326,
        "robustness": 16.315139171131403
    },
    {
        "edge": "m9->a10.h6<v>",
        "improvement": 0.28471064758300724,
        "stdev": 0.048182535493269465,
        "robustness": 5.909000941280435
    },
    {
        "edge": "a11.h5->logits",
        "improvement": 0.27794751358032155,
        "stdev": 0.019728570113390596,
        "robustness": 14.088578745586183
    },
    {
        "edge": "m9->a10.h10<v>",
        "improvement": 0.2777942161560052,
        "stdev": 0.03759498675788728,
        "robustness": 7.389129246008448
    },
    {
        "edge": "m9->a10.h2<v>",
        "improvement": 0.2321978797912596,
        "stdev": 0.08459895275226037,
        "robustness": 2.74468976550133
    },
    {
        "edge": "m1->m3",
        "improvement": 0.20607526016235322,
        "stdev": 0.18918876252025071,
        "robustness": 1.0892574031203095
    },
    {
        "edge": "a11.h3->m11",
        "improvement": 0.2049683303833003,
        "stdev": 0.023757932805670724,
        "robustness": 8.627363839263698
    },
    {
        "edge": "m0->m2",
        "improvement": 0.1912836570739742,
        "stdev": 0.10402877029257543,
        "robustness": 1.8387572643221584
    },
    {
        "edge": "a10.h10->logits",
        "improvement": 0.17393077087402276,
        "stdev": 0.02554592698892974,
        "robustness": 6.808551944480041
    },
    {
        "edge": "m1->m2",
        "improvement": 0.17089712524414047,
        "stdev": 0.12016630063535538,
        "robustness": 1.422171809738304
    },
    {
        "edge": "m10->a11.h7<v>",
        "improvement": 0.1655307693481438,
        "stdev": 0.04796298308176171,
        "robustness": 3.451219226001148
    },
    {
        "edge": "a0.h4->m1",
        "improvement": 0.15660286331176732,
        "stdev": 0.12535176777824616,
        "robustness": 1.249307178410168
    },
    {
        "edge": "input->m1",
        "improvement": 0.1551001892089836,
        "stdev": 0.14888087737238365,
        "robustness": 1.0417737452006284
    },
    {
        "edge": "a10.h1->m10",
        "improvement": 0.14782902526855413,
        "stdev": 0.02661461579927085,
        "robustness": 5.5544301816524495
    },
    {
        "edge": "m9->a10.h8<v>",
        "improvement": 0.14392509078979465,
        "stdev": 0.03593882545466323,
        "robustness": 4.00472438842933
    },
    {
        "edge": "m10->a11.h11<v>",
        "improvement": 0.14370572280883742,
        "stdev": 0.01974084485633364,
        "robustness": 7.2796136059359675
    },
    {
        "edge": "m0->a2.h7<v>",
        "improvement": 0.127416797637939,
        "stdev": 0.14317594536556577,
        "robustness": 0.8899315964885754
    },
    {
        "edge": "a11.h10->m11",
        "improvement": 0.11617686843872033,
        "stdev": 0.01954326316510687,
        "robustness": 5.944599295277669
    },
    {
        "edge": "a10.h8->logits",
        "improvement": 0.11448812866210911,
        "stdev": 0.012377250166565282,
        "robustness": 9.249884030895359
    },
    {
        "edge": "a11.h0->logits",
        "improvement": 0.11318548965454056,
        "stdev": 0.01077683868882632,
        "robustness": 10.502661580329113
    },
    {
        "edge": "m4->m5",
        "improvement": 0.11092322921752906,
        "stdev": 0.0827729690908994,
        "robustness": 1.3400900129088722
    },
    {
        "edge": "m9->a10.h5<v>",
        "improvement": 0.1010343780517573,
        "stdev": 0.027814651426732707,
        "robustness": 3.6324157546210696
    },
    {
        "edge": "a11.h5->m11",
        "improvement": 0.09963847732543929,
        "stdev": 0.015085367772739973,
        "robustness": 6.604975021258088
    },
    {
        "edge": "m8->a10.h1<v>",
        "improvement": 0.08167330932617123,
        "stdev": 0.02147424657310489,
        "robustness": 3.8033143117794777
    },
    {
        "edge": "m0->a1.h11<v>",
        "improvement": 0.0719821281433104,
        "stdev": 0.06618121354297202,
        "robustness": 1.087651982938811
    },
    {
        "edge": "m0->a1.h3<v>",
        "improvement": 0.06759419250488197,
        "stdev": 0.06354002947083218,
        "robustness": 1.06380486549681
    },
    {
        "edge": "m0->a1.h4<v>",
        "improvement": 0.05919105911254885,
        "stdev": 0.05484670003124135,
        "robustness": 1.0792091243198387
    },
    {
        "edge": "a10.h9->logits",
        "improvement": 0.053934486389159986,
        "stdev": 0.006270158957782092,
        "robustness": 8.601773376450081
    },
    {
        "edge": "a10.h8->m10",
        "improvement": 0.02880190277099537,
        "stdev": 0.02106728373786331,
        "robustness": 1.3671388836535658
    }
]