[
    {
        "edge": "full_attack",
        "improvement": 13.963347282409668,
        "stdev": 0.5715862280679826,
        "robustness": 24.429117772146377
    },
    {
        "edge": "input->m0",
        "improvement": 8.748015803098678,
        "stdev": 1.5095995387842336,
        "robustness": 5.794924798495867
    },
    {
        "edge": "input->a0.h4<v>",
        "improvement": 8.72979678416252,
        "stdev": 1.4337830164825498,
        "robustness": 6.088645690321418
    },
    {
        "edge": "a0.h4->m0",
        "improvement": 5.746374113202094,
        "stdev": 1.4650021599174439,
        "robustness": 3.922433884688549
    },
    {
        "edge": "m11->logits",
        "improvement": 4.234566681861877,
        "stdev": 0.15992334387233123,
        "robustness": 26.478727741225722
    },
    {
        "edge": "m0->m1",
        "improvement": 1.651528692245483,
        "stdev": 0.8250653331408673,
        "robustness": 2.0016944427399785
    },
    {
        "edge": "a11.h6->logits",
        "improvement": 1.0200252990722651,
        "stdev": 0.06797221037765219,
        "robustness": 15.006504767242756
    },
    {
        "edge": "a11.h10->logits",
        "improvement": 0.908414501190185,
        "stdev": 0.06161760422699834,
        "robustness": 14.742775422484772
    },
    {
        "edge": "m10->logits",
        "improvement": 0.904466037750244,
        "stdev": 0.10100602778054248,
        "robustness": 8.954574866713825
    },
    {
        "edge": "a11.h5->logits",
        "improvement": 0.8751310462951656,
        "stdev": 0.05602662891626711,
        "robustness": 15.619912588406237
    },
    {
        "edge": "a11.h3->logits",
        "improvement": 0.6403360977172845,
        "stdev": 0.0569320406320306,
        "robustness": 11.247376531889572
    },
    {
        "edge": "m10->a11.h6<v>",
        "improvement": 0.4732440757751464,
        "stdev": 0.044316407176306805,
        "robustness": 10.678755475199267
    },
    {
        "edge": "m10->a11.h10<v>",
        "improvement": 0.46577312660217274,
        "stdev": 0.049877403658638075,
        "robustness": 9.3383595062392
    },
    {
        "edge": "m10->a11.h5<v>",
        "improvement": 0.40538627052307064,
        "stdev": 0.04565207858592252,
        "robustness": 8.879908277562578
    },
    {
        "edge": "a11.h0->logits",
        "improvement": 0.3889529533386229,
        "stdev": 0.028544890660921064,
        "robustness": 13.626009570641406
    },
    {
        "edge": "m0->m2",
        "improvement": 0.36147023391723554,
        "stdev": 0.22618225907484377,
        "robustness": 1.5981369864982424
    },
    {
        "edge": "a11.h1->logits",
        "improvement": 0.3282860908508294,
        "stdev": 0.024466498692111715,
        "robustness": 13.417779755984155
    },
    {
        "edge": "a11.h10->m11",
        "improvement": 0.293911788940429,
        "stdev": 0.041855567800442035,
        "robustness": 7.022047588548662
    },
    {
        "edge": "m10->a11.h0<v>",
        "improvement": 0.26462357711791995,
        "stdev": 0.029068360183265085,
        "robustness": 9.103491750121705
    },
    {
        "edge": "a11.h7->logits",
        "improvement": 0.245129497528076,
        "stdev": 0.023605889344834673,
        "robustness": 10.384251741047581
    },
    {
        "edge": "m1->a2.h7<v>",
        "improvement": 0.2444887275695793,
        "stdev": 0.16925658260424264,
        "robustness": 1.4444857848822645
    },
    {
        "edge": "a11.h2->logits",
        "improvement": 0.24196569824218717,
        "stdev": 0.012065810164870714,
        "robustness": 20.05382936876165
    },
    {
        "edge": "a10.h1->logits",
        "improvement": 0.22533136749267513,
        "stdev": 0.02426674674799023,
        "robustness": 9.285602632801904
    },
    {
        "edge": "m10->a11.h7<v>",
        "improvement": 0.2190320396423333,
        "stdev": 0.037602570920950484,
        "robustness": 5.8249219209715895
    },
    {
        "edge": "m9->a10.h4<v>",
        "improvement": 0.19382934951782183,
        "stdev": 0.049077818000298847,
        "robustness": 3.949428833951859
    },
    {
        "edge": "a11.h5->m11",
        "improvement": 0.17325206756591793,
        "stdev": 0.036856112403778375,
        "robustness": 4.700768916369939
    },
    {
        "edge": "input->m1",
        "improvement": 0.16923646163940376,
        "stdev": 0.12797193714422073,
        "robustness": 1.3224497918530302
    },
    {
        "edge": "m9->a10.h9<v>",
        "improvement": 0.16894062805175736,
        "stdev": 0.03246147005981867,
        "robustness": 5.20434311016847
    },
    {
        "edge": "a10.h9->logits",
        "improvement": 0.16631276702880804,
        "stdev": 0.016521080738432725,
        "robustness": 10.066700215435501
    },
    {
        "edge": "m1->m3",
        "improvement": 0.14850028991699205,
        "stdev": 0.14361271268984577,
        "robustness": 1.0340330402204836
    },
    {
        "edge": "m10->a11.h3<v>",
        "improvement": 0.1446721038818355,
        "stdev": 0.026712723511445807,
        "robustness": 5.415850009447622
    },
    {
        "edge": "m0->a1.h11<v>",
        "improvement": 0.13737619400024403,
        "stdev": 0.11593300074170657,
        "robustness": 1.184961944583078
    },
    {
        "edge": "a0.h4->m1",
        "improvement": 0.1345968856811517,
        "stdev": 0.09769783065765202,
        "robustness": 1.3776855102627565
    },
    {
        "edge": "m9->a11.h10<v>",
        "improvement": 0.1288772354125971,
        "stdev": 0.025874645511493367,
        "robustness": 4.9808309588377
    },
    {
        "edge": "m0->a1.h3<v>",
        "improvement": 0.11796982574462866,
        "stdev": 0.09451226833974274,
        "robustness": 1.24819589897645
    },
    {
        "edge": "m0->a1.h4<v>",
        "improvement": 0.11574557876586855,
        "stdev": 0.09738526310126559,
        "robustness": 1.1885327931548644
    },
    {
        "edge": "m10->a11.h8<v>",
        "improvement": 0.08648578643798821,
        "stdev": 0.027804817144791966,
        "robustness": 3.1104605359430533
    },
    {
        "edge": "a11.h0->m11",
        "improvement": 0.08198692703247001,
        "stdev": 0.016158027934444708,
        "robustness": 5.074067662532953
    },
    {
        "edge": "a11.h1->m11",
        "improvement": 0.07868636322021416,
        "stdev": 0.02502732463817257,
        "robustness": 3.1440181624606773
    },
    {
        "edge": "a11.h2->m11",
        "improvement": 0.07472856521606364,
        "stdev": 0.011396316777330426,
        "robustness": 6.557255881541819
    },
    {
        "edge": "a10.h10->m11",
        "improvement": 0.05736726760864208,
        "stdev": 0.018584929755243326,
        "robustness": 3.0867626815999762
    },
    {
        "edge": "a10.h4->logits",
        "improvement": 0.0561661529541011,
        "stdev": 0.008520710285791707,
        "robustness": 6.591721942213928
    },
    {
        "edge": "m2->m4",
        "improvement": 0.044207881927490256,
        "stdev": 0.08864907484404713,
        "robustness": 0.49868407544310495
    },
    {
        "edge": "a10.h4->a11.h5<v>",
        "improvement": 0.043369098663329275,
        "stdev": 0.008520146703406695,
        "robustness": 5.09018214979662
    },
    {
        "edge": "m10->a11.h5<k>",
        "improvement": 0.03271496582031208,
        "stdev": 0.013707934815878916,
        "robustness": 2.386571446372499
    },
    {
        "edge": "a10.h4->a11.h10<v>",
        "improvement": 0.027674289703369048,
        "stdev": 0.007051510172198444,
        "robustness": 3.924590481692669
    },
    {
        "edge": "a10.h6->m10",
        "improvement": 0.022128429412841655,
        "stdev": 0.03447655180148545,
        "robustness": 0.6418399827296022
    },
    {
        "edge": "m9->a10.h3<v>",
        "improvement": 0.02183935928344649,
        "stdev": 0.049621706680406684,
        "robustness": 0.4401170524848119
    },
    {
        "edge": "a10.h3->logits",
        "improvement": 0.018842346191405568,
        "stdev": 0.007248388667357323,
        "robustness": 2.599522053261427
    },
    {
        "edge": "a11.h7->m11",
        "improvement": 0.015862213134765213,
        "stdev": 0.013530212069283277,
        "robustness": 1.172355100832168
    },
    {
        "edge": "a10.h3->a11.h10<v>",
        "improvement": 0.004171195983886378,
        "stdev": 0.0030789152750053074,
        "robustness": 1.3547615349302482
    }
]