[
    {
        "edge": "full_attack",
        "improvement": 14.29516375350952,
        "stdev": 0.40453811945592777,
        "robustness": 35.33700055939203
    },
    {
        "edge": "input->a0.h4<v>",
        "improvement": 9.088672680616378,
        "stdev": 1.386981634886174,
        "robustness": 6.552842843778722
    },
    {
        "edge": "input->m0",
        "improvement": 8.770771656513213,
        "stdev": 1.5767924790389263,
        "robustness": 5.56241342669208
    },
    {
        "edge": "a0.h4->m0",
        "improvement": 5.3349736931324,
        "stdev": 1.4427480882215074,
        "robustness": 3.697786007610577
    },
    {
        "edge": "m11->logits",
        "improvement": 3.9534686594009396,
        "stdev": 0.19167329962309607,
        "robustness": 20.6260792044327
    },
    {
        "edge": "m0->m1",
        "improvement": 1.2557036056518553,
        "stdev": 0.7831272486818248,
        "robustness": 1.6034477254692394
    },
    {
        "edge": "a11.h6->logits",
        "improvement": 0.7294348602294916,
        "stdev": 0.05549439747736078,
        "robustness": 13.144297323474289
    },
    {
        "edge": "m10->logits",
        "improvement": 0.6674145050048823,
        "stdev": 0.06674334284186477,
        "robustness": 9.999716474887837
    },
    {
        "edge": "a11.h3->logits",
        "improvement": 0.4788888511657712,
        "stdev": 0.03911625555879881,
        "robustness": 12.242706882971316
    },
    {
        "edge": "a11.h10->logits",
        "improvement": 0.4644378433227532,
        "stdev": 0.04110126734591587,
        "robustness": 11.299842396925584
    },
    {
        "edge": "a11.h8->logits",
        "improvement": 0.4621684379577635,
        "stdev": 0.04520709990360411,
        "robustness": 10.223359581642118
    },
    {
        "edge": "a11.h5->logits",
        "improvement": 0.4217430686950676,
        "stdev": 0.03772925090040382,
        "robustness": 11.178145831953257
    },
    {
        "edge": "m9->a10.h8<v>",
        "improvement": 0.34872994613647457,
        "stdev": 0.05387206807407163,
        "robustness": 6.4732979186354385
    },
    {
        "edge": "m10->a11.h6<v>",
        "improvement": 0.3270411109924316,
        "stdev": 0.03795614559711588,
        "robustness": 8.616288768195735
    },
    {
        "edge": "a11.h11->logits",
        "improvement": 0.30794533538818314,
        "stdev": 0.018342112397810025,
        "robustness": 16.788978756064683
    },
    {
        "edge": "m0->m2",
        "improvement": 0.28173596191406247,
        "stdev": 0.220808030330664,
        "robustness": 1.2759316836989931
    },
    {
        "edge": "a10.h8->logits",
        "improvement": 0.25242650222778273,
        "stdev": 0.025184338865507618,
        "robustness": 10.023153816974135
    },
    {
        "edge": "a11.h0->logits",
        "improvement": 0.24653888702392557,
        "stdev": 0.02123236508544048,
        "robustness": 11.611466081702925
    },
    {
        "edge": "a11.h1->logits",
        "improvement": 0.22622743988037097,
        "stdev": 0.012496984580412165,
        "robustness": 18.102562136066084
    },
    {
        "edge": "a11.h7->logits",
        "improvement": 0.21825655364990215,
        "stdev": 0.022491331235243165,
        "robustness": 9.704030026817684
    },
    {
        "edge": "m10->a11.h11<v>",
        "improvement": 0.21598045730590787,
        "stdev": 0.019685868973519708,
        "robustness": 10.971344856375518
    },
    {
        "edge": "m10->a11.h5<v>",
        "improvement": 0.19246391296386722,
        "stdev": 0.023574835448403105,
        "robustness": 8.163955730893731
    },
    {
        "edge": "m10->a11.h7<v>",
        "improvement": 0.184638259887695,
        "stdev": 0.02892874734165123,
        "robustness": 6.382518320171274
    },
    {
        "edge": "m9->a10.h6<v>",
        "improvement": 0.16899523162841756,
        "stdev": 0.04223605632248422,
        "robustness": 4.0012076491728115
    },
    {
        "edge": "a11.h2->logits",
        "improvement": 0.16897498703002878,
        "stdev": 0.008144275334110577,
        "robustness": 20.747700697484124
    },
    {
        "edge": "input->m1",
        "improvement": 0.1658276634216307,
        "stdev": 0.16247662480258032,
        "robustness": 1.0206247429322346
    },
    {
        "edge": "a11.h6->m11",
        "improvement": 0.16052702713012668,
        "stdev": 0.031307580162852136,
        "robustness": 5.127417267483332
    },
    {
        "edge": "a11.h9->logits",
        "improvement": 0.14798262786865202,
        "stdev": 0.012554371432806936,
        "robustness": 11.787338670094272
    },
    {
        "edge": "m9->a10.h9<v>",
        "improvement": 0.14659045028686535,
        "stdev": 0.02417001653771515,
        "robustness": 6.064971037902438
    },
    {
        "edge": "m9->a10.h11<v>",
        "improvement": 0.14241389846801766,
        "stdev": 0.03273892963695379,
        "robustness": 4.349986393790626
    },
    {
        "edge": "m9->a10.h1<v>",
        "improvement": 0.1384464607238769,
        "stdev": 0.04714921598529437,
        "robustness": 2.9363470384546315
    },
    {
        "edge": "m9->a10.h10<v>",
        "improvement": 0.13731744766235288,
        "stdev": 0.0249718979984853,
        "robustness": 5.498879086831206
    },
    {
        "edge": "a0.h4->m1",
        "improvement": 0.13487954330444296,
        "stdev": 0.13395915222327445,
        "robustness": 1.006870684577299
    },
    {
        "edge": "m9->a10.h4<v>",
        "improvement": 0.13177106475830058,
        "stdev": 0.027405159019244764,
        "robustness": 4.8082576227989335
    },
    {
        "edge": "a11.h4->logits",
        "improvement": 0.12809382247924805,
        "stdev": 0.00963781922477122,
        "robustness": 13.290747573893068
    },
    {
        "edge": "a11.h5->m11",
        "improvement": 0.12334906768798781,
        "stdev": 0.032530556805429385,
        "robustness": 3.791790851468018
    },
    {
        "edge": "m0->a1.h11<v>",
        "improvement": 0.11117880249023404,
        "stdev": 0.11166119566649066,
        "robustness": 0.9956798494465577
    },
    {
        "edge": "m1->m3",
        "improvement": 0.10110498428344705,
        "stdev": 0.13358677769526336,
        "robustness": 0.7568487392823158
    },
    {
        "edge": "a10.h9->logits",
        "improvement": 0.09939791107177687,
        "stdev": 0.011705287117227263,
        "robustness": 8.491710632666834
    },
    {
        "edge": "m0->a1.h3<v>",
        "improvement": 0.09600948333740167,
        "stdev": 0.0987092621587372,
        "robustness": 0.9726491844605835
    },
    {
        "edge": "m10->a11.h3<v>",
        "improvement": 0.08995151138305602,
        "stdev": 0.016782219979464844,
        "robustness": 5.359929228261994
    },
    {
        "edge": "m9->a11.h10<v>",
        "improvement": 0.08354248428344668,
        "stdev": 0.011335986054825269,
        "robustness": 7.369670699964035
    },
    {
        "edge": "m0->a1.h4<v>",
        "improvement": 0.07771681976318323,
        "stdev": 0.08916673709477661,
        "robustness": 0.8715898135935702
    },
    {
        "edge": "a10.h6->logits",
        "improvement": 0.07102090835571229,
        "stdev": 0.012260008922039487,
        "robustness": 5.792892061280634
    },
    {
        "edge": "m3->m4",
        "improvement": 0.0590653038024902,
        "stdev": 0.07829421154923334,
        "robustness": 0.7544019236383582
    },
    {
        "edge": "a11.h7->m11",
        "improvement": 0.04674815750122008,
        "stdev": 0.019758899814398143,
        "robustness": 2.365929173199972
    },
    {
        "edge": "a10.h11->logits",
        "improvement": 0.04212394332885694,
        "stdev": 0.006419327233519242,
        "robustness": 6.562049541407083
    },
    {
        "edge": "a10.h10->m11",
        "improvement": 0.040296390533447024,
        "stdev": 0.01822555879635245,
        "robustness": 2.2109824441438635
    },
    {
        "edge": "a10.h4->logits",
        "improvement": 0.0347255668640134,
        "stdev": 0.004377828962103398,
        "robustness": 7.932143344250011
    },
    {
        "edge": "a10.h1->m11",
        "improvement": 0.033392276763915874,
        "stdev": 0.01958792939043352,
        "robustness": 1.7047374481666353
    },
    {
        "edge": "a11.h4->m11",
        "improvement": 0.032838512420654276,
        "stdev": 0.00992903588859929,
        "robustness": 3.307321354166932
    }
]