[
    {
        "edge": "full_attack",
        "improvement": 14.47811902999878,
        "stdev": 0.5520727229676702,
        "robustness": 26.22502150110146
    },
    {
        "edge": "input->a0.h4<v>",
        "improvement": 7.313839328527451,
        "stdev": 1.7009897549104236,
        "robustness": 4.299755073429356
    },
    {
        "edge": "input->m0",
        "improvement": 6.7627483959198,
        "stdev": 1.7826729031683386,
        "robustness": 3.793600263907299
    },
    {
        "edge": "m11->logits",
        "improvement": 3.525141763687134,
        "stdev": 0.12851880868510535,
        "robustness": 27.4289950222335
    },
    {
        "edge": "a0.h4->m0",
        "improvement": 3.4890660958290103,
        "stdev": 1.338535982180587,
        "robustness": 2.606628542136783
    },
    {
        "edge": "m0->m1",
        "improvement": 1.083909280776978,
        "stdev": 0.5708487794535356,
        "robustness": 1.8987677994417136
    },
    {
        "edge": "a11.h8->logits",
        "improvement": 0.8432160568237306,
        "stdev": 0.046935907273589574,
        "robustness": 17.965265951047268
    },
    {
        "edge": "m10->logits",
        "improvement": 0.7005645141601562,
        "stdev": 0.05646934782780805,
        "robustness": 12.406102445106807
    },
    {
        "edge": "a11.h6->logits",
        "improvement": 0.672647861480713,
        "stdev": 0.051229417433825274,
        "robustness": 13.130109518609974
    },
    {
        "edge": "a11.h10->logits",
        "improvement": 0.548301666259766,
        "stdev": 0.04885891774067544,
        "robustness": 11.222141046388762
    },
    {
        "edge": "m9->m10",
        "improvement": 0.517350555419922,
        "stdev": 0.08527267089335255,
        "robustness": 6.067014789145677
    },
    {
        "edge": "m10->a11.h8<v>",
        "improvement": 0.5044904899597169,
        "stdev": 0.03430527553810517,
        "robustness": 14.705915695075689
    },
    {
        "edge": "a11.h3->logits",
        "improvement": 0.4729958114624022,
        "stdev": 0.034651175125202716,
        "robustness": 13.650209834251188
    },
    {
        "edge": "a11.h5->logits",
        "improvement": 0.43537983322143603,
        "stdev": 0.04015994399808354,
        "robustness": 10.841146422968434
    },
    {
        "edge": "m9->a10.h2<v>",
        "improvement": 0.4334383277893066,
        "stdev": 0.08535998729079491,
        "robustness": 5.077769357119479
    },
    {
        "edge": "a11.h7->logits",
        "improvement": 0.34590430068969713,
        "stdev": 0.015491504330639476,
        "robustness": 22.32864499837883
    },
    {
        "edge": "m9->a10.h1<v>",
        "improvement": 0.31989727020263725,
        "stdev": 0.0627932684440227,
        "robustness": 5.094451652692849
    },
    {
        "edge": "a11.h9->logits",
        "improvement": 0.3154936637878425,
        "stdev": 0.02406949162086682,
        "robustness": 13.10761642818946
    },
    {
        "edge": "m1->m3",
        "improvement": 0.29788924407958994,
        "stdev": 0.26148942521394847,
        "robustness": 1.139201877230253
    },
    {
        "edge": "m10->a11.h3<v>",
        "improvement": 0.28757664871215827,
        "stdev": 0.021505143712158843,
        "robustness": 13.37245882014565
    },
    {
        "edge": "m10->a11.h7<v>",
        "improvement": 0.28755990982055657,
        "stdev": 0.023268762194533273,
        "robustness": 12.358195395890695
    },
    {
        "edge": "a11.h11->logits",
        "improvement": 0.26034330368042014,
        "stdev": 0.015294090496677896,
        "robustness": 17.022476997698593
    },
    {
        "edge": "input->m1",
        "improvement": 0.2601912384033209,
        "stdev": 0.22693561267258616,
        "robustness": 1.1465421197629069
    },
    {
        "edge": "m0->a2.h7<v>",
        "improvement": 0.2559310169219975,
        "stdev": 0.3283897674031321,
        "robustness": 0.7793513754885546
    },
    {
        "edge": "a10.h2->m10",
        "improvement": 0.2510105361938475,
        "stdev": 0.03598956927546167,
        "robustness": 6.974535712629129
    },
    {
        "edge": "a11.h4->logits",
        "improvement": 0.24917972564697255,
        "stdev": 0.014217661239795272,
        "robustness": 17.526069966382224
    },
    {
        "edge": "m9->a10.h10<v>",
        "improvement": 0.24494724273681712,
        "stdev": 0.036022865020324486,
        "robustness": 6.799771273012717
    },
    {
        "edge": "a0.h4->m1",
        "improvement": 0.22632833480834957,
        "stdev": 0.18792839376825898,
        "robustness": 1.2043328326822338
    },
    {
        "edge": "a10.h1->logits",
        "improvement": 0.22003207015991233,
        "stdev": 0.01693667284559469,
        "robustness": 12.991457777207033
    },
    {
        "edge": "m10->m11",
        "improvement": 0.21021524047851603,
        "stdev": 0.01892013211346377,
        "robustness": 11.110664514278133
    },
    {
        "edge": "m10->a11.h11<v>",
        "improvement": 0.2065168838500977,
        "stdev": 0.018572877783490954,
        "robustness": 11.119272212821336
    },
    {
        "edge": "a10.h10->logits",
        "improvement": 0.2026898078918462,
        "stdev": 0.012715320429203234,
        "robustness": 15.94059772385517
    },
    {
        "edge": "m10->a11.h9<v>",
        "improvement": 0.18412905502319354,
        "stdev": 0.02108589211281055,
        "robustness": 8.732334114112607
    },
    {
        "edge": "m9->a10.h6<v>",
        "improvement": 0.17298869705200204,
        "stdev": 0.033277318102999255,
        "robustness": 5.198396593035865
    },
    {
        "edge": "m10->a11.h4<v>",
        "improvement": 0.172630527496338,
        "stdev": 0.019049017994334932,
        "robustness": 9.062437105559843
    },
    {
        "edge": "a10.h10->m10",
        "improvement": 0.16533621978759783,
        "stdev": 0.024828803042489318,
        "robustness": 6.659049149677468
    },
    {
        "edge": "a11.h1->logits",
        "improvement": 0.1468583869934088,
        "stdev": 0.010090905713757864,
        "robustness": 14.55353871686495
    },
    {
        "edge": "a11.h2->logits",
        "improvement": 0.13131772613525428,
        "stdev": 0.00801030150460847,
        "robustness": 16.393605916045086
    },
    {
        "edge": "m3->m4",
        "improvement": 0.11360304641723662,
        "stdev": 0.1343224310712463,
        "robustness": 0.8457488858058274
    },
    {
        "edge": "a11.h3->m11",
        "improvement": 0.10684639358520531,
        "stdev": 0.01419097620413426,
        "robustness": 7.529178546157926
    },
    {
        "edge": "a10.h2->logits",
        "improvement": 0.08868215942382829,
        "stdev": 0.010222025797326235,
        "robustness": 8.675595345007325
    },
    {
        "edge": "a10.h5->m10",
        "improvement": 0.08431396102905264,
        "stdev": 0.022264191355419762,
        "robustness": 3.7869761215705746
    },
    {
        "edge": "m9->a11.h3<v>",
        "improvement": 0.07422536849975625,
        "stdev": 0.012409863811937896,
        "robustness": 5.9811589897025135
    },
    {
        "edge": "m9->a10.h9<v>",
        "improvement": 0.07041466522216844,
        "stdev": 0.015919909728557235,
        "robustness": 4.423056815194006
    },
    {
        "edge": "m10->a11.h5<v>",
        "improvement": 0.057384346008301,
        "stdev": 0.01798858034288318,
        "robustness": 3.190043067017457
    },
    {
        "edge": "m10->a11.h10<v>",
        "improvement": 0.03585096359252926,
        "stdev": 0.020776744922864184,
        "robustness": 1.7255332211869412
    },
    {
        "edge": "m10->a11.h5<k>",
        "improvement": 0.03415071868896469,
        "stdev": 0.00840312570053063,
        "robustness": 4.064049486586662
    },
    {
        "edge": "a10.h5->logits",
        "improvement": 0.0334477539062501,
        "stdev": 0.00432494557691813,
        "robustness": 7.73368203400245
    },
    {
        "edge": "a11.h9->m11",
        "improvement": 0.030027896881104077,
        "stdev": 0.017306715526658092,
        "robustness": 1.7350430724334227
    },
    {
        "edge": "a10.h2->a11.h8<v>",
        "improvement": 0.025609092712402415,
        "stdev": 0.006345459108583639,
        "robustness": 4.035814000875121
    },
    {
        "edge": "m10->a11.h0<k>",
        "improvement": -0.00014040756225597306,
        "stdev": 0.003961897773686566,
        "robustness": -0.035439471252516216
    }
]