[
    {
        "edge": "full_attack",
        "improvement": 13.30062145614624,
        "stdev": 1.0813742155497512,
        "robustness": 12.29973978007645
    },
    {
        "edge": "input->a0.h4<v>",
        "improvement": 5.889314943552018,
        "stdev": 1.5921834396216703,
        "robustness": 3.698892223719786
    },
    {
        "edge": "m11->logits",
        "improvement": 5.717522671461105,
        "stdev": 0.3339552429770976,
        "robustness": 17.120625567939378
    },
    {
        "edge": "input->m0",
        "improvement": 3.912938695907593,
        "stdev": 1.4184388472142613,
        "robustness": 2.7586234708619246
    },
    {
        "edge": "a0.h4->m0",
        "improvement": 2.838595055103302,
        "stdev": 1.1804954197155002,
        "robustness": 2.404579473749593
    },
    {
        "edge": "a11.h9->logits",
        "improvement": 1.010029851913452,
        "stdev": 0.07909107170243004,
        "robustness": 12.770466124337766
    },
    {
        "edge": "m0->m1",
        "improvement": 0.9455677900314337,
        "stdev": 0.5245332026589676,
        "robustness": 1.8026843395959575
    },
    {
        "edge": "a11.h6->logits",
        "improvement": 0.7767778863906862,
        "stdev": 0.05950461235960529,
        "robustness": 13.054078593040327
    },
    {
        "edge": "a11.h7->logits",
        "improvement": 0.7700800266265873,
        "stdev": 0.0558416665913731,
        "robustness": 13.790419835814065
    },
    {
        "edge": "a11.h1->logits",
        "improvement": 0.7490261983871465,
        "stdev": 0.06936783615126015,
        "robustness": 10.797889049816346
    },
    {
        "edge": "a11.h3->logits",
        "improvement": 0.7262300996780393,
        "stdev": 0.08444250866072217,
        "robustness": 8.6002904366085
    },
    {
        "edge": "a11.h0->logits",
        "improvement": 0.6344829778671262,
        "stdev": 0.0739097173646714,
        "robustness": 8.584567773904205
    },
    {
        "edge": "a11.h11->logits",
        "improvement": 0.6208509178161625,
        "stdev": 0.08509739874506936,
        "robustness": 7.295768460280172
    },
    {
        "edge": "a11.h5->logits",
        "improvement": 0.6207331352233885,
        "stdev": 0.08042224627644587,
        "robustness": 7.718425733716285
    },
    {
        "edge": "m10->logits",
        "improvement": 0.583574085235596,
        "stdev": 0.11344713906034083,
        "robustness": 5.1440176461849925
    },
    {
        "edge": "m10->a11.h9<v>",
        "improvement": 0.5699805898666384,
        "stdev": 0.07547898823791233,
        "robustness": 7.551513383698788
    },
    {
        "edge": "m10->a11.h1<v>",
        "improvement": 0.4046898450851444,
        "stdev": 0.047667710008784815,
        "robustness": 8.489810922541967
    },
    {
        "edge": "m10->a11.h7<v>",
        "improvement": 0.404583459854126,
        "stdev": 0.04843896754338999,
        "robustness": 8.352437724683414
    },
    {
        "edge": "m10->a11.h6<v>",
        "improvement": 0.3947637424468997,
        "stdev": 0.05162423799568515,
        "robustness": 7.646868172270064
    },
    {
        "edge": "m0->m2",
        "improvement": 0.3385916252136232,
        "stdev": 0.28582709769576525,
        "robustness": 1.1846029573235934
    },
    {
        "edge": "a10.h8->m10",
        "improvement": 0.3269266071319583,
        "stdev": 0.0721554828735725,
        "robustness": 4.530862993527242
    },
    {
        "edge": "a10.h1->m10",
        "improvement": 0.32065053749084527,
        "stdev": 0.09540785571207372,
        "robustness": 3.3608399968501486
    },
    {
        "edge": "m10->a11.h11<v>",
        "improvement": 0.309916869163513,
        "stdev": 0.054372676671241245,
        "robustness": 5.699864125457594
    },
    {
        "edge": "m10->a11.h3<v>",
        "improvement": 0.3000449981689455,
        "stdev": 0.046479731698680936,
        "robustness": 6.4553943666043265
    },
    {
        "edge": "a11.h9->m11",
        "improvement": 0.2874888114929197,
        "stdev": 0.05195719114814379,
        "robustness": 5.533186169999309
    },
    {
        "edge": "a11.h3->m11",
        "improvement": 0.2719362564086918,
        "stdev": 0.05771680740790937,
        "robustness": 4.711560958089763
    },
    {
        "edge": "m9->a10.h8<v>",
        "improvement": 0.27039802742004415,
        "stdev": 0.06326758714065556,
        "robustness": 4.273879242761373
    },
    {
        "edge": "m9->a10.h1<v>",
        "improvement": 0.26267830657959035,
        "stdev": 0.11209390496259686,
        "robustness": 2.343377248452893
    },
    {
        "edge": "a11.h6->m11",
        "improvement": 0.26081097030639633,
        "stdev": 0.040326117170998765,
        "robustness": 6.4675448221422895
    },
    {
        "edge": "a10.h10->m10",
        "improvement": 0.2508153581619261,
        "stdev": 0.07529394145127344,
        "robustness": 3.3311492708114048
    },
    {
        "edge": "m1->a2.h7<v>",
        "improvement": 0.2383885879516603,
        "stdev": 0.22676389062995414,
        "robustness": 1.0512634409711905
    },
    {
        "edge": "m10->a11.h0<v>",
        "improvement": 0.23357014369964624,
        "stdev": 0.04780014088177938,
        "robustness": 4.886390278165044
    },
    {
        "edge": "m10->a11.h5<v>",
        "improvement": 0.21550803756713854,
        "stdev": 0.052051532373368146,
        "robustness": 4.140282288353953
    },
    {
        "edge": "m9->a10.h10<v>",
        "improvement": 0.19876673507690423,
        "stdev": 0.05983645515145807,
        "robustness": 3.321833396944818
    },
    {
        "edge": "a11.h11->m11",
        "improvement": 0.18609445571899386,
        "stdev": 0.03761805189470094,
        "robustness": 4.946945584526881
    },
    {
        "edge": "a11.h7->m11",
        "improvement": 0.17688085651397678,
        "stdev": 0.03520468274224808,
        "robustness": 5.024355930403185
    },
    {
        "edge": "a0.h4->m1",
        "improvement": 0.16934326457977278,
        "stdev": 0.15182840779441475,
        "robustness": 1.1153595499010582
    },
    {
        "edge": "a10.h1->logits",
        "improvement": 0.15201699638366684,
        "stdev": 0.028300842137159964,
        "robustness": 5.371465472543779
    },
    {
        "edge": "m1->m3",
        "improvement": 0.15026043033599823,
        "stdev": 0.1972234259601154,
        "robustness": 0.7618792220270297
    },
    {
        "edge": "input->m1",
        "improvement": 0.14805178642272931,
        "stdev": 0.14235496834867514,
        "robustness": 1.0400184000610415
    },
    {
        "edge": "m0->a1.h11<v>",
        "improvement": 0.11956970500946085,
        "stdev": 0.13506237392635823,
        "robustness": 0.88529248771131
    },
    {
        "edge": "a11.h10->logits",
        "improvement": 0.1157964630126953,
        "stdev": 0.0163130967088394,
        "robustness": 7.098374090429436
    },
    {
        "edge": "a10.h8->logits",
        "improvement": 0.11072015762329102,
        "stdev": 0.015807164278528914,
        "robustness": 7.004428857216579
    },
    {
        "edge": "m9->a11.h6<v>",
        "improvement": 0.10404768085479787,
        "stdev": 0.02436933111897508,
        "robustness": 4.269615786613921
    },
    {
        "edge": "m0->a1.h4<v>",
        "improvement": 0.10396975612640436,
        "stdev": 0.1200285298460594,
        "robustness": 0.8662086943808197
    },
    {
        "edge": "m9->a10.h4<v>",
        "improvement": 0.09893332004547162,
        "stdev": 0.05363129905995446,
        "robustness": 1.8446937101947505
    },
    {
        "edge": "m0->a1.h3<v>",
        "improvement": 0.09795501899719294,
        "stdev": 0.0900068945209868,
        "robustness": 1.0883057294500134
    },
    {
        "edge": "m9->a10.h6<v>",
        "improvement": 0.0969717130661012,
        "stdev": 0.03856505128436497,
        "robustness": 2.5144971894647896
    },
    {
        "edge": "a10.h10->logits",
        "improvement": 0.09254403781890908,
        "stdev": 0.029866092099723653,
        "robustness": 3.0986323054888514
    },
    {
        "edge": "m8->a10.h8<v>",
        "improvement": 0.04780412292480474,
        "stdev": 0.014887057181522598,
        "robustness": 3.211119722448429
    },
    {
        "edge": "m8->a10.h1<v>",
        "improvement": 0.04113896942138684,
        "stdev": 0.02385139014878366,
        "robustness": 1.724803844336293
    }
]