[
    {
        "edge": "full_attack",
        "improvement": 12.61663560295105,
        "stdev": 0.9092634667761961,
        "robustness": 13.875665375277283
    },
    {
        "edge": "input->a0.h4<v>",
        "improvement": 5.797494187712669,
        "stdev": 1.7332015109412877,
        "robustness": 3.3449625742387545
    },
    {
        "edge": "m11->logits",
        "improvement": 5.773799540996552,
        "stdev": 0.3068313840032859,
        "robustness": 18.8174999104222
    },
    {
        "edge": "input->m0",
        "improvement": 4.0868126757144925,
        "stdev": 1.5665768011660495,
        "robustness": 2.608753476160605
    },
    {
        "edge": "a0.h4->m0",
        "improvement": 2.735507311105728,
        "stdev": 1.232480535944834,
        "robustness": 2.2195135998708944
    },
    {
        "edge": "m0->m1",
        "improvement": 1.117870698928833,
        "stdev": 0.4887128148904953,
        "robustness": 2.2873775044743025
    },
    {
        "edge": "a11.h4->logits",
        "improvement": 1.0304204607009888,
        "stdev": 0.1344507374555048,
        "robustness": 7.663925689079964
    },
    {
        "edge": "a11.h9->logits",
        "improvement": 0.922765978813171,
        "stdev": 0.12832008097444336,
        "robustness": 7.191126843170806
    },
    {
        "edge": "a11.h7->logits",
        "improvement": 0.9070782642364499,
        "stdev": 0.08665977093211684,
        "robustness": 10.467120492933118
    },
    {
        "edge": "a11.h3->logits",
        "improvement": 0.880022724151611,
        "stdev": 0.12521209251920273,
        "robustness": 7.0282566679144765
    },
    {
        "edge": "a11.h1->logits",
        "improvement": 0.8421578845977784,
        "stdev": 0.10338529157339368,
        "robustness": 8.145819117799041
    },
    {
        "edge": "a11.h5->logits",
        "improvement": 0.8274635372161869,
        "stdev": 0.10539274910872572,
        "robustness": 7.851237814876197
    },
    {
        "edge": "a11.h6->logits",
        "improvement": 0.7740787754058838,
        "stdev": 0.08132786115710906,
        "robustness": 9.518002372034834
    },
    {
        "edge": "a11.h0->logits",
        "improvement": 0.7151889419555664,
        "stdev": 0.09240934106767285,
        "robustness": 7.739357663332131
    },
    {
        "edge": "m10->a11.h7<v>",
        "improvement": 0.5431190414428713,
        "stdev": 0.0774559242049462,
        "robustness": 7.011975481769394
    },
    {
        "edge": "m10->a11.h5<v>",
        "improvement": 0.4496420059204098,
        "stdev": 0.06824926932119665,
        "robustness": 6.5882317919667654
    },
    {
        "edge": "a2.h7->m2",
        "improvement": 0.3680021476745603,
        "stdev": 0.3310160078841052,
        "robustness": 1.1117351998378417
    },
    {
        "edge": "m1->m3",
        "improvement": 0.3676129779815671,
        "stdev": 0.3921432082264487,
        "robustness": 0.9374457347971809
    },
    {
        "edge": "m1->m2",
        "improvement": 0.35373534393310546,
        "stdev": 0.2604972632760194,
        "robustness": 1.3579234556421893
    },
    {
        "edge": "m10->a11.h6<v>",
        "improvement": 0.33977026748657213,
        "stdev": 0.04738312188173779,
        "robustness": 7.170702435660429
    },
    {
        "edge": "m9->a10.h1<v>",
        "improvement": 0.31921715545654283,
        "stdev": 0.09870409933280459,
        "robustness": 3.2340820453690124
    },
    {
        "edge": "m0->m2",
        "improvement": 0.31125669288635294,
        "stdev": 0.22534153916707292,
        "robustness": 1.3812663836274799
    },
    {
        "edge": "a11.h7->m11",
        "improvement": 0.27690591812133825,
        "stdev": 0.04667648636828558,
        "robustness": 5.932449926425535
    },
    {
        "edge": "m10->a11.h1<v>",
        "improvement": 0.2716616668701173,
        "stdev": 0.05680670502673913,
        "robustness": 4.782211303089047
    },
    {
        "edge": "m10->a11.h4<v>",
        "improvement": 0.26515852355957037,
        "stdev": 0.038558458072946555,
        "robustness": 6.876792714530546
    },
    {
        "edge": "a11.h0->m11",
        "improvement": 0.26254421424865715,
        "stdev": 0.06135189147141732,
        "robustness": 4.279317360100813
    },
    {
        "edge": "m10->a11.h0<v>",
        "improvement": 0.24815852546691897,
        "stdev": 0.05099909736756795,
        "robustness": 4.865939561211359
    },
    {
        "edge": "m2->m4",
        "improvement": 0.2406599140167236,
        "stdev": 0.2525240235440556,
        "robustness": 0.9530178976208884
    },
    {
        "edge": "m3->m4",
        "improvement": 0.23560732841491738,
        "stdev": 0.25631585100357795,
        "robustness": 0.9192070154554293
    },
    {
        "edge": "a0.h4->m1",
        "improvement": 0.21747602462768523,
        "stdev": 0.1999080219717042,
        "robustness": 1.0878804286226575
    },
    {
        "edge": "m10->a11.h3<v>",
        "improvement": 0.21644358062744118,
        "stdev": 0.0476091883154275,
        "robustness": 4.546256474557534
    },
    {
        "edge": "a11.h1->m11",
        "improvement": 0.21496153831481912,
        "stdev": 0.058917650178949205,
        "robustness": 3.648508344476086
    },
    {
        "edge": "a2.h7->m3",
        "improvement": 0.19794208717346162,
        "stdev": 0.2899130687982598,
        "robustness": 0.6827635883886369
    },
    {
        "edge": "a10.h1->logits",
        "improvement": 0.19570997619628905,
        "stdev": 0.035799973990696905,
        "robustness": 5.46676308332366
    },
    {
        "edge": "m4->m5",
        "improvement": 0.18712019157409632,
        "stdev": 0.11733511614117761,
        "robustness": 1.5947501287590093
    },
    {
        "edge": "input->m1",
        "improvement": 0.18627207756042452,
        "stdev": 0.17793698084842335,
        "robustness": 1.046842970315999
    },
    {
        "edge": "m10->a11.h9<v>",
        "improvement": 0.18253349113464346,
        "stdev": 0.03871097646450879,
        "robustness": 4.71529028212437
    },
    {
        "edge": "a11.h8->logits",
        "improvement": 0.17876744461059602,
        "stdev": 0.024330406905186418,
        "robustness": 7.34749095266832
    },
    {
        "edge": "m9->a10.h8<v>",
        "improvement": 0.16740381813049332,
        "stdev": 0.05549150939818782,
        "robustness": 3.0167465247568166
    },
    {
        "edge": "m10->a11.h11<v>",
        "improvement": 0.1623596210479734,
        "stdev": 0.032057110908283344,
        "robustness": 5.0646991088027455
    },
    {
        "edge": "a11.h10->logits",
        "improvement": 0.15562710189819295,
        "stdev": 0.02079482952429316,
        "robustness": 7.483932566813524
    },
    {
        "edge": "m0->a1.h11<v>",
        "improvement": 0.10561647796630869,
        "stdev": 0.08787358997949186,
        "robustness": 1.2019137717140917
    },
    {
        "edge": "m9->a10.h0<v>",
        "improvement": 0.10287442779541056,
        "stdev": 0.048862017152745525,
        "robustness": 2.1054068945581816
    },
    {
        "edge": "m0->a1.h4<v>",
        "improvement": 0.09818491744995139,
        "stdev": 0.08661774983664457,
        "robustness": 1.1335426934447241
    },
    {
        "edge": "m0->a1.h3<v>",
        "improvement": 0.0950563240051272,
        "stdev": 0.07619987782431537,
        "robustness": 1.2474603203995525
    },
    {
        "edge": "a11.h8->m11",
        "improvement": 0.08798260498046861,
        "stdev": 0.019814350930046992,
        "robustness": 4.440347568844636
    },
    {
        "edge": "a11.h10->m11",
        "improvement": 0.06633565521240214,
        "stdev": 0.02595254525994842,
        "robustness": 2.5560365870847916
    },
    {
        "edge": "a1.h4->m1",
        "improvement": 0.057705570220947244,
        "stdev": 0.047539819701585974,
        "robustness": 1.2138365392038315
    },
    {
        "edge": "a1.h3->m1",
        "improvement": 0.056323482513427336,
        "stdev": 0.042979647566268556,
        "robustness": 1.3104686916425843
    },
    {
        "edge": "a1.h11->m1",
        "improvement": 0.04965253829956051,
        "stdev": 0.04056199513281094,
        "robustness": 1.2241147935890402
    },
    {
        "edge": "a11.h2->logits",
        "improvement": 0.04284280395507789,
        "stdev": 0.012248068198156083,
        "robustness": 3.4979233673378607
    }
]