[
    {
        "edge": "full_attack",
        "improvement": 13.6877479763031,
        "stdev": 0.9141543461595175,
        "robustness": 14.97312574600463
    },
    {
        "edge": "input->a0.h4<v>",
        "improvement": 6.0601031025946135,
        "stdev": 1.695160383924674,
        "robustness": 3.574943798865877
    },
    {
        "edge": "m11->logits",
        "improvement": 5.205138083696365,
        "stdev": 0.2887566748793382,
        "robustness": 18.026035539685513
    },
    {
        "edge": "input->m0",
        "improvement": 3.8693393039703365,
        "stdev": 1.4911535303300198,
        "robustness": 2.5948631212467976
    },
    {
        "edge": "a0.h4->m0",
        "improvement": 2.6166967484951016,
        "stdev": 1.1097617441251861,
        "robustness": 2.357890567364815
    },
    {
        "edge": "a11.h4->logits",
        "improvement": 1.0701450500488283,
        "stdev": 0.12110862086347585,
        "robustness": 8.836241734229546
    },
    {
        "edge": "a11.h9->logits",
        "improvement": 0.9974289512634273,
        "stdev": 0.08403757772308815,
        "robustness": 11.868844608420902
    },
    {
        "edge": "m0->m1",
        "improvement": 0.882043279647827,
        "stdev": 0.45827684289329434,
        "robustness": 1.9246952869778822
    },
    {
        "edge": "a11.h3->logits",
        "improvement": 0.8299158077239985,
        "stdev": 0.07377371305110372,
        "robustness": 11.249478620509562
    },
    {
        "edge": "a11.h1->logits",
        "improvement": 0.6566755733489984,
        "stdev": 0.07161445324834409,
        "robustness": 9.169595571326692
    },
    {
        "edge": "m10->logits",
        "improvement": 0.6095717334747315,
        "stdev": 0.06950563920841545,
        "robustness": 8.770104705416868
    },
    {
        "edge": "a11.h7->logits",
        "improvement": 0.534974527359009,
        "stdev": 0.04847662070946835,
        "robustness": 11.035722365328136
    },
    {
        "edge": "m1->m3",
        "improvement": 0.5055906486511228,
        "stdev": 0.45407263512160523,
        "robustness": 1.1134576487211578
    },
    {
        "edge": "m9->m10",
        "improvement": 0.4452095336914059,
        "stdev": 0.0936824750167583,
        "robustness": 4.75232463288107
    },
    {
        "edge": "m10->a11.h9<v>",
        "improvement": 0.42884018707275384,
        "stdev": 0.04581726563513067,
        "robustness": 9.359794416538422
    },
    {
        "edge": "a11.h4->m11",
        "improvement": 0.4218595027923584,
        "stdev": 0.05713023232306093,
        "robustness": 7.384172716239288
    },
    {
        "edge": "a2.h7->m3",
        "improvement": 0.38888228607177755,
        "stdev": 0.4001351630509933,
        "robustness": 0.971877310423274
    },
    {
        "edge": "m10->a11.h4<v>",
        "improvement": 0.3882734584808345,
        "stdev": 0.04757671701891898,
        "robustness": 8.160997286265816
    },
    {
        "edge": "m10->a11.h3<v>",
        "improvement": 0.3315209922790521,
        "stdev": 0.03054931108352725,
        "robustness": 10.851995692230659
    },
    {
        "edge": "a11.h11->logits",
        "improvement": 0.32142191505432116,
        "stdev": 0.05091236884835035,
        "robustness": 6.313238262625759
    },
    {
        "edge": "m0->m2",
        "improvement": 0.31780982208251896,
        "stdev": 0.24173727851088034,
        "robustness": 1.314690990319123
    },
    {
        "edge": "a11.h8->logits",
        "improvement": 0.2985863914489748,
        "stdev": 0.023282188805028085,
        "robustness": 12.824670135158911
    },
    {
        "edge": "m9->a10.h10<v>",
        "improvement": 0.2714562568664549,
        "stdev": 0.04058310595313728,
        "robustness": 6.688898015344486
    },
    {
        "edge": "m9->a10.h1<v>",
        "improvement": 0.2623321304321289,
        "stdev": 0.10224517747648595,
        "robustness": 2.5657164172115525
    },
    {
        "edge": "m10->a11.h1<v>",
        "improvement": 0.25872541809081984,
        "stdev": 0.047092947969441176,
        "robustness": 5.4939312412276236
    },
    {
        "edge": "a11.h3->m11",
        "improvement": 0.2570723361968996,
        "stdev": 0.042214647049937326,
        "robustness": 6.0896478867346415
    },
    {
        "edge": "a10.h10->m10",
        "improvement": 0.2351360130310054,
        "stdev": 0.041625936787464714,
        "robustness": 5.648786097753709
    },
    {
        "edge": "a11.h9->m11",
        "improvement": 0.22876582336425777,
        "stdev": 0.050635594608115765,
        "robustness": 4.517885592827455
    },
    {
        "edge": "m10->m11",
        "improvement": 0.22661160850524897,
        "stdev": 0.028883144208494905,
        "robustness": 7.845808159577016
    },
    {
        "edge": "a0.h4->m1",
        "improvement": 0.2233353252410888,
        "stdev": 0.19014275414454435,
        "robustness": 1.1745665841744979
    },
    {
        "edge": "m10->a11.h7<v>",
        "improvement": 0.22289661598205512,
        "stdev": 0.023479201621168344,
        "robustness": 9.49336436470209
    },
    {
        "edge": "m10->a11.h11<v>",
        "improvement": 0.21572968482971167,
        "stdev": 0.022147662429304205,
        "robustness": 9.740517109574217
    },
    {
        "edge": "a10.h2->m10",
        "improvement": 0.2016254825592041,
        "stdev": 0.05233111819154564,
        "robustness": 3.852879310187905
    },
    {
        "edge": "input->m1",
        "improvement": 0.19705453300476083,
        "stdev": 0.18233438789481768,
        "robustness": 1.0807315903483588
    },
    {
        "edge": "a11.h2->logits",
        "improvement": 0.18812319374084474,
        "stdev": 0.01591139901368976,
        "robustness": 11.823171147866278
    },
    {
        "edge": "a10.h5->m10",
        "improvement": 0.1772982368469238,
        "stdev": 0.03619384894118017,
        "robustness": 4.898573708893384
    },
    {
        "edge": "m9->a10.h5<v>",
        "improvement": 0.15892439842224082,
        "stdev": 0.03598823429081978,
        "robustness": 4.416009886397254
    },
    {
        "edge": "m9->a10.h6<v>",
        "improvement": 0.1452929553985589,
        "stdev": 0.051190767837520745,
        "robustness": 2.8382648187602513
    },
    {
        "edge": "m9->a10.h2<v>",
        "improvement": 0.13287184143066355,
        "stdev": 0.06442506016474787,
        "robustness": 2.0624247938749836
    },
    {
        "edge": "m9->a11.h4<v>",
        "improvement": 0.11832382202148395,
        "stdev": 0.030717124911976496,
        "robustness": 3.8520474282848625
    },
    {
        "edge": "a10.h1->logits",
        "improvement": 0.1165133914947507,
        "stdev": 0.021517826259902385,
        "robustness": 5.414737998506326
    },
    {
        "edge": "m9->a11.h9<v>",
        "improvement": 0.11429590034484871,
        "stdev": 0.02625164768438276,
        "robustness": 4.353856250053361
    },
    {
        "edge": "m0->a1.h11<v>",
        "improvement": 0.11321670722961397,
        "stdev": 0.09375236003282676,
        "robustness": 1.2076144770112656
    },
    {
        "edge": "m0->a1.h4<v>",
        "improvement": 0.10925098228454555,
        "stdev": 0.09060979392984497,
        "robustness": 1.2057303912326918
    },
    {
        "edge": "m0->a1.h3<v>",
        "improvement": 0.1025024204254148,
        "stdev": 0.0866086816292441,
        "robustness": 1.1835120740459817
    },
    {
        "edge": "m9->a10.h9<v>",
        "improvement": 0.0871724548339845,
        "stdev": 0.020145912934776914,
        "robustness": 4.327054083684781
    },
    {
        "edge": "m9->a11.h3<v>",
        "improvement": 0.08656895065307602,
        "stdev": 0.01743653385590141,
        "robustness": 4.964802716439924
    },
    {
        "edge": "m10->a11.h5<v>",
        "improvement": 0.05884371376037567,
        "stdev": 0.03318679612014786,
        "robustness": 1.7731061940218862
    },
    {
        "edge": "a10.h2->logits",
        "improvement": 0.056909461975097386,
        "stdev": 0.009122706428571489,
        "robustness": 6.238221345900391
    },
    {
        "edge": "a11.h2->m11",
        "improvement": 0.02333811378478945,
        "stdev": 0.014460192978657315,
        "robustness": 1.6139559008123614
    },
    {
        "edge": "a10.h2->a11.h9<v>",
        "improvement": 0.014363615036010913,
        "stdev": 0.005277610654468499,
        "robustness": 2.721613240614744
    }
]