[
    {
        "edge": "full_attack",
        "improvement": 14.114255695343019,
        "stdev": 0.412374810465732,
        "robustness": 34.22676491661195
    },
    {
        "edge": "m11->logits",
        "improvement": 5.221401217460633,
        "stdev": 0.23742123517853372,
        "robustness": 21.99214073473375
    },
    {
        "edge": "input->a0.h4<v>",
        "improvement": 4.544433606386185,
        "stdev": 1.7326749101440309,
        "robustness": 2.6227849089177515
    },
    {
        "edge": "input->m0",
        "improvement": 2.5879683020114896,
        "stdev": 1.3315352478053144,
        "robustness": 1.9435972921310756
    },
    {
        "edge": "a0.h4->m0",
        "improvement": 1.637605655670166,
        "stdev": 0.9987084021440829,
        "robustness": 1.63972351905167
    },
    {
        "edge": "a11.h4->logits",
        "improvement": 0.6649034767150876,
        "stdev": 0.04836699651900724,
        "robustness": 13.747049115480928
    },
    {
        "edge": "a11.h9->logits",
        "improvement": 0.6457925529479978,
        "stdev": 0.04526961738695854,
        "robustness": 14.265474069017433
    },
    {
        "edge": "a11.h5->logits",
        "improvement": 0.5517893562316898,
        "stdev": 0.03585264545802117,
        "robustness": 15.390478141362372
    },
    {
        "edge": "a11.h3->logits",
        "improvement": 0.5449244956970212,
        "stdev": 0.04602845732416285,
        "robustness": 11.838860726078702
    },
    {
        "edge": "a11.h7->logits",
        "improvement": 0.5327898712158206,
        "stdev": 0.03603099205006544,
        "robustness": 14.786988670073347
    },
    {
        "edge": "a11.h6->logits",
        "improvement": 0.5132403488159181,
        "stdev": 0.03903916392580391,
        "robustness": 13.14680687812269
    },
    {
        "edge": "a11.h0->logits",
        "improvement": 0.4575550651550291,
        "stdev": 0.03482774155880485,
        "robustness": 13.137661090727656
    },
    {
        "edge": "m0->m1",
        "improvement": 0.4540512847900393,
        "stdev": 0.31902397714791975,
        "robustness": 1.423251283020374
    },
    {
        "edge": "a11.h1->logits",
        "improvement": 0.43344244384765673,
        "stdev": 0.03591775669212681,
        "robustness": 12.067636839431778
    },
    {
        "edge": "a11.h11->logits",
        "improvement": 0.4261406669616701,
        "stdev": 0.03976808424552465,
        "robustness": 10.715644845517705
    },
    {
        "edge": "m10->a11.h9<v>",
        "improvement": 0.23681613922119116,
        "stdev": 0.02266396049020333,
        "robustness": 10.449018357738346
    },
    {
        "edge": "a2.h7->m3",
        "improvement": 0.22232367324829116,
        "stdev": 0.3185441742167376,
        "robustness": 0.6979367109599752
    },
    {
        "edge": "m10->a11.h4<v>",
        "improvement": 0.21509643554687496,
        "stdev": 0.01899737688779281,
        "robustness": 11.322428186656126
    },
    {
        "edge": "m10->a11.h6<v>",
        "improvement": 0.20509471130371093,
        "stdev": 0.029879168641615713,
        "robustness": 6.864137143965076
    },
    {
        "edge": "m10->a11.h5<v>",
        "improvement": 0.1870816421508792,
        "stdev": 0.019406296309819545,
        "robustness": 9.640254851525496
    },
    {
        "edge": "m9->a10.h4<v>",
        "improvement": 0.1807950668334959,
        "stdev": 0.03332422589627064,
        "robustness": 5.425334331733986
    },
    {
        "edge": "a11.h10->logits",
        "improvement": 0.1796662864685059,
        "stdev": 0.008556354992438127,
        "robustness": 20.997993494576846
    },
    {
        "edge": "m9->a10.h8<v>",
        "improvement": 0.1761907501220703,
        "stdev": 0.027215081068560205,
        "robustness": 6.474011584908042
    },
    {
        "edge": "m10->a11.h11<v>",
        "improvement": 0.17502969741821328,
        "stdev": 0.017929912171763315,
        "robustness": 9.761882587124799
    },
    {
        "edge": "m10->a11.h0<v>",
        "improvement": 0.16203544235229472,
        "stdev": 0.020972971885136298,
        "robustness": 7.725917110828268
    },
    {
        "edge": "m10->a11.h1<v>",
        "improvement": 0.16177695846557594,
        "stdev": 0.020161701085064307,
        "robustness": 8.023973660904018
    },
    {
        "edge": "m1->m3",
        "improvement": 0.14985298919677703,
        "stdev": 0.15809303774618377,
        "robustness": 0.9478784855621787
    },
    {
        "edge": "a11.h2->logits",
        "improvement": 0.1496660194396977,
        "stdev": 0.008026014853720053,
        "robustness": 18.64761306420055
    },
    {
        "edge": "a11.h6->m11",
        "improvement": 0.1489749794006352,
        "stdev": 0.027398395495280177,
        "robustness": 5.437361447910283
    },
    {
        "edge": "m10->a11.h7<v>",
        "improvement": 0.14814621734619138,
        "stdev": 0.019380333209763026,
        "robustness": 7.644152231168106
    },
    {
        "edge": "m9->a10.h3<v>",
        "improvement": 0.146725128173828,
        "stdev": 0.024560736803179325,
        "robustness": 5.973970950042297
    },
    {
        "edge": "a11.h9->m11",
        "improvement": 0.1457554473876952,
        "stdev": 0.032629290795019514,
        "robustness": 4.467012424613994
    },
    {
        "edge": "a11.h5->m11",
        "improvement": 0.13617034912109371,
        "stdev": 0.038005887175935185,
        "robustness": 3.5828751606491887
    },
    {
        "edge": "m9->a10.h6<v>",
        "improvement": 0.13603772735595676,
        "stdev": 0.020399933173026893,
        "robustness": 6.668537891870545
    },
    {
        "edge": "m9->a10.h11<v>",
        "improvement": 0.1333371620178223,
        "stdev": 0.020047709652818976,
        "robustness": 6.650992274275746
    },
    {
        "edge": "m0->m2",
        "improvement": 0.1317310333251953,
        "stdev": 0.1566082089218252,
        "robustness": 0.8411502451378654
    },
    {
        "edge": "a11.h8->logits",
        "improvement": 0.13094962692260737,
        "stdev": 0.008025937076047642,
        "robustness": 16.315805329873488
    },
    {
        "edge": "m9->a10.h10<v>",
        "improvement": 0.1268404350280763,
        "stdev": 0.020015527133232208,
        "robustness": 6.337101900128346
    },
    {
        "edge": "m9->a10.h9<v>",
        "improvement": 0.12404616165161109,
        "stdev": 0.017071862479289022,
        "robustness": 7.266117671818145
    },
    {
        "edge": "input->m1",
        "improvement": 0.0988203353881838,
        "stdev": 0.11915766437998992,
        "robustness": 0.8293242058945446
    },
    {
        "edge": "a0.h4->m1",
        "improvement": 0.09622271347045874,
        "stdev": 0.11877833154342168,
        "robustness": 0.8101032589036048
    },
    {
        "edge": "m9->a10.h1<v>",
        "improvement": 0.09304767608642628,
        "stdev": 0.03071918738587859,
        "robustness": 3.0289758292629734
    },
    {
        "edge": "m0->a1.h11<v>",
        "improvement": 0.06649807357788085,
        "stdev": 0.07746148656467272,
        "robustness": 0.8584662717821907
    },
    {
        "edge": "m0->a1.h3<v>",
        "improvement": 0.06005124282836949,
        "stdev": 0.0787997853539912,
        "robustness": 0.7620736853355896
    },
    {
        "edge": "m0->a1.h4<v>",
        "improvement": 0.0555764579772946,
        "stdev": 0.06838975357850523,
        "robustness": 0.8126430505923358
    },
    {
        "edge": "m9->a11.h1<v>",
        "improvement": 0.05284605407714871,
        "stdev": 0.00928251160841975,
        "robustness": 5.6930770793989005
    },
    {
        "edge": "m1->a2.h6<v>",
        "improvement": 0.05227137756347666,
        "stdev": 0.05405088535568698,
        "robustness": 0.967077175877877
    },
    {
        "edge": "m3->m4",
        "improvement": 0.047093940734863615,
        "stdev": 0.11201519169564002,
        "robustness": 0.4204245872544149
    },
    {
        "edge": "m0->a2.h6<v>",
        "improvement": 0.044822177886962855,
        "stdev": 0.06270540868354257,
        "robustness": 0.7148056097228933
    },
    {
        "edge": "a1.h4->m1",
        "improvement": 0.034371444702148146,
        "stdev": 0.045655910991472703,
        "robustness": 0.7528366854527951
    },
    {
        "edge": "a1.h11->m1",
        "improvement": 0.023954635620117237,
        "stdev": 0.029610752109446116,
        "robustness": 0.8089843693121013
    }
]