[
    {
        "edge": "full_attack",
        "improvement": 14.182793575286865,
        "stdev": 0.3883197920971493,
        "robustness": 36.523488794355956
    },
    {
        "edge": "m11->logits",
        "improvement": 6.116981715679168,
        "stdev": 0.24711400256084243,
        "robustness": 24.753683127175663
    },
    {
        "edge": "input->a0.h4<v>",
        "improvement": 3.673176456451416,
        "stdev": 1.4964684016502758,
        "robustness": 2.454563325494016
    },
    {
        "edge": "input->m0",
        "improvement": 2.4446139922142027,
        "stdev": 1.4007904563304527,
        "robustness": 1.7451675096489287
    },
    {
        "edge": "a0.h4->m0",
        "improvement": 1.3869568080902104,
        "stdev": 0.9785241657936332,
        "robustness": 1.4173965820918868
    },
    {
        "edge": "a11.h5->logits",
        "improvement": 0.8274081268310542,
        "stdev": 0.04560940987286403,
        "robustness": 18.141171506876535
    },
    {
        "edge": "a11.h1->logits",
        "improvement": 0.7939818267822263,
        "stdev": 0.042571243186354094,
        "robustness": 18.650661041459355
    },
    {
        "edge": "a11.h7->logits",
        "improvement": 0.7237989120483395,
        "stdev": 0.04014238283429485,
        "robustness": 18.030790923302543
    },
    {
        "edge": "a11.h3->logits",
        "improvement": 0.6553829078674314,
        "stdev": 0.05565923893316847,
        "robustness": 11.774916804995609
    },
    {
        "edge": "a11.h0->logits",
        "improvement": 0.54605290222168,
        "stdev": 0.03940694982618094,
        "robustness": 13.856766500078036
    },
    {
        "edge": "a11.h6->logits",
        "improvement": 0.48749356842041003,
        "stdev": 0.0394914404028133,
        "robustness": 12.344284317005613
    },
    {
        "edge": "a11.h10->logits",
        "improvement": 0.4282556648254392,
        "stdev": 0.02050510515645935,
        "robustness": 20.885319122127672
    },
    {
        "edge": "m0->m1",
        "improvement": 0.3693517837524416,
        "stdev": 0.2537324241276509,
        "robustness": 1.455674358617342
    },
    {
        "edge": "m10->a11.h5<v>",
        "improvement": 0.342515110015869,
        "stdev": 0.035289873689506396,
        "robustness": 9.705761857620857
    },
    {
        "edge": "m10->a11.h1<v>",
        "improvement": 0.33930786132812507,
        "stdev": 0.03717064445727908,
        "robustness": 9.128382525573318
    },
    {
        "edge": "a11.h2->logits",
        "improvement": 0.2954717826843263,
        "stdev": 0.012602958889632865,
        "robustness": 23.444635920171095
    },
    {
        "edge": "a11.h1->m11",
        "improvement": 0.2341313400268552,
        "stdev": 0.03347071615294609,
        "robustness": 6.995109962899523
    },
    {
        "edge": "m10->a11.h7<v>",
        "improvement": 0.22765541458129857,
        "stdev": 0.03707688957575681,
        "robustness": 6.1400893436906285
    },
    {
        "edge": "a11.h5->m11",
        "improvement": 0.2143840217590336,
        "stdev": 0.03413806457335482,
        "robustness": 6.279911425510718
    },
    {
        "edge": "m10->a11.h0<v>",
        "improvement": 0.2071710739135746,
        "stdev": 0.027981235315502603,
        "robustness": 7.403928796481491
    },
    {
        "edge": "m10->a11.h3<v>",
        "improvement": 0.19041075134277374,
        "stdev": 0.021205237884708905,
        "robustness": 8.979420668516948
    },
    {
        "edge": "m10->a11.h6<v>",
        "improvement": 0.18021274948120158,
        "stdev": 0.020487972741523426,
        "robustness": 8.796026417780244
    },
    {
        "edge": "a11.h0->m11",
        "improvement": 0.17229225540161153,
        "stdev": 0.019109434625017248,
        "robustness": 9.016083352673027
    },
    {
        "edge": "m9->a10.h4<v>",
        "improvement": 0.15609957885742176,
        "stdev": 0.04695474637636231,
        "robustness": 3.3244685767487083
    },
    {
        "edge": "a11.h7->m11",
        "improvement": 0.1477069702148439,
        "stdev": 0.02027520465750114,
        "robustness": 7.285103786126141
    },
    {
        "edge": "m9->a10.h10<v>",
        "improvement": 0.1385612030029293,
        "stdev": 0.019573086960709182,
        "robustness": 7.079169641512126
    },
    {
        "edge": "a2.h7->m3",
        "improvement": 0.12254702758789104,
        "stdev": 0.18823750742907322,
        "robustness": 0.6510234291859504
    },
    {
        "edge": "m9->a10.h3<v>",
        "improvement": 0.10742132949829131,
        "stdev": 0.0393510885850935,
        "robustness": 2.7298184970411046
    },
    {
        "edge": "m9->a10.h8<v>",
        "improvement": 0.09910451889038097,
        "stdev": 0.03274180497315687,
        "robustness": 3.026849587908519
    },
    {
        "edge": "m1->m3",
        "improvement": 0.09252566146850594,
        "stdev": 0.16718838311949724,
        "robustness": 0.5534215939056817
    },
    {
        "edge": "a11.h2->m11",
        "improvement": 0.08642159271240235,
        "stdev": 0.012562071195400655,
        "robustness": 6.879565588200443
    },
    {
        "edge": "m0->m2",
        "improvement": 0.08451078796386735,
        "stdev": 0.07486800737891808,
        "robustness": 1.1287970779848024
    },
    {
        "edge": "a11.h10->m11",
        "improvement": 0.07342864227294932,
        "stdev": 0.015380282119728765,
        "robustness": 4.774206461321026
    },
    {
        "edge": "m9->a10.h9<v>",
        "improvement": 0.07291913604736333,
        "stdev": 0.018470372458761018,
        "robustness": 3.9478974346711526
    },
    {
        "edge": "input->m1",
        "improvement": 0.06650533294677707,
        "stdev": 0.08101885836583002,
        "robustness": 0.8208623805396142
    },
    {
        "edge": "m8->m9",
        "improvement": 0.06643790817260697,
        "stdev": 0.03793657917646904,
        "robustness": 1.7512888514159042
    },
    {
        "edge": "a0.h4->m1",
        "improvement": 0.0659755401611326,
        "stdev": 0.059720113965247505,
        "robustness": 1.1047457176576267
    },
    {
        "edge": "m9->a11.h1<v>",
        "improvement": 0.059728092193603644,
        "stdev": 0.0099478944079417,
        "robustness": 6.0040939061356475
    },
    {
        "edge": "a9.h11->m9",
        "improvement": 0.05373954772949219,
        "stdev": 0.07345318356729766,
        "robustness": 0.7316163183077847
    },
    {
        "edge": "m2->m4",
        "improvement": 0.051945205688476825,
        "stdev": 0.0809404464542549,
        "robustness": 0.6417706840526842
    },
    {
        "edge": "m0->a1.h11<v>",
        "improvement": 0.04172658538818386,
        "stdev": 0.04075725323388963,
        "robustness": 1.0237830589007462
    },
    {
        "edge": "m0->a1.h3<v>",
        "improvement": 0.037152664184570305,
        "stdev": 0.03085846333835967,
        "robustness": 1.2039700025628435
    },
    {
        "edge": "a9.h6->m9",
        "improvement": 0.03581861495971683,
        "stdev": 0.02612071093782508,
        "robustness": 1.3712725907413315
    },
    {
        "edge": "m1->a2.h6<v>",
        "improvement": 0.033977733612060135,
        "stdev": 0.040306979769476094,
        "robustness": 0.8429739416444938
    },
    {
        "edge": "m0->a1.h4<v>",
        "improvement": 0.03310593032836895,
        "stdev": 0.034368037836125034,
        "robustness": 0.9632767074520194
    },
    {
        "edge": "m4->m5",
        "improvement": 0.030208641052245966,
        "stdev": 0.03149079701778968,
        "robustness": 0.9592847407190297
    },
    {
        "edge": "m10->a11.h9<v>",
        "improvement": 0.026513233184814133,
        "stdev": 0.010296336329356925,
        "robustness": 2.5750162326399124
    },
    {
        "edge": "m0->a2.h6<v>",
        "improvement": 0.026227283477783025,
        "stdev": 0.02528782118683216,
        "robustness": 1.0371507803701199
    },
    {
        "edge": "a1.h4->m1",
        "improvement": 0.018700405120849695,
        "stdev": 0.019354728258030942,
        "robustness": 0.9661931116542675
    },
    {
        "edge": "a1.h3->m1",
        "improvement": 0.016891361236572422,
        "stdev": 0.01512548975793446,
        "robustness": 1.1167480529158818
    },
    {
        "edge": "a1.h11->m1",
        "improvement": 0.014988925933837827,
        "stdev": 0.014624755064260976,
        "robustness": 1.0249009893141245
    }
]