[
    {
        "edge": "full_attack",
        "improvement": 14.527569152832031,
        "stdev": 0.4869186959783221,
        "robustness": 29.835718514860243
    },
    {
        "edge": "m11->logits",
        "improvement": 5.73076412653923,
        "stdev": 0.2407813361489418,
        "robustness": 23.800699083230903
    },
    {
        "edge": "input->a0.h4<v>",
        "improvement": 4.019954585790634,
        "stdev": 1.7011505353832486,
        "robustness": 2.3630798698746474
    },
    {
        "edge": "input->m0",
        "improvement": 2.7482511658668516,
        "stdev": 1.3966505594768903,
        "robustness": 1.967744291668918
    },
    {
        "edge": "a0.h4->m0",
        "improvement": 1.4030261058807376,
        "stdev": 0.9233782168669248,
        "robustness": 1.5194489974447152
    },
    {
        "edge": "a11.h4->logits",
        "improvement": 1.055403343200684,
        "stdev": 0.07715575333657021,
        "robustness": 13.678867713166957
    },
    {
        "edge": "a11.h3->logits",
        "improvement": 1.0186678085327152,
        "stdev": 0.06473691876072477,
        "robustness": 15.735500361051022
    },
    {
        "edge": "a11.h9->logits",
        "improvement": 0.8324981613159181,
        "stdev": 0.052139540616832826,
        "robustness": 15.96673372007334
    },
    {
        "edge": "a11.h5->logits",
        "improvement": 0.8216959495544431,
        "stdev": 0.04490773703332222,
        "robustness": 18.29742498368894
    },
    {
        "edge": "a11.h0->logits",
        "improvement": 0.7814487495422364,
        "stdev": 0.053902058578623985,
        "robustness": 14.49756781371123
    },
    {
        "edge": "a11.h7->logits",
        "improvement": 0.6016938972473147,
        "stdev": 0.04407590157972795,
        "robustness": 13.651312297240786
    },
    {
        "edge": "a11.h1->logits",
        "improvement": 0.5737999076843261,
        "stdev": 0.04569222033184789,
        "robustness": 12.557934447418008
    },
    {
        "edge": "m0->m1",
        "improvement": 0.5289718704223629,
        "stdev": 0.34847852941233504,
        "robustness": 1.5179468052577216
    },
    {
        "edge": "m10->logits",
        "improvement": 0.516374492645264,
        "stdev": 0.07502874431964307,
        "robustness": 6.882355520243905
    },
    {
        "edge": "a11.h2->logits",
        "improvement": 0.5150945587158207,
        "stdev": 0.02263328209216496,
        "robustness": 22.75827944963107
    },
    {
        "edge": "m10->a11.h3<v>",
        "improvement": 0.41293309783935594,
        "stdev": 0.033083619262552544,
        "robustness": 12.481497098679172
    },
    {
        "edge": "a11.h6->logits",
        "improvement": 0.4081653099060061,
        "stdev": 0.04362220225609822,
        "robustness": 9.356824937671416
    },
    {
        "edge": "a11.h4->m11",
        "improvement": 0.3310998649597172,
        "stdev": 0.04282910751841322,
        "robustness": 7.730720627726593
    },
    {
        "edge": "m10->a11.h0<v>",
        "improvement": 0.3262437438964847,
        "stdev": 0.035542493442988536,
        "robustness": 9.178977395600892
    },
    {
        "edge": "m10->a11.h9<v>",
        "improvement": 0.3230197372436523,
        "stdev": 0.025796390281430645,
        "robustness": 12.521896812678316
    },
    {
        "edge": "m10->a11.h5<v>",
        "improvement": 0.29206924438476545,
        "stdev": 0.03733851769729955,
        "robustness": 7.822197087537004
    },
    {
        "edge": "a11.h0->m11",
        "improvement": 0.29193243408203173,
        "stdev": 0.032779593640827054,
        "robustness": 8.90591986224104
    },
    {
        "edge": "a11.h8->logits",
        "improvement": 0.2770159835815429,
        "stdev": 0.014245932767484398,
        "robustness": 19.445268211135847
    },
    {
        "edge": "m9->a10.h3<v>",
        "improvement": 0.25526946258544925,
        "stdev": 0.04327633890100568,
        "robustness": 5.898591911145172
    },
    {
        "edge": "m10->a11.h4<v>",
        "improvement": 0.24600964355468768,
        "stdev": 0.03772974667422385,
        "robustness": 6.520309973953686
    },
    {
        "edge": "m8->m9",
        "improvement": 0.24380356597900388,
        "stdev": 0.10720345947959983,
        "robustness": 2.2742136043230787
    },
    {
        "edge": "a11.h5->m11",
        "improvement": 0.2426885223388675,
        "stdev": 0.028701517015062822,
        "robustness": 8.455599131275964
    },
    {
        "edge": "a11.h3->m11",
        "improvement": 0.2383747558593754,
        "stdev": 0.028601665670849055,
        "robustness": 8.334296281993394
    },
    {
        "edge": "m10->a11.h1<v>",
        "improvement": 0.22774856948852573,
        "stdev": 0.023669524887934626,
        "robustness": 9.6220169423265
    },
    {
        "edge": "m9->a10.h6<v>",
        "improvement": 0.2007830123901364,
        "stdev": 0.05922295180973186,
        "robustness": 3.390290525119394
    },
    {
        "edge": "m9->a10.h4<v>",
        "improvement": 0.19333432769775438,
        "stdev": 0.04264511223416003,
        "robustness": 4.533563580186517
    },
    {
        "edge": "m10->a11.h7<v>",
        "improvement": 0.1868212471008306,
        "stdev": 0.020474569028605054,
        "robustness": 9.124550892369081
    },
    {
        "edge": "m1->m3",
        "improvement": 0.17816045379638723,
        "stdev": 0.2272448273649114,
        "robustness": 0.7840022405011485
    },
    {
        "edge": "m0->m2",
        "improvement": 0.16422432327270542,
        "stdev": 0.147711378259454,
        "robustness": 1.1117919635428934
    },
    {
        "edge": "a2.h7->m3",
        "improvement": 0.1621428108215337,
        "stdev": 0.1974078122990803,
        "robustness": 0.8213596459692345
    },
    {
        "edge": "m9->a10.h10<v>",
        "improvement": 0.1611210250854489,
        "stdev": 0.04046527302475627,
        "robustness": 3.9817110584395805
    },
    {
        "edge": "m9->a10.h1<v>",
        "improvement": 0.13639276123046873,
        "stdev": 0.051428850645823324,
        "robustness": 2.6520670697031328
    },
    {
        "edge": "a11.h2->m11",
        "improvement": 0.13276957702636683,
        "stdev": 0.022512302108778765,
        "robustness": 5.89764549111096
    },
    {
        "edge": "m9->a10.h5<v>",
        "improvement": 0.12923249816894522,
        "stdev": 0.022880227668986394,
        "robustness": 5.64821731840181
    },
    {
        "edge": "input->m1",
        "improvement": 0.1274305953979491,
        "stdev": 0.1829491587949225,
        "robustness": 0.6965355634173365
    },
    {
        "edge": "a9.h4->m9",
        "improvement": 0.12604679107665984,
        "stdev": 0.07931367720926093,
        "robustness": 1.589218852431951
    },
    {
        "edge": "a0.h4->m1",
        "improvement": 0.12439236450195335,
        "stdev": 0.16780887480760986,
        "robustness": 0.7412740514741378
    },
    {
        "edge": "a10.h10->logits",
        "improvement": 0.11721473312377917,
        "stdev": 0.015080783932278087,
        "robustness": 7.772456236369726
    },
    {
        "edge": "m10->a11.h6<v>",
        "improvement": 0.11625833129882857,
        "stdev": 0.013875993922991084,
        "robustness": 8.37837865482202
    },
    {
        "edge": "m9->a11.h3<v>",
        "improvement": 0.11310183715820354,
        "stdev": 0.017081163623539394,
        "robustness": 6.621436317274014
    },
    {
        "edge": "m9->a11.h4<v>",
        "improvement": 0.10863970565795888,
        "stdev": 0.023283413131445704,
        "robustness": 4.665969935105183
    },
    {
        "edge": "m9->a11.h5<v>",
        "improvement": 0.09308979415893592,
        "stdev": 0.012603862561924311,
        "robustness": 7.385814761274524
    },
    {
        "edge": "m0->a1.h11<v>",
        "improvement": 0.0762319145202639,
        "stdev": 0.10236588269156494,
        "robustness": 0.7447004071654969
    },
    {
        "edge": "m0->a1.h3<v>",
        "improvement": 0.06473098373413055,
        "stdev": 0.08970087798073827,
        "robustness": 0.7216315513436828
    },
    {
        "edge": "m0->a1.h4<v>",
        "improvement": 0.060737167358398736,
        "stdev": 0.0809039980400761,
        "robustness": 0.7507313461605736
    },
    {
        "edge": "m9->a11.h1<v>",
        "improvement": 0.04000318527221669,
        "stdev": 0.010909602651431538,
        "robustness": 3.666786642038475
    }
]