[
    {
        "edge": "full_attack",
        "improvement": 11.432070028305054,
        "stdev": 1.1460009027070908,
        "robustness": 9.975620439128926
    },
    {
        "edge": "input->a0.h4<v>",
        "improvement": 4.419977837562561,
        "stdev": 1.2905970900372816,
        "robustness": 3.4247542255305103
    },
    {
        "edge": "m11->logits",
        "improvement": 3.9576928658485415,
        "stdev": 0.31859072023514673,
        "robustness": 12.422498881723333
    },
    {
        "edge": "input->m0",
        "improvement": 2.9973537374138832,
        "stdev": 1.033168728121,
        "robustness": 2.901127043271142
    },
    {
        "edge": "a0.h4->m0",
        "improvement": 2.0659753036499025,
        "stdev": 0.7763485040842211,
        "robustness": 2.661144180456588
    },
    {
        "edge": "m0->m1",
        "improvement": 1.3537985539436344,
        "stdev": 0.47952800375359705,
        "robustness": 2.8231897685776794
    },
    {
        "edge": "a11.h10->logits",
        "improvement": 1.2195460505485536,
        "stdev": 0.1372838667384822,
        "robustness": 8.883389428939367
    },
    {
        "edge": "a11.h2->logits",
        "improvement": 0.8807153315544132,
        "stdev": 0.12102108457145173,
        "robustness": 7.277371002525038
    },
    {
        "edge": "a11.h5->logits",
        "improvement": 0.8793139252662661,
        "stdev": 0.10721883996579074,
        "robustness": 8.201113960445944
    },
    {
        "edge": "a11.h1->logits",
        "improvement": 0.8425725483894348,
        "stdev": 0.10660773194292086,
        "robustness": 7.9034844193154665
    },
    {
        "edge": "a11.h7->logits",
        "improvement": 0.7549037709236144,
        "stdev": 0.08904221767155768,
        "robustness": 8.478043232348082
    },
    {
        "edge": "a11.h0->logits",
        "improvement": 0.713935750961304,
        "stdev": 0.09732437072054935,
        "robustness": 7.335631822488235
    },
    {
        "edge": "a11.h6->logits",
        "improvement": 0.6200667476654056,
        "stdev": 0.07313983273891733,
        "robustness": 8.47782561766061
    },
    {
        "edge": "m10->a11.h7<v>",
        "improvement": 0.5578170433044436,
        "stdev": 0.09865564120412755,
        "robustness": 5.654182938715781
    },
    {
        "edge": "m10->a11.h10<v>",
        "improvement": 0.5134244928359983,
        "stdev": 0.10237392191905485,
        "robustness": 5.01518827462675
    },
    {
        "edge": "m10->a11.h5<v>",
        "improvement": 0.4926708450317383,
        "stdev": 0.10316991850119697,
        "robustness": 4.775334246542245
    },
    {
        "edge": "m1->m3",
        "improvement": 0.4832375020980839,
        "stdev": 0.4207556077732456,
        "robustness": 1.148499255079474
    },
    {
        "edge": "m10->a11.h0<v>",
        "improvement": 0.41022340774536126,
        "stdev": 0.08669501398282793,
        "robustness": 4.73179931462513
    },
    {
        "edge": "a11.h3->logits",
        "improvement": 0.3983803787231448,
        "stdev": 0.07002689267019054,
        "robustness": 5.68896267608815
    },
    {
        "edge": "m3->m4",
        "improvement": 0.3673310604095459,
        "stdev": 0.2742506330250228,
        "robustness": 1.3393991341344702
    },
    {
        "edge": "m0->m2",
        "improvement": 0.3638476982116705,
        "stdev": 0.21682324844643625,
        "robustness": 1.6780843420559444
    },
    {
        "edge": "m1->m2",
        "improvement": 0.36122518825531014,
        "stdev": 0.22780914401065314,
        "robustness": 1.5856483277880102
    },
    {
        "edge": "m9->m10",
        "improvement": 0.34038332319259634,
        "stdev": 0.19071600348833834,
        "robustness": 1.784765394443732
    },
    {
        "edge": "a11.h2->m11",
        "improvement": 0.2580504207611085,
        "stdev": 0.048143241592236034,
        "robustness": 5.360054957386247
    },
    {
        "edge": "a11.h7->m11",
        "improvement": 0.2489836034774786,
        "stdev": 0.04990714531730826,
        "robustness": 4.988936992778242
    },
    {
        "edge": "a0.h4->m1",
        "improvement": 0.2471369762420652,
        "stdev": 0.1969914895551562,
        "robustness": 1.2545566146037423
    },
    {
        "edge": "m10->a11.h8<v>",
        "improvement": 0.22835334014892616,
        "stdev": 0.053306366859245856,
        "robustness": 4.283791104201258
    },
    {
        "edge": "m4->m5",
        "improvement": 0.2115625123977667,
        "stdev": 0.13486915400361732,
        "robustness": 1.5686501035818197
    },
    {
        "edge": "input->m1",
        "improvement": 0.19514851188659676,
        "stdev": 0.18798659722655586,
        "robustness": 1.0380980068031636
    },
    {
        "edge": "a11.h8->logits",
        "improvement": 0.1884015436172488,
        "stdev": 0.027557368179963175,
        "robustness": 6.836703069280565
    },
    {
        "edge": "m10->a11.h6<v>",
        "improvement": 0.18017083549499535,
        "stdev": 0.03787714681344131,
        "robustness": 4.756716137633124
    },
    {
        "edge": "a11.h4->logits",
        "improvement": 0.17227822971343976,
        "stdev": 0.024914763716512328,
        "robustness": 6.914704537184187
    },
    {
        "edge": "m9->a10.h1<v>",
        "improvement": 0.17114111042022717,
        "stdev": 0.07742866305497258,
        "robustness": 2.2103069285688286
    },
    {
        "edge": "m10->a11.h2<v>",
        "improvement": 0.1678228282928469,
        "stdev": 0.05013615178053831,
        "robustness": 3.3473416353823913
    },
    {
        "edge": "m9->a10.h8<v>",
        "improvement": 0.16617392253875707,
        "stdev": 0.06148216042682481,
        "robustness": 2.7027990133257416
    },
    {
        "edge": "m10->a11.h3<v>",
        "improvement": 0.14529059028625468,
        "stdev": 0.043720016114153215,
        "robustness": 3.323205323321476
    },
    {
        "edge": "m10->logits",
        "improvement": 0.12852758979797407,
        "stdev": 0.040306203007211404,
        "robustness": 3.1887793989172954
    },
    {
        "edge": "a10.h8->logits",
        "improvement": 0.10594515514373803,
        "stdev": 0.02176045689205858,
        "robustness": 4.8687008581332885
    },
    {
        "edge": "m0->a1.h4<v>",
        "improvement": 0.10346659660339341,
        "stdev": 0.07324155778505778,
        "robustness": 1.4126760780680983
    },
    {
        "edge": "m0->a1.h11<v>",
        "improvement": 0.09933592510223388,
        "stdev": 0.08364613131785706,
        "robustness": 1.1875734542313174
    },
    {
        "edge": "m2->m5",
        "improvement": 0.09152363395690966,
        "stdev": 0.11128237885531084,
        "robustness": 0.822444980942657
    },
    {
        "edge": "m0->a1.h3<v>",
        "improvement": 0.08801201057434138,
        "stdev": 0.07191485441828624,
        "robustness": 1.2238363170761286
    },
    {
        "edge": "a10.h1->logits",
        "improvement": 0.08616596031188983,
        "stdev": 0.013384766760478275,
        "robustness": 6.437613882545599
    },
    {
        "edge": "m1->m4",
        "improvement": 0.08428323364257828,
        "stdev": 0.08798807436860971,
        "robustness": 0.9578938310377076
    },
    {
        "edge": "a10.h10->logits",
        "improvement": 0.0768475694656372,
        "stdev": 0.01469763309904795,
        "robustness": 5.228567684861793
    },
    {
        "edge": "m1->a2.h6<v>",
        "improvement": 0.07476397228241005,
        "stdev": 0.08019225164588803,
        "robustness": 0.9323091788537363
    },
    {
        "edge": "a1.h4->m1",
        "improvement": 0.06914442348480243,
        "stdev": 0.05568143085769904,
        "robustness": 1.2417860392544469
    },
    {
        "edge": "m0->a2.h6<v>",
        "improvement": 0.05832233810424814,
        "stdev": 0.07397685253839167,
        "robustness": 0.7883863141376645
    },
    {
        "edge": "a1.h11->m1",
        "improvement": 0.05749830150604307,
        "stdev": 0.03897538040748475,
        "robustness": 1.4752467045838304
    },
    {
        "edge": "m10->a11.h6<k>",
        "improvement": 0.04693064498901389,
        "stdev": 0.018031858317231128,
        "robustness": 2.6026516049190156
    },
    {
        "edge": "m10->a11.h3<k>",
        "improvement": -0.002058779716491266,
        "stdev": 0.011269643043266936,
        "robustness": -0.18268366696150917
    }
]