[
    {
        "edge": "full_attack",
        "improvement": 13.81644707107544,
        "stdev": 0.5982997508221796,
        "robustness": 23.09285112034389
    },
    {
        "edge": "m11->logits",
        "improvement": 4.410421875953674,
        "stdev": 0.2053032563393792,
        "robustness": 21.48247404640757
    },
    {
        "edge": "input->a0.h4<v>",
        "improvement": 2.0471430101394654,
        "stdev": 0.9578625700392722,
        "robustness": 2.137199086979182
    },
    {
        "edge": "input->m0",
        "improvement": 1.3379038944244384,
        "stdev": 0.7850358023472075,
        "robustness": 1.7042584432763324
    },
    {
        "edge": "a11.h10->logits",
        "improvement": 0.8437962532043457,
        "stdev": 0.06600643289276119,
        "robustness": 12.783545727660181
    },
    {
        "edge": "a11.h2->logits",
        "improvement": 0.8319616813659669,
        "stdev": 0.06308748408703194,
        "robustness": 13.18742843221073
    },
    {
        "edge": "a11.h5->logits",
        "improvement": 0.8096010208129885,
        "stdev": 0.0682982758481731,
        "robustness": 11.853901299246989
    },
    {
        "edge": "a0.h4->m0",
        "improvement": 0.6703960762023922,
        "stdev": 0.44693893168493615,
        "robustness": 1.4999724317481908
    },
    {
        "edge": "a11.h1->logits",
        "improvement": 0.6643283157348634,
        "stdev": 0.04740100688252439,
        "robustness": 14.015067599329525
    },
    {
        "edge": "a11.h0->logits",
        "improvement": 0.6316255989074708,
        "stdev": 0.04337310769170931,
        "robustness": 14.562608780468016
    },
    {
        "edge": "m0->m1",
        "improvement": 0.629974868774414,
        "stdev": 0.2950018315767583,
        "robustness": 2.135494771023132
    },
    {
        "edge": "a11.h3->logits",
        "improvement": 0.5637530670166013,
        "stdev": 0.04139243759878673,
        "robustness": 13.61971170871864
    },
    {
        "edge": "a11.h4->logits",
        "improvement": 0.4783113861083983,
        "stdev": 0.022923044497193148,
        "robustness": 20.865962467025966
    },
    {
        "edge": "a11.h7->logits",
        "improvement": 0.4673756294250486,
        "stdev": 0.05081340851866032,
        "robustness": 9.197879911035947
    },
    {
        "edge": "a11.h6->logits",
        "improvement": 0.40891468811035203,
        "stdev": 0.04242694029625259,
        "robustness": 9.638090450431797
    },
    {
        "edge": "m10->a11.h3<v>",
        "improvement": 0.3939207534790041,
        "stdev": 0.03761892223705686,
        "robustness": 10.471346068786865
    },
    {
        "edge": "m10->a11.h2<v>",
        "improvement": 0.3845235214233398,
        "stdev": 0.0439335770390888,
        "robustness": 8.752383651374883
    },
    {
        "edge": "m10->a11.h5<v>",
        "improvement": 0.3402438926696778,
        "stdev": 0.050513104183382285,
        "robustness": 6.735754972303022
    },
    {
        "edge": "m10->a11.h0<v>",
        "improvement": 0.29971184921264626,
        "stdev": 0.04261631160690841,
        "robustness": 7.032796549292661
    },
    {
        "edge": "a11.h9->logits",
        "improvement": 0.2711501121520996,
        "stdev": 0.0154229496593854,
        "robustness": 17.580950346102917
    },
    {
        "edge": "a11.h5->m11",
        "improvement": 0.2550220489501953,
        "stdev": 0.03030677626075504,
        "robustness": 8.41468742026612
    },
    {
        "edge": "m1->m2",
        "improvement": 0.24791209411621118,
        "stdev": 0.19751868161301905,
        "robustness": 1.2551323859174166
    },
    {
        "edge": "m9->a10.h3<v>",
        "improvement": 0.2171093902587895,
        "stdev": 0.055257039523646564,
        "robustness": 3.9290811113013073
    },
    {
        "edge": "m9->a10.h4<v>",
        "improvement": 0.20512651062011678,
        "stdev": 0.05457396787094383,
        "robustness": 3.758687862044384
    },
    {
        "edge": "m1->m3",
        "improvement": 0.20436376190185523,
        "stdev": 0.22589667748795048,
        "robustness": 0.9046780332249738
    },
    {
        "edge": "m8->m9",
        "improvement": 0.20395798492431627,
        "stdev": 0.11915689332485624,
        "robustness": 1.7116759193131
    },
    {
        "edge": "m10->a11.h7<v>",
        "improvement": 0.1901613883972164,
        "stdev": 0.028960258372693694,
        "robustness": 6.566287701925942
    },
    {
        "edge": "a11.h0->m11",
        "improvement": 0.1703299484252927,
        "stdev": 0.022299338759987245,
        "robustness": 7.6383407713830405
    },
    {
        "edge": "a11.h2->m11",
        "improvement": 0.1601276473999027,
        "stdev": 0.021713058637650023,
        "robustness": 7.374716297327382
    },
    {
        "edge": "a11.h3->m11",
        "improvement": 0.1494824981689451,
        "stdev": 0.014462089794981965,
        "robustness": 10.336161667369284
    },
    {
        "edge": "a11.h8->logits",
        "improvement": 0.14574342727661094,
        "stdev": 0.013752577041330935,
        "robustness": 10.597535781010706
    },
    {
        "edge": "m9->a10.h10<v>",
        "improvement": 0.14489030456542995,
        "stdev": 0.029386759782801072,
        "robustness": 4.930462073271127
    },
    {
        "edge": "m9->m10",
        "improvement": 0.14057704544067384,
        "stdev": 0.08105557922933111,
        "robustness": 1.7343290465291505
    },
    {
        "edge": "m9->a10.h6<v>",
        "improvement": 0.13894886016845742,
        "stdev": 0.03558202667164165,
        "robustness": 3.9050293973051744
    },
    {
        "edge": "m0->m2",
        "improvement": 0.12297306442260769,
        "stdev": 0.09254921041739039,
        "robustness": 1.3287316430686753
    },
    {
        "edge": "m10->a11.h6<v>",
        "improvement": 0.11445503234863263,
        "stdev": 0.013266867886492902,
        "robustness": 8.627132894355583
    },
    {
        "edge": "a0.h4->m1",
        "improvement": 0.10731502914428681,
        "stdev": 0.08207026608538703,
        "robustness": 1.3075993811526672
    },
    {
        "edge": "a11.h4->m11",
        "improvement": 0.100085845947266,
        "stdev": 0.011758493824830496,
        "robustness": 8.511791343200265
    },
    {
        "edge": "m3->m4",
        "improvement": 0.0973854942321779,
        "stdev": 0.056940583942930265,
        "robustness": 1.7103002373453755
    },
    {
        "edge": "input->m1",
        "improvement": 0.09241781997680665,
        "stdev": 0.09284837968857472,
        "robustness": 0.9953627654762288
    },
    {
        "edge": "m2->a4.h8<v>",
        "improvement": 0.05306003189086894,
        "stdev": 0.06976638550728478,
        "robustness": 0.7605386391320013
    },
    {
        "edge": "a10.h10->logits",
        "improvement": 0.05085696792602512,
        "stdev": 0.0069766378140002,
        "robustness": 7.289609878266739
    },
    {
        "edge": "m0->a1.h11<v>",
        "improvement": 0.04308485031127951,
        "stdev": 0.04578193853590532,
        "robustness": 0.9410883787170661
    },
    {
        "edge": "m0->a1.h4<v>",
        "improvement": 0.03903630828857452,
        "stdev": 0.03858120670996948,
        "robustness": 1.011795939458976
    },
    {
        "edge": "m0->a1.h3<v>",
        "improvement": 0.0387774772644045,
        "stdev": 0.03512219632428354,
        "robustness": 1.104073244918163
    },
    {
        "edge": "m9->a11.h5<v>",
        "improvement": 0.0326006164550785,
        "stdev": 0.009324995288464873,
        "robustness": 3.4960464264690665
    },
    {
        "edge": "m1->a2.h6<v>",
        "improvement": 0.02616112136840787,
        "stdev": 0.041431568581255886,
        "robustness": 0.6314296625555099
    },
    {
        "edge": "a1.h4->m1",
        "improvement": 0.025905399322510014,
        "stdev": 0.02208454426804468,
        "robustness": 1.1730103645377883
    },
    {
        "edge": "m0->a2.h6<v>",
        "improvement": 0.02570768737792939,
        "stdev": 0.024165651809175816,
        "robustness": 1.0638110480499456
    },
    {
        "edge": "a1.h11->m1",
        "improvement": 0.02474402618408167,
        "stdev": 0.016515601520306792,
        "robustness": 1.498221312354721
    },
    {
        "edge": "a1.h3->m1",
        "improvement": 0.02250135421752919,
        "stdev": 0.016762593308467483,
        "robustness": 1.3423551954913098
    }
]