[
    {
        "edge": "full_attack",
        "improvement": 13.786598518371584,
        "stdev": 0.5845694467207252,
        "robustness": 23.584192769072406
    },
    {
        "edge": "m11->logits",
        "improvement": 4.283456332206726,
        "stdev": 0.2078130003128967,
        "robustness": 20.61207107234522
    },
    {
        "edge": "input->a0.h4<v>",
        "improvement": 3.0342621884346013,
        "stdev": 1.243559307050002,
        "robustness": 2.4399818900736974
    },
    {
        "edge": "input->m0",
        "improvement": 1.9639134235382079,
        "stdev": 0.9317132889438282,
        "robustness": 2.107851682317917
    },
    {
        "edge": "a0.h4->m0",
        "improvement": 1.1381747760772711,
        "stdev": 0.6446843571404716,
        "robustness": 1.7654760247723398
    },
    {
        "edge": "a11.h5->logits",
        "improvement": 1.0411378440856938,
        "stdev": 0.0844734809647461,
        "robustness": 12.325025939444817
    },
    {
        "edge": "a11.h0->logits",
        "improvement": 0.9413827095031744,
        "stdev": 0.06513317007632825,
        "robustness": 14.45319962777778
    },
    {
        "edge": "a11.h10->logits",
        "improvement": 0.9252874145507812,
        "stdev": 0.082825163963265,
        "robustness": 11.171573592793235
    },
    {
        "edge": "a11.h1->logits",
        "improvement": 0.8746454963684087,
        "stdev": 0.06587833914553064,
        "robustness": 13.276678005440381
    },
    {
        "edge": "m0->m1",
        "improvement": 0.7621847572326663,
        "stdev": 0.35624075557588225,
        "robustness": 2.1395215042157485
    },
    {
        "edge": "a11.h7->logits",
        "improvement": 0.7080131263732916,
        "stdev": 0.06414987210608528,
        "robustness": 11.036859515517714
    },
    {
        "edge": "a11.h3->logits",
        "improvement": 0.5767658042907717,
        "stdev": 0.050188799155045184,
        "robustness": 11.491922779602765
    },
    {
        "edge": "m10->a11.h5<v>",
        "improvement": 0.48338538360595695,
        "stdev": 0.07048474151574864,
        "robustness": 6.858014560469837
    },
    {
        "edge": "m10->a11.h7<v>",
        "improvement": 0.47235879516601553,
        "stdev": 0.06265649096576188,
        "robustness": 7.538864495685404
    },
    {
        "edge": "m10->a11.h3<v>",
        "improvement": 0.46893429183959956,
        "stdev": 0.049795966649218405,
        "robustness": 9.417113943041809
    },
    {
        "edge": "a11.h6->logits",
        "improvement": 0.43813430786132823,
        "stdev": 0.05184195950708988,
        "robustness": 8.451345435764425
    },
    {
        "edge": "m10->a11.h1<v>",
        "improvement": 0.4120094985961913,
        "stdev": 0.053350832251553466,
        "robustness": 7.722644262671168
    },
    {
        "edge": "m9->a10.h4<v>",
        "improvement": 0.3541062736511229,
        "stdev": 0.07535267214385283,
        "robustness": 4.699319394740408
    },
    {
        "edge": "m10->a11.h0<v>",
        "improvement": 0.3408852577209478,
        "stdev": 0.0589709781778042,
        "robustness": 5.780559662638459
    },
    {
        "edge": "a11.h5->m11",
        "improvement": 0.31368395996093756,
        "stdev": 0.03783363211044446,
        "robustness": 8.291140513425384
    },
    {
        "edge": "a11.h1->m11",
        "improvement": 0.27889205932617234,
        "stdev": 0.036033656902049044,
        "robustness": 7.73976563312155
    },
    {
        "edge": "m1->m2",
        "improvement": 0.2653961105346685,
        "stdev": 0.18927554739408115,
        "robustness": 1.4021679725067735
    },
    {
        "edge": "m0->m2",
        "improvement": 0.24221673202514715,
        "stdev": 0.10900923550943974,
        "robustness": 2.221983586007006
    },
    {
        "edge": "m1->m3",
        "improvement": 0.24106390762329166,
        "stdev": 0.21258859589877652,
        "robustness": 1.133945622078776
    },
    {
        "edge": "m9->a10.h3<v>",
        "improvement": 0.2407792167663576,
        "stdev": 0.06053061868915658,
        "robustness": 3.9778086195159057
    },
    {
        "edge": "m9->m10",
        "improvement": 0.2333861961364745,
        "stdev": 0.08272561138060198,
        "robustness": 2.821208477538074
    },
    {
        "edge": "a11.h0->m11",
        "improvement": 0.20072907257080086,
        "stdev": 0.031118800108035673,
        "robustness": 6.450411708482535
    },
    {
        "edge": "m3->m4",
        "improvement": 0.18399898910522516,
        "stdev": 0.10723048476290749,
        "robustness": 1.7159205193565716
    },
    {
        "edge": "a11.h7->m11",
        "improvement": 0.1806134300231932,
        "stdev": 0.02625263680583559,
        "robustness": 6.879820543704219
    },
    {
        "edge": "m9->a10.h1<v>",
        "improvement": 0.18002967834472638,
        "stdev": 0.0446041968730751,
        "robustness": 4.036160069354362
    },
    {
        "edge": "m9->a10.h10<v>",
        "improvement": 0.17393565750122075,
        "stdev": 0.03256326593935817,
        "robustness": 5.34146844561406
    },
    {
        "edge": "m9->a10.h8<v>",
        "improvement": 0.15864886093139674,
        "stdev": 0.031495426801179005,
        "robustness": 5.037203081352048
    },
    {
        "edge": "m10->logits",
        "improvement": 0.15446945571899473,
        "stdev": 0.029724485058422383,
        "robustness": 5.196707543137944
    },
    {
        "edge": "a11.h8->logits",
        "improvement": 0.15020226669311576,
        "stdev": 0.01638691661493375,
        "robustness": 9.165987123912817
    },
    {
        "edge": "a0.h4->m1",
        "improvement": 0.13943854904174824,
        "stdev": 0.11925130281905669,
        "robustness": 1.1692832341909272
    },
    {
        "edge": "input->m1",
        "improvement": 0.12019137191772522,
        "stdev": 0.11198476345914668,
        "robustness": 1.0732832593031498
    },
    {
        "edge": "m0->a2.h7<v>",
        "improvement": 0.11805218887329083,
        "stdev": 0.22299325705214437,
        "robustness": 0.5293980205225923
    },
    {
        "edge": "a10.h4->logits",
        "improvement": 0.10821570968627992,
        "stdev": 0.01603869013036078,
        "robustness": 6.747166308888946
    },
    {
        "edge": "a11.h3->m11",
        "improvement": 0.0992845039367678,
        "stdev": 0.021213567236165895,
        "robustness": 4.68023613527398
    },
    {
        "edge": "a11.h11->logits",
        "improvement": 0.09361552810668972,
        "stdev": 0.010086010302038087,
        "robustness": 9.281720452711888
    },
    {
        "edge": "m9->a11.h5<v>",
        "improvement": 0.08554743576049795,
        "stdev": 0.01588142969906717,
        "robustness": 5.386633154666343
    },
    {
        "edge": "m9->a11.h0<v>",
        "improvement": 0.07442629241943344,
        "stdev": 0.014875559215799715,
        "robustness": 5.003260135617849
    },
    {
        "edge": "m10->a11.h6<v>",
        "improvement": 0.06158955383300846,
        "stdev": 0.016871603428554385,
        "robustness": 3.6504861019179167
    },
    {
        "edge": "a10.h10->logits",
        "improvement": 0.05747850036621127,
        "stdev": 0.008066135663252833,
        "robustness": 7.125903005582713
    },
    {
        "edge": "m0->a1.h11<v>",
        "improvement": 0.057316982269287386,
        "stdev": 0.03928751920557066,
        "robustness": 1.4589107031517605
    },
    {
        "edge": "a10.h1->logits",
        "improvement": 0.05503169631958027,
        "stdev": 0.00848245402238275,
        "robustness": 6.487709355614247
    },
    {
        "edge": "m0->a1.h3<v>",
        "improvement": 0.0493331604003906,
        "stdev": 0.03305375500234037,
        "robustness": 1.4925130411627232
    },
    {
        "edge": "m0->a1.h4<v>",
        "improvement": 0.0492780151367187,
        "stdev": 0.028679097228575895,
        "robustness": 1.7182554507893648
    },
    {
        "edge": "m10->a11.h6<k>",
        "improvement": 0.03101537322998027,
        "stdev": 0.010093890060686481,
        "robustness": 3.0726878382377514
    },
    {
        "edge": "a1.h4->m1",
        "improvement": 0.030806331634521733,
        "stdev": 0.01918301262894843,
        "robustness": 1.6059172889263988
    },
    {
        "edge": "a10.h5->logits",
        "improvement": 0.023460620880126903,
        "stdev": 0.004241573814898866,
        "robustness": 5.531112248411098
    }
]