[
    {
        "edge": "full_attack",
        "improvement": 14.091650989532472,
        "stdev": 0.3812004056461252,
        "robustness": 36.96651624923503
    },
    {
        "edge": "m11->logits",
        "improvement": 4.150173412322998,
        "stdev": 0.1768551084447681,
        "robustness": 23.46651701960364
    },
    {
        "edge": "input->a0.h4<v>",
        "improvement": 2.628603255271912,
        "stdev": 1.3197796491781728,
        "robustness": 1.9916985815842396
    },
    {
        "edge": "input->m0",
        "improvement": 1.6533683185577397,
        "stdev": 1.0164810934192863,
        "robustness": 1.6265608177679554
    },
    {
        "edge": "a0.h4->m0",
        "improvement": 0.8392388668060304,
        "stdev": 0.5854601329704037,
        "robustness": 1.4334688555957675
    },
    {
        "edge": "a11.h5->logits",
        "improvement": 0.6433637084960937,
        "stdev": 0.05226317843618882,
        "robustness": 12.310076190287855
    },
    {
        "edge": "a11.h10->logits",
        "improvement": 0.6136198883056645,
        "stdev": 0.05352938116542859,
        "robustness": 11.463235235418054
    },
    {
        "edge": "a11.h1->logits",
        "improvement": 0.531121788024902,
        "stdev": 0.040893997053682345,
        "robustness": 12.98776901968492
    },
    {
        "edge": "m0->m1",
        "improvement": 0.49779995727539106,
        "stdev": 0.2867523975225451,
        "robustness": 1.735992311053835
    },
    {
        "edge": "a11.h7->logits",
        "improvement": 0.4757326889038085,
        "stdev": 0.045209610867923654,
        "robustness": 10.522822023255728
    },
    {
        "edge": "a11.h2->logits",
        "improvement": 0.46020738983154263,
        "stdev": 0.0442155576123587,
        "robustness": 10.408268371649122
    },
    {
        "edge": "a11.h0->logits",
        "improvement": 0.4261297874450687,
        "stdev": 0.03133056172028231,
        "robustness": 13.601089927768742
    },
    {
        "edge": "m9->m10",
        "improvement": 0.4001714935302738,
        "stdev": 0.09791783744135747,
        "robustness": 4.0868089409136985
    },
    {
        "edge": "m10->a11.h5<v>",
        "improvement": 0.36883277511596724,
        "stdev": 0.04317607247050135,
        "robustness": 8.542527238158595
    },
    {
        "edge": "m10->a11.h7<v>",
        "improvement": 0.35421921157836955,
        "stdev": 0.045406568907007575,
        "robustness": 7.801056545448495
    },
    {
        "edge": "m10->a11.h1<v>",
        "improvement": 0.3333064346313481,
        "stdev": 0.0354347423189307,
        "robustness": 9.406204555727278
    },
    {
        "edge": "a11.h6->logits",
        "improvement": 0.2971850929260258,
        "stdev": 0.024940265360025526,
        "robustness": 11.915875337972812
    },
    {
        "edge": "a11.h3->logits",
        "improvement": 0.28359565353393545,
        "stdev": 0.02693122318977596,
        "robustness": 10.530366613336685
    },
    {
        "edge": "m10->a11.h3<v>",
        "improvement": 0.25860072708129866,
        "stdev": 0.023996946775561415,
        "robustness": 10.776401243872352
    },
    {
        "edge": "a11.h4->logits",
        "improvement": 0.23682837295532266,
        "stdev": 0.011643327475639148,
        "robustness": 20.340265568483655
    },
    {
        "edge": "a11.h5->m11",
        "improvement": 0.23669514846801754,
        "stdev": 0.03148875738733897,
        "robustness": 7.516814511174967
    },
    {
        "edge": "a11.h1->m11",
        "improvement": 0.22973608398437495,
        "stdev": 0.02683292575901139,
        "robustness": 8.561723236878928
    },
    {
        "edge": "m10->a11.h0<v>",
        "improvement": 0.21916968154907224,
        "stdev": 0.02859929002610382,
        "robustness": 7.663465818522995
    },
    {
        "edge": "m1->m2",
        "improvement": 0.21112731552124053,
        "stdev": 0.24596982372113496,
        "robustness": 0.8583464114712028
    },
    {
        "edge": "m1->m3",
        "improvement": 0.20963494110107384,
        "stdev": 0.2594300572075489,
        "robustness": 0.8080595724240308
    },
    {
        "edge": "m9->a10.h4<v>",
        "improvement": 0.20307061004638705,
        "stdev": 0.05396466136708118,
        "robustness": 3.763029451163415
    },
    {
        "edge": "m0->m2",
        "improvement": 0.17408343505859403,
        "stdev": 0.14025120395360344,
        "robustness": 1.2412259585035907
    },
    {
        "edge": "m10->a11.h6<v>",
        "improvement": 0.16598301315307662,
        "stdev": 0.01642667106057712,
        "robustness": 10.104482675824952
    },
    {
        "edge": "a11.h9->logits",
        "improvement": 0.140494510650635,
        "stdev": 0.010794594437473165,
        "robustness": 13.015265322327611
    },
    {
        "edge": "m9->a10.h8<v>",
        "improvement": 0.13666369247436538,
        "stdev": 0.030028046202707163,
        "robustness": 4.5512016183738435
    },
    {
        "edge": "a11.h11->logits",
        "improvement": 0.12279282379150391,
        "stdev": 0.005798796952131169,
        "robustness": 21.175568795588745
    },
    {
        "edge": "m3->m4",
        "improvement": 0.12239482498168908,
        "stdev": 0.12434863412260279,
        "robustness": 0.9842876509685877
    },
    {
        "edge": "m9->a10.h10<v>",
        "improvement": 0.12132717132568338,
        "stdev": 0.03211634039517549,
        "robustness": 3.777739612696007
    },
    {
        "edge": "m9->a10.h3<v>",
        "improvement": 0.11406967926025402,
        "stdev": 0.046408238667275774,
        "robustness": 2.457961830399931
    },
    {
        "edge": "a0.h4->m1",
        "improvement": 0.11266639328002892,
        "stdev": 0.16410833503973324,
        "robustness": 0.6865366908557727
    },
    {
        "edge": "input->m1",
        "improvement": 0.09974298477172816,
        "stdev": 0.14997968179210477,
        "robustness": 0.6650433150670868
    },
    {
        "edge": "m10->logits",
        "improvement": 0.0895734672546391,
        "stdev": 0.019822014123206243,
        "robustness": 4.518888277340731
    },
    {
        "edge": "a11.h3->m11",
        "improvement": 0.07613950347900378,
        "stdev": 0.014585573361097096,
        "robustness": 5.220192692738733
    },
    {
        "edge": "a11.h9->m11",
        "improvement": 0.06953445053100626,
        "stdev": 0.011848276385652825,
        "robustness": 5.86873974472828
    },
    {
        "edge": "m9->a10.h1<v>",
        "improvement": 0.0615746078491215,
        "stdev": 0.03866922847188805,
        "robustness": 1.5923412564045678
    },
    {
        "edge": "a11.h4->m11",
        "improvement": 0.056866424560547024,
        "stdev": 0.010331522482701451,
        "robustness": 5.504166946910402
    },
    {
        "edge": "a10.h4->m10",
        "improvement": 0.05059711074829121,
        "stdev": 0.017533447443956733,
        "robustness": 2.8857479916609643
    },
    {
        "edge": "m0->a1.h11<v>",
        "improvement": 0.047925682067870845,
        "stdev": 0.07565795530301707,
        "robustness": 0.6334519863235013
    },
    {
        "edge": "m0->a1.h3<v>",
        "improvement": 0.042807647705077834,
        "stdev": 0.06847357915929554,
        "robustness": 0.625170295326479
    },
    {
        "edge": "m0->a1.h4<v>",
        "improvement": 0.03987626647949227,
        "stdev": 0.044661062362461625,
        "robustness": 0.8928642618454358
    },
    {
        "edge": "m5->m6",
        "improvement": 0.03155454254150403,
        "stdev": 0.051513694893926466,
        "robustness": 0.6125466753351515
    },
    {
        "edge": "a10.h1->m10",
        "improvement": 0.023419090270996534,
        "stdev": 0.015399809412795245,
        "robustness": 1.520738967817245
    },
    {
        "edge": "a1.h4->m1",
        "improvement": 0.02279174423217789,
        "stdev": 0.017944286903758752,
        "robustness": 1.2701393125521054
    },
    {
        "edge": "m10->a11.h10<v>",
        "improvement": 0.01917214584350546,
        "stdev": 0.014120086896309947,
        "robustness": 1.3577923411020782
    },
    {
        "edge": "a10.h10->logits",
        "improvement": 0.015121295928954837,
        "stdev": 0.005143842808916869,
        "robustness": 2.939688573442022
    },
    {
        "edge": "a10.h1->logits",
        "improvement": 0.014552051544189482,
        "stdev": 0.004515810094231861,
        "robustness": 3.2224675618616296
    }
]