[
    {
        "edge": "full_attack",
        "improvement": 11.43916725730896,
        "stdev": 1.0628445902170853,
        "robustness": 10.762784477241887
    },
    {
        "edge": "input->a0.h4<v>",
        "improvement": 5.052027782440185,
        "stdev": 1.3285122190721759,
        "robustness": 3.802771032071115
    },
    {
        "edge": "m11->logits",
        "improvement": 4.4815660686492915,
        "stdev": 0.3336865106907242,
        "robustness": 13.430468194151876
    },
    {
        "edge": "input->m0",
        "improvement": 3.2743629922866817,
        "stdev": 0.9791714254681916,
        "robustness": 3.3440140379107186
    },
    {
        "edge": "a0.h4->m0",
        "improvement": 2.4979909914731975,
        "stdev": 0.8492880090008145,
        "robustness": 2.9412766517357034
    },
    {
        "edge": "m0->m1",
        "improvement": 1.6512332396507259,
        "stdev": 0.4829232537636135,
        "robustness": 3.419245660220349
    },
    {
        "edge": "a11.h5->logits",
        "improvement": 1.132006991386413,
        "stdev": 0.15653564842439754,
        "robustness": 7.231624251603887
    },
    {
        "edge": "a11.h10->logits",
        "improvement": 1.1182744865417478,
        "stdev": 0.12285389301254684,
        "robustness": 9.102474973483668
    },
    {
        "edge": "a11.h2->logits",
        "improvement": 0.9863621010780332,
        "stdev": 0.12178871934126684,
        "robustness": 8.098961105865039
    },
    {
        "edge": "a11.h7->logits",
        "improvement": 0.8291966528892512,
        "stdev": 0.09116981841869959,
        "robustness": 9.09507847302213
    },
    {
        "edge": "a11.h10->m11",
        "improvement": 0.7437562127113337,
        "stdev": 0.1276254048646668,
        "robustness": 5.82765017278502
    },
    {
        "edge": "a11.h0->logits",
        "improvement": 0.7388392605781551,
        "stdev": 0.08987070334377649,
        "robustness": 8.221135843923708
    },
    {
        "edge": "a11.h6->logits",
        "improvement": 0.654281338214874,
        "stdev": 0.07420924472821305,
        "robustness": 8.816709300992626
    },
    {
        "edge": "m1->m3",
        "improvement": 0.48448130989074656,
        "stdev": 0.3885901030309132,
        "robustness": 1.2467669817422113
    },
    {
        "edge": "m0->m2",
        "improvement": 0.47985315418243335,
        "stdev": 0.21832550122190938,
        "robustness": 2.1978795490990457
    },
    {
        "edge": "m10->a11.h10<v>",
        "improvement": 0.4700427398681635,
        "stdev": 0.11186752438640127,
        "robustness": 4.2017801184603885
    },
    {
        "edge": "m10->a11.h7<v>",
        "improvement": 0.43377585124969453,
        "stdev": 0.08710200397393338,
        "robustness": 4.9800903705901955
    },
    {
        "edge": "m9->a10.h4<v>",
        "improvement": 0.42954639148712115,
        "stdev": 0.14277973709943528,
        "robustness": 3.008454842496135
    },
    {
        "edge": "m0->a2.h7<v>",
        "improvement": 0.41061143541335987,
        "stdev": 0.45011324161225347,
        "robustness": 0.912240293004039
    },
    {
        "edge": "m3->m4",
        "improvement": 0.40591457748413085,
        "stdev": 0.2815370179972291,
        "robustness": 1.4417804819120656
    },
    {
        "edge": "m1->m2",
        "improvement": 0.39230465030670114,
        "stdev": 0.2750691595192243,
        "robustness": 1.4262036899824948
    },
    {
        "edge": "m9->m10",
        "improvement": 0.35158381366729685,
        "stdev": 0.15376903852928062,
        "robustness": 2.286440866314895
    },
    {
        "edge": "m10->a11.h5<v>",
        "improvement": 0.32674088478088326,
        "stdev": 0.11818419412897749,
        "robustness": 2.764674982039497
    },
    {
        "edge": "a0.h4->m1",
        "improvement": 0.3206269474029533,
        "stdev": 0.18119892430913043,
        "robustness": 1.7694748941001148
    },
    {
        "edge": "m9->a10.h3<v>",
        "improvement": 0.255726576805114,
        "stdev": 0.10340958673167791,
        "robustness": 2.47294844595657
    },
    {
        "edge": "m10->a11.h0<v>",
        "improvement": 0.24971920680999737,
        "stdev": 0.0780864113854365,
        "robustness": 3.1979854417611415
    },
    {
        "edge": "m10->a11.h2<v>",
        "improvement": 0.2360515441894524,
        "stdev": 0.05040693374640044,
        "robustness": 4.682918135370787
    },
    {
        "edge": "input->m1",
        "improvement": 0.23488409996032633,
        "stdev": 0.16225882657659593,
        "robustness": 1.4475890459459653
    },
    {
        "edge": "m9->a10.h10<v>",
        "improvement": 0.2067542676925651,
        "stdev": 0.054975234787953686,
        "robustness": 3.7608619315595835
    },
    {
        "edge": "a11.h4->logits",
        "improvement": 0.20295027828216483,
        "stdev": 0.0345755800815925,
        "robustness": 5.869757725054407
    },
    {
        "edge": "a11.h8->logits",
        "improvement": 0.19095899677276584,
        "stdev": 0.03212634445203179,
        "robustness": 5.944000166526537
    },
    {
        "edge": "m10->a11.h6<v>",
        "improvement": 0.18687813186645474,
        "stdev": 0.0407294919980981,
        "robustness": 4.588275539385102
    },
    {
        "edge": "m10->logits",
        "improvement": 0.16606214046478218,
        "stdev": 0.03715150619510241,
        "robustness": 4.469862933489188
    },
    {
        "edge": "m9->a10.h8<v>",
        "improvement": 0.1601240100860588,
        "stdev": 0.04898127682303897,
        "robustness": 3.2690860767995016
    },
    {
        "edge": "a11.h11->logits",
        "improvement": 0.1461427917480469,
        "stdev": 0.0281160554269311,
        "robustness": 5.1978412166616845
    },
    {
        "edge": "m1->m4",
        "improvement": 0.11893478202819807,
        "stdev": 0.10467244181052368,
        "robustness": 1.1362568788018899
    },
    {
        "edge": "m0->a1.h4<v>",
        "improvement": 0.10269194889068523,
        "stdev": 0.08753684118830041,
        "robustness": 1.1731283365570009
    },
    {
        "edge": "a10.h3->logits",
        "improvement": 0.10030525207519503,
        "stdev": 0.018588605275674762,
        "robustness": 5.3960612207122125
    },
    {
        "edge": "m0->a1.h11<v>",
        "improvement": 0.09924730491638112,
        "stdev": 0.07121078574391641,
        "robustness": 1.3937116952098774
    },
    {
        "edge": "a10.h10->logits",
        "improvement": 0.0977084236145016,
        "stdev": 0.022526964622228356,
        "robustness": 4.337398546721575
    },
    {
        "edge": "m0->a1.h3<v>",
        "improvement": 0.0912778720855707,
        "stdev": 0.06323509328402521,
        "robustness": 1.443468608096919
    },
    {
        "edge": "a11.h9->logits",
        "improvement": 0.08998418045043888,
        "stdev": 0.025742731891291996,
        "robustness": 3.4955179128007723
    },
    {
        "edge": "m1->a2.h6<v>",
        "improvement": 0.08569046306610062,
        "stdev": 0.07852336023305928,
        "robustness": 1.0912735116246834
    },
    {
        "edge": "a1.h4->m1",
        "improvement": 0.06531193161010673,
        "stdev": 0.058503650022550355,
        "robustness": 1.1163736208754858
    },
    {
        "edge": "a1.h3->m1",
        "improvement": 0.06133949279785078,
        "stdev": 0.057261487364760194,
        "robustness": 1.0712172460193599
    },
    {
        "edge": "m0->a2.h6<v>",
        "improvement": 0.06119398212432792,
        "stdev": 0.05888342257023412,
        "robustness": 1.0392395593401154
    },
    {
        "edge": "a1.h11->m1",
        "improvement": 0.05734044933319016,
        "stdev": 0.044988098546712735,
        "robustness": 1.274569301337587
    },
    {
        "edge": "a10.h2->logits",
        "improvement": 0.04784030342101975,
        "stdev": 0.015896586115351607,
        "robustness": 3.0094702770690835
    },
    {
        "edge": "input->a0.h0<v>",
        "improvement": 0.04428779220581003,
        "stdev": 0.036336265314023924,
        "robustness": 1.2188317049941075
    },
    {
        "edge": "a10.h6->logits",
        "improvement": 0.027382608413695664,
        "stdev": 0.011622361176082298,
        "robustness": 2.3560280048813524
    },
    {
        "edge": "m0->a1.h10<v>",
        "improvement": -0.0012991170883180914,
        "stdev": 0.20865320464027168,
        "robustness": -0.006226202423096414
    }
]