[
    {
        "edge": "full_attack",
        "improvement": 12.53315994644165,
        "stdev": 0.803642191280367,
        "robustness": 15.595447927483441
    },
    {
        "edge": "m11->logits",
        "improvement": 3.642823570251465,
        "stdev": 0.24410170437069137,
        "robustness": 14.92338441324234
    },
    {
        "edge": "input->a0.h4<v>",
        "improvement": 0.8805347862243655,
        "stdev": 0.5535423911441955,
        "robustness": 1.590726925907631
    },
    {
        "edge": "a11.h5->logits",
        "improvement": 0.610891078948975,
        "stdev": 0.054483513017796456,
        "robustness": 11.212402525318694
    },
    {
        "edge": "input->m0",
        "improvement": 0.6108018188476567,
        "stdev": 0.2877781997815785,
        "robustness": 2.122474250347145
    },
    {
        "edge": "a11.h7->logits",
        "improvement": 0.5920755233764652,
        "stdev": 0.04887637957849112,
        "robustness": 12.113735274226777
    },
    {
        "edge": "a11.h10->logits",
        "improvement": 0.5640775527954105,
        "stdev": 0.04888086987522205,
        "robustness": 11.539842769478703
    },
    {
        "edge": "a11.h1->logits",
        "improvement": 0.4880259017944333,
        "stdev": 0.03824731301899296,
        "robustness": 12.75974345052914
    },
    {
        "edge": "m0->m1",
        "improvement": 0.4115363082885741,
        "stdev": 0.0667218664864585,
        "robustness": 6.167937588677877
    },
    {
        "edge": "a11.h2->logits",
        "improvement": 0.390183933258057,
        "stdev": 0.040000588582104604,
        "robustness": 9.754454799013054
    },
    {
        "edge": "m9->a10.h4<v>",
        "improvement": 0.38962647247314486,
        "stdev": 0.06977742018735955,
        "robustness": 5.583847488585243
    },
    {
        "edge": "a0.h4->m0",
        "improvement": 0.3813276062011717,
        "stdev": 0.1462584949001658,
        "robustness": 2.6072168078952345
    },
    {
        "edge": "a11.h0->logits",
        "improvement": 0.37995925903320327,
        "stdev": 0.03576560924952001,
        "robustness": 10.623592523823776
    },
    {
        "edge": "m1->a2.h7<v>",
        "improvement": 0.3406474113464357,
        "stdev": 0.14439478426716443,
        "robustness": 2.3591393073877076
    },
    {
        "edge": "m10->a11.h7<v>",
        "improvement": 0.3278027381896971,
        "stdev": 0.041817326881337706,
        "robustness": 7.838921390644636
    },
    {
        "edge": "m10->a11.h10<v>",
        "improvement": 0.27688327026367165,
        "stdev": 0.0336431551434707,
        "robustness": 8.23000307441164
    },
    {
        "edge": "a11.h6->logits",
        "improvement": 0.25918267440795884,
        "stdev": 0.025936253888102976,
        "robustness": 9.993065132927565
    },
    {
        "edge": "m10->a11.h1<v>",
        "improvement": 0.25007987213134797,
        "stdev": 0.030808120179980993,
        "robustness": 8.117336295443595
    },
    {
        "edge": "a11.h11->logits",
        "improvement": 0.24393988418579138,
        "stdev": 0.008816862960099871,
        "robustness": 27.667423809321427
    },
    {
        "edge": "m10->a11.h5<v>",
        "improvement": 0.22934680938720753,
        "stdev": 0.035574449675479264,
        "robustness": 6.446953121675177
    },
    {
        "edge": "a11.h10->m11",
        "improvement": 0.21267227554321266,
        "stdev": 0.02246030399419524,
        "robustness": 9.468806637620613
    },
    {
        "edge": "m9->a10.h3<v>",
        "improvement": 0.18532717514038133,
        "stdev": 0.038605997614785906,
        "robustness": 4.8004762625121735
    },
    {
        "edge": "m9->m10",
        "improvement": 0.17148802566528332,
        "stdev": 0.0366581424525053,
        "robustness": 4.678033697082855
    },
    {
        "edge": "m9->a10.h9<v>",
        "improvement": 0.16735726928710992,
        "stdev": 0.03501867893835264,
        "robustness": 4.77908574397475
    },
    {
        "edge": "m9->a10.h8<v>",
        "improvement": 0.14633221435546861,
        "stdev": 0.027147052025756468,
        "robustness": 5.390353774569413
    },
    {
        "edge": "a10.h4->m10",
        "improvement": 0.1418338813781741,
        "stdev": 0.030201499138868472,
        "robustness": 4.696253014660385
    },
    {
        "edge": "m10->a11.h6<v>",
        "improvement": 0.13708798217773488,
        "stdev": 0.015678886712828504,
        "robustness": 8.743476797084652
    },
    {
        "edge": "m1->m2",
        "improvement": 0.1369053077697755,
        "stdev": 0.03879981594988496,
        "robustness": 3.528504051323507
    },
    {
        "edge": "a11.h4->logits",
        "improvement": 0.1346961898803709,
        "stdev": 0.008346926238121284,
        "robustness": 16.137220581296063
    },
    {
        "edge": "m0->m2",
        "improvement": 0.11371362686157216,
        "stdev": 0.04065600142994936,
        "robustness": 2.7969702592986603
    },
    {
        "edge": "m3->m4",
        "improvement": 0.09639348220825195,
        "stdev": 0.04750762071896856,
        "robustness": 2.029010940759753
    },
    {
        "edge": "m1->m3",
        "improvement": 0.09452677536010778,
        "stdev": 0.062450390373672046,
        "robustness": 1.5136298555462442
    },
    {
        "edge": "m8->m9",
        "improvement": 0.08927047348022477,
        "stdev": 0.07732423592990158,
        "robustness": 1.154495384359867
    },
    {
        "edge": "a8.h5->m9",
        "improvement": 0.08656137466430636,
        "stdev": 0.03746451015335069,
        "robustness": 2.310489962633733
    },
    {
        "edge": "a11.h9->logits",
        "improvement": 0.064483142852783,
        "stdev": 0.00509375856094417,
        "robustness": 12.659246032428856
    },
    {
        "edge": "a9.h11->m9",
        "improvement": 0.05809447097778353,
        "stdev": 0.03684935291470793,
        "robustness": 1.576539786526235
    },
    {
        "edge": "a9.h2->m9",
        "improvement": 0.057165126800537536,
        "stdev": 0.043633838532803684,
        "robustness": 1.3101099679222836
    },
    {
        "edge": "a0.h4->m1",
        "improvement": 0.05218396377563472,
        "stdev": 0.03615412658808617,
        "robustness": 1.4433750362767952
    },
    {
        "edge": "input->m1",
        "improvement": 0.04463609313964856,
        "stdev": 0.03782173470955869,
        "robustness": 1.180170435925766
    },
    {
        "edge": "a8.h5->m8",
        "improvement": 0.04025525665283247,
        "stdev": 0.054449980811931975,
        "robustness": 0.7393070861103238
    },
    {
        "edge": "m7->a8.h5<v>",
        "improvement": 0.040209308624267415,
        "stdev": 0.02566377360589164,
        "robustness": 1.566773041320648
    },
    {
        "edge": "a11.h8->logits",
        "improvement": 0.03780380249023452,
        "stdev": 0.004455068035210468,
        "robustness": 8.485572429299292
    },
    {
        "edge": "m0->a1.h4<v>",
        "improvement": 0.03241675567626956,
        "stdev": 0.013983464567784348,
        "robustness": 2.318220603994846
    },
    {
        "edge": "m0->a1.h11<v>",
        "improvement": 0.028050113677978494,
        "stdev": 0.016473734419713847,
        "robustness": 1.7027173659186459
    },
    {
        "edge": "m0->a1.h3<v>",
        "improvement": 0.027515117645263487,
        "stdev": 0.010529612310376156,
        "robustness": 2.613117827533818
    },
    {
        "edge": "m1->a2.h6<v>",
        "improvement": 0.020226860046387074,
        "stdev": 0.019517893740126753,
        "robustness": 1.0363239146446812
    },
    {
        "edge": "a1.h4->m1",
        "improvement": 0.01939976882934591,
        "stdev": 0.005774309922972667,
        "robustness": 3.3596687895406094
    },
    {
        "edge": "m0->a2.h6<v>",
        "improvement": 0.017425506591797202,
        "stdev": 0.006740777326544021,
        "robustness": 2.585088595521255
    },
    {
        "edge": "a1.h3->m1",
        "improvement": 0.01633416748046912,
        "stdev": 0.005737923463573384,
        "robustness": 2.8467036174610723
    },
    {
        "edge": "input->a0.h0<v>",
        "improvement": 0.015993110656738807,
        "stdev": 0.008528810240086298,
        "robustness": 1.8751865977237387
    },
    {
        "edge": "a1.h11->m1",
        "improvement": 0.01599157714843802,
        "stdev": 0.006510857792037963,
        "robustness": 2.4561398296847914
    }
]