[
    {
        "edge": "full_attack",
        "improvement": 12.775425613403321,
        "stdev": 1.0117723835133492,
        "robustness": 12.62677833629046
    },
    {
        "edge": "m11->logits",
        "improvement": 4.507440825223922,
        "stdev": 0.3082072581791323,
        "robustness": 14.624706932126058
    },
    {
        "edge": "input->a0.h4<v>",
        "improvement": 3.953137506484985,
        "stdev": 1.3496379362856463,
        "robustness": 2.9290355585027927
    },
    {
        "edge": "input->m0",
        "improvement": 2.385299489021301,
        "stdev": 1.0413479695204846,
        "robustness": 2.290588313260623
    },
    {
        "edge": "a0.h4->m0",
        "improvement": 1.7257603878974912,
        "stdev": 0.8185286601430497,
        "robustness": 2.1083689208828553
    },
    {
        "edge": "m0->m1",
        "improvement": 0.9776130332946771,
        "stdev": 0.3789060188662539,
        "robustness": 2.580093702971117
    },
    {
        "edge": "a11.h10->logits",
        "improvement": 0.9227289524078364,
        "stdev": 0.09796784663375478,
        "robustness": 9.418691786269298
    },
    {
        "edge": "a11.h0->logits",
        "improvement": 0.6894227504730219,
        "stdev": 0.06177034197906697,
        "robustness": 11.161064167439072
    },
    {
        "edge": "a11.h1->logits",
        "improvement": 0.6836889076232904,
        "stdev": 0.07043157187168969,
        "robustness": 9.707136862837821
    },
    {
        "edge": "a11.h7->logits",
        "improvement": 0.658993688583374,
        "stdev": 0.05896779252836408,
        "robustness": 11.175485130571772
    },
    {
        "edge": "a11.h2->logits",
        "improvement": 0.6374831485748285,
        "stdev": 0.08694497540011416,
        "robustness": 7.332029776777548
    },
    {
        "edge": "a11.h5->logits",
        "improvement": 0.634673078536987,
        "stdev": 0.08539650234643799,
        "robustness": 7.432073458491712
    },
    {
        "edge": "m10->a11.h7<v>",
        "improvement": 0.5750877246856687,
        "stdev": 0.08034062796222856,
        "robustness": 7.158118367658779
    },
    {
        "edge": "a11.h6->logits",
        "improvement": 0.55689783668518,
        "stdev": 0.044355881879608976,
        "robustness": 12.555219580499283
    },
    {
        "edge": "m10->a11.h1<v>",
        "improvement": 0.42421963119506767,
        "stdev": 0.07059198760479561,
        "robustness": 6.00945865938826
    },
    {
        "edge": "a11.h3->logits",
        "improvement": 0.36823049736022906,
        "stdev": 0.047422013260250744,
        "robustness": 7.764969727020865
    },
    {
        "edge": "a11.h10->m11",
        "improvement": 0.3354711589813233,
        "stdev": 0.0567843701038923,
        "robustness": 5.907808052947449
    },
    {
        "edge": "m10->a11.h10<v>",
        "improvement": 0.2930317192077636,
        "stdev": 0.06476867989306925,
        "robustness": 4.524281175585922
    },
    {
        "edge": "m0->m2",
        "improvement": 0.29106440925598154,
        "stdev": 0.18197844247543943,
        "robustness": 1.5994444468072904
    },
    {
        "edge": "m10->a11.h6<v>",
        "improvement": 0.26955156135559033,
        "stdev": 0.04138178390005959,
        "robustness": 6.513773355121169
    },
    {
        "edge": "m9->m10",
        "improvement": 0.24220180702209415,
        "stdev": 0.13733688889610862,
        "robustness": 1.7635597323404697
    },
    {
        "edge": "m10->a11.h5<v>",
        "improvement": 0.2322073173522945,
        "stdev": 0.05521264815191284,
        "robustness": 4.205690636562045
    },
    {
        "edge": "m1->m3",
        "improvement": 0.20209640502929638,
        "stdev": 0.1690027776830914,
        "robustness": 1.1958170617068855
    },
    {
        "edge": "m10->a11.h3<v>",
        "improvement": 0.19989436721801734,
        "stdev": 0.029005394866978652,
        "robustness": 6.891627165730751
    },
    {
        "edge": "a11.h11->logits",
        "improvement": 0.19842910385131773,
        "stdev": 0.02426714353558181,
        "robustness": 8.176862825258777
    },
    {
        "edge": "m9->a10.h10<v>",
        "improvement": 0.19380544662475518,
        "stdev": 0.06080979931735207,
        "robustness": 3.187075912112948
    },
    {
        "edge": "a11.h6->m11",
        "improvement": 0.1911416225433351,
        "stdev": 0.026295138287780188,
        "robustness": 7.26908603603587
    },
    {
        "edge": "m10->a11.h0<v>",
        "improvement": 0.19050362205505333,
        "stdev": 0.04063264358808289,
        "robustness": 4.688437798591228
    },
    {
        "edge": "a11.h9->logits",
        "improvement": 0.17976219940185523,
        "stdev": 0.027116364619258183,
        "robustness": 6.6292883255518396
    },
    {
        "edge": "m9->a10.h8<v>",
        "improvement": 0.17316791915893504,
        "stdev": 0.07022354564027582,
        "robustness": 2.4659523750907955
    },
    {
        "edge": "a0.h4->m1",
        "improvement": 0.17210724639892572,
        "stdev": 0.1263975705175249,
        "robustness": 1.3616341334271391
    },
    {
        "edge": "m10->logits",
        "improvement": 0.14436621475219713,
        "stdev": 0.02939031161547574,
        "robustness": 4.912034164216883
    },
    {
        "edge": "a11.h9->m11",
        "improvement": 0.13786383247375422,
        "stdev": 0.027601513774002245,
        "robustness": 4.9947924451740615
    },
    {
        "edge": "input->m1",
        "improvement": 0.11364452552795345,
        "stdev": 0.0913597714088752,
        "robustness": 1.243923050325336
    },
    {
        "edge": "m9->a11.h1<v>",
        "improvement": 0.10192993545532225,
        "stdev": 0.037600620501192984,
        "robustness": 2.710857802255903
    },
    {
        "edge": "m9->a10.h1<v>",
        "improvement": 0.09728867530822694,
        "stdev": 0.049713927542202475,
        "robustness": 1.9569702117306653
    },
    {
        "edge": "m10->a11.h2<v>",
        "improvement": 0.09254914474487297,
        "stdev": 0.027300136621661534,
        "robustness": 3.39006159666758
    },
    {
        "edge": "m8->m10",
        "improvement": 0.08566901397705085,
        "stdev": 0.03727940336896701,
        "robustness": 2.298025350061408
    },
    {
        "edge": "m2->m5",
        "improvement": 0.07906195068359345,
        "stdev": 0.0539848769508095,
        "robustness": 1.4645203462375942
    },
    {
        "edge": "a10.h8->logits",
        "improvement": 0.06971601104736269,
        "stdev": 0.015032714194107129,
        "robustness": 4.6376196704844945
    },
    {
        "edge": "m9->a11.h6<v>",
        "improvement": 0.06594550514221176,
        "stdev": 0.012611371244120408,
        "robustness": 5.229051136921883
    },
    {
        "edge": "m0->a1.h3<v>",
        "improvement": 0.06207760047912547,
        "stdev": 0.055199109706862565,
        "robustness": 1.1246123498873706
    },
    {
        "edge": "m0->a1.h4<v>",
        "improvement": 0.061881597518920195,
        "stdev": 0.03889754109609023,
        "robustness": 1.5908871300129612
    },
    {
        "edge": "m0->a1.h11<v>",
        "improvement": 0.0617703227996822,
        "stdev": 0.05223203653185238,
        "robustness": 1.1826137156649663
    },
    {
        "edge": "a10.h1->logits",
        "improvement": 0.053753046035766694,
        "stdev": 0.009290729431003494,
        "robustness": 5.785664778525448
    },
    {
        "edge": "m9->a11.h0<v>",
        "improvement": 0.05196463203430124,
        "stdev": 0.014953152381825709,
        "robustness": 3.475162340849268
    },
    {
        "edge": "m1->a2.h6<v>",
        "improvement": 0.05045664596557575,
        "stdev": 0.047463094864077474,
        "robustness": 1.0630711315827817
    },
    {
        "edge": "m0->a2.h6<v>",
        "improvement": 0.042405641555785856,
        "stdev": 0.05227970888317684,
        "robustness": 0.8111300246630032
    },
    {
        "edge": "m8->a10.h8<v>",
        "improvement": 0.0402224521636958,
        "stdev": 0.019668386407996955,
        "robustness": 2.0450306054258616
    },
    {
        "edge": "a10.h10->logits",
        "improvement": 0.03875250244140638,
        "stdev": 0.011786145412029422,
        "robustness": 3.28797084090393
    },
    {
        "edge": "m10->a11.h3<k>",
        "improvement": 0.0029433784484860226,
        "stdev": 0.00947089129373391,
        "robustness": 0.3107815681965865
    }
]