[
    {
        "edge": "full_attack",
        "improvement": 10.987110075950621,
        "stdev": 1.0566412112239838,
        "robustness": 10.398146465651722
    },
    {
        "edge": "input->a0.h4<v>",
        "improvement": 4.321149740934372,
        "stdev": 0.9856550491799203,
        "robustness": 4.38403855844865
    },
    {
        "edge": "m11->logits",
        "improvement": 4.233632431983947,
        "stdev": 0.36611194711590783,
        "robustness": 11.56376475920797
    },
    {
        "edge": "input->m0",
        "improvement": 2.897180001378059,
        "stdev": 0.8589997604741876,
        "robustness": 3.3727366812986643
    },
    {
        "edge": "a0.h4->m0",
        "improvement": 2.059004965782165,
        "stdev": 0.6156831499724283,
        "robustness": 3.344260705972499
    },
    {
        "edge": "a11.h10->logits",
        "improvement": 1.4230429625511167,
        "stdev": 0.1673241482346445,
        "robustness": 8.504707644204075
    },
    {
        "edge": "m0->m1",
        "improvement": 1.394148173809051,
        "stdev": 0.3666036958586246,
        "robustness": 3.802875392578377
    },
    {
        "edge": "a11.h5->logits",
        "improvement": 1.3653937072753903,
        "stdev": 0.14749179122175912,
        "robustness": 9.257421690828018
    },
    {
        "edge": "a11.h1->logits",
        "improvement": 1.0802834753990171,
        "stdev": 0.14490718583162573,
        "robustness": 7.455002795059783
    },
    {
        "edge": "a11.h2->logits",
        "improvement": 1.030148076534271,
        "stdev": 0.127564170051053,
        "robustness": 8.075528387963415
    },
    {
        "edge": "a11.h0->logits",
        "improvement": 0.9088714423179622,
        "stdev": 0.11424846846777825,
        "robustness": 7.955217732956248
    },
    {
        "edge": "a11.h6->logits",
        "improvement": 0.8807699785232539,
        "stdev": 0.10289940171904138,
        "robustness": 8.5595247767147
    },
    {
        "edge": "m10->a11.h10<v>",
        "improvement": 0.5788376741409298,
        "stdev": 0.1255350237632721,
        "robustness": 4.610965583855498
    },
    {
        "edge": "a11.h10->m11",
        "improvement": 0.5648364858627315,
        "stdev": 0.0985972805097727,
        "robustness": 5.7287227694555565
    },
    {
        "edge": "a11.h3->logits",
        "improvement": 0.5217130775451655,
        "stdev": 0.07990892522527199,
        "robustness": 6.528846134200896
    },
    {
        "edge": "m1->m3",
        "improvement": 0.40189872074127164,
        "stdev": 0.3609314382383646,
        "robustness": 1.1135043339612096
    },
    {
        "edge": "m9->a10.h4<v>",
        "improvement": 0.39903280735015834,
        "stdev": 0.12902239261556775,
        "robustness": 3.0927407193502265
    },
    {
        "edge": "m0->m2",
        "improvement": 0.38068574810028055,
        "stdev": 0.16848757797776037,
        "robustness": 2.259429167831764
    },
    {
        "edge": "m9->m10",
        "improvement": 0.3711238718032832,
        "stdev": 0.15888087401967046,
        "robustness": 2.3358624761677462
    },
    {
        "edge": "m1->m2",
        "improvement": 0.32537493038177434,
        "stdev": 0.23263228900343763,
        "robustness": 1.3986662460986499
    },
    {
        "edge": "m10->a11.h6<v>",
        "improvement": 0.30068769645690896,
        "stdev": 0.05697307847529425,
        "robustness": 5.277715449188846
    },
    {
        "edge": "m10->a11.h0<v>",
        "improvement": 0.2782951774597162,
        "stdev": 0.07173227559814757,
        "robustness": 3.879636818142473
    },
    {
        "edge": "m9->a10.h9<v>",
        "improvement": 0.26376404762268013,
        "stdev": 0.05930492670340527,
        "robustness": 4.4475908206043675
    },
    {
        "edge": "a0.h4->m1",
        "improvement": 0.2571501245498653,
        "stdev": 0.13698056633520053,
        "robustness": 1.8772745027247288
    },
    {
        "edge": "m10->logits",
        "improvement": 0.24768863296508759,
        "stdev": 0.0495355260421501,
        "robustness": 5.000222118451467
    },
    {
        "edge": "m10->a11.h7<v>",
        "improvement": 0.22418014335632286,
        "stdev": 0.06644103612937012,
        "robustness": 3.3741217238065393
    },
    {
        "edge": "m5->m6",
        "improvement": 0.20711300754547102,
        "stdev": 0.07970888666413117,
        "robustness": 2.598367838434148
    },
    {
        "edge": "m9->a11.h10<v>",
        "improvement": 0.19968015480041457,
        "stdev": 0.04893041868674819,
        "robustness": 4.08090018764736
    },
    {
        "edge": "m9->a10.h10<v>",
        "improvement": 0.18121414279937698,
        "stdev": 0.05358394915671741,
        "robustness": 3.381873595568302
    },
    {
        "edge": "input->m1",
        "improvement": 0.1805088701248163,
        "stdev": 0.13166479022350125,
        "robustness": 1.3709729823622712
    },
    {
        "edge": "m9->a10.h8<v>",
        "improvement": 0.1770018606185908,
        "stdev": 0.06083045884444295,
        "robustness": 2.9097571180783635
    },
    {
        "edge": "m9->a10.h1<v>",
        "improvement": 0.17374955654144264,
        "stdev": 0.05889534803397759,
        "robustness": 2.950140585657189
    },
    {
        "edge": "a10.h1->logits",
        "improvement": 0.16995784187316865,
        "stdev": 0.020060809229269977,
        "robustness": 8.472132900062153
    },
    {
        "edge": "a11.h8->logits",
        "improvement": 0.1547711315155027,
        "stdev": 0.029331863588959086,
        "robustness": 5.276552955665615
    },
    {
        "edge": "a10.h8->logits",
        "improvement": 0.1376919555664058,
        "stdev": 0.02928346614683327,
        "robustness": 4.702037486819021
    },
    {
        "edge": "a10.h9->logits",
        "improvement": 0.10703343677520749,
        "stdev": 0.025901263404556556,
        "robustness": 4.13236354935405
    },
    {
        "edge": "a10.h1->m10",
        "improvement": 0.1046751985549923,
        "stdev": 0.03543230682723467,
        "robustness": 2.9542304164778455
    },
    {
        "edge": "m0->a1.h4<v>",
        "improvement": 0.10316780281066862,
        "stdev": 0.06096604174711279,
        "robustness": 1.6922175009919258
    },
    {
        "edge": "m0->a1.h11<v>",
        "improvement": 0.10023150634765621,
        "stdev": 0.059062309050294665,
        "robustness": 1.6970468638857956
    },
    {
        "edge": "a10.h10->logits",
        "improvement": 0.09480641174316329,
        "stdev": 0.016342511530621773,
        "robustness": 5.801214309411367
    },
    {
        "edge": "m0->a1.h3<v>",
        "improvement": 0.08936384201049741,
        "stdev": 0.06092547079420852,
        "robustness": 1.4667731056580064
    },
    {
        "edge": "m1->a2.h6<v>",
        "improvement": 0.08271712970733613,
        "stdev": 0.07441642449355275,
        "robustness": 1.1115439940883285
    },
    {
        "edge": "a10.h4->a11.h2<v>",
        "improvement": 0.08065935611724839,
        "stdev": 0.027660916969298073,
        "robustness": 2.9160044190427725
    },
    {
        "edge": "m2->m5",
        "improvement": 0.07908125591278026,
        "stdev": 0.051515969415665726,
        "robustness": 1.535082360087202
    },
    {
        "edge": "a11.h11->logits",
        "improvement": 0.07102960491180355,
        "stdev": 0.017903145486112312,
        "robustness": 3.9674371728086593
    },
    {
        "edge": "m8->a9.h4<v>",
        "improvement": 0.06997268295288084,
        "stdev": 0.03278706269646709,
        "robustness": 2.134155279497502
    },
    {
        "edge": "a1.h4->m1",
        "improvement": 0.056847875595092745,
        "stdev": 0.032121417550502185,
        "robustness": 1.7697810349034235
    },
    {
        "edge": "a1.h11->m1",
        "improvement": 0.05278687000274651,
        "stdev": 0.027396551349112303,
        "robustness": 1.9267706117491645
    },
    {
        "edge": "m0->a2.h6<v>",
        "improvement": 0.05107804107665981,
        "stdev": 0.056582680240527,
        "robustness": 0.9027151216508735
    },
    {
        "edge": "m2->a5.h9<v>",
        "improvement": 0.048012622833251584,
        "stdev": 0.036203699163543185,
        "robustness": 1.3261800297357427
    },
    {
        "edge": "a1.h3->m1",
        "improvement": 0.047598688125609634,
        "stdev": 0.028406827506071725,
        "robustness": 1.6756073206497912
    }
]