[
    {
        "edge": "full_attack",
        "improvement": 11.74668163871765,
        "stdev": 1.1649836913509275,
        "robustness": 10.083129683211336
    },
    {
        "edge": "input->a0.h4<v>",
        "improvement": 5.207266778230667,
        "stdev": 1.2806378111189982,
        "robustness": 4.066151048344146
    },
    {
        "edge": "m11->logits",
        "improvement": 3.704782675027847,
        "stdev": 0.2476007996376287,
        "robustness": 14.962725001090098
    },
    {
        "edge": "input->m0",
        "improvement": 3.378360793232918,
        "stdev": 1.1209100418217024,
        "robustness": 3.0139446228373576
    },
    {
        "edge": "a0.h4->m0",
        "improvement": 2.4850129623413086,
        "stdev": 0.8611321792733055,
        "robustness": 2.885750901143153
    },
    {
        "edge": "m0->m1",
        "improvement": 1.314609313249588,
        "stdev": 0.501132162830822,
        "robustness": 2.623278669290658
    },
    {
        "edge": "a11.h5->logits",
        "improvement": 0.8575290193557743,
        "stdev": 0.1249058317868364,
        "robustness": 6.865404177598598
    },
    {
        "edge": "a11.h2->logits",
        "improvement": 0.7171898126602176,
        "stdev": 0.08989893283650277,
        "robustness": 7.977734440569558
    },
    {
        "edge": "a11.h1->logits",
        "improvement": 0.6952525157928466,
        "stdev": 0.08896987239674002,
        "robustness": 7.814471315554249
    },
    {
        "edge": "a11.h0->logits",
        "improvement": 0.681305818557739,
        "stdev": 0.10556280465131168,
        "robustness": 6.454032940941508
    },
    {
        "edge": "a11.h7->logits",
        "improvement": 0.6518072175979617,
        "stdev": 0.07495867891728508,
        "robustness": 8.695553697220488
    },
    {
        "edge": "m1->m3",
        "improvement": 0.5941273651123042,
        "stdev": 0.69150160141118,
        "robustness": 0.859184366167541
    },
    {
        "edge": "a11.h3->logits",
        "improvement": 0.4699675235748293,
        "stdev": 0.06131361163834059,
        "robustness": 7.664978640419046
    },
    {
        "edge": "m0->m2",
        "improvement": 0.449913432121277,
        "stdev": 0.2932669103787627,
        "robustness": 1.534143185605907
    },
    {
        "edge": "a11.h10->m11",
        "improvement": 0.36988724040985144,
        "stdev": 0.09178126308055307,
        "robustness": 4.030095337489689
    },
    {
        "edge": "a2.h7->m3",
        "improvement": 0.34675652122497524,
        "stdev": 0.33384081977879754,
        "robustness": 1.0386882031224811
    },
    {
        "edge": "m10->a11.h7<v>",
        "improvement": 0.32201284408569375,
        "stdev": 0.05844790728148637,
        "robustness": 5.509399036904316
    },
    {
        "edge": "m1->m2",
        "improvement": 0.29942620944976817,
        "stdev": 0.30962667512007797,
        "robustness": 0.96705559795081
    },
    {
        "edge": "m9->a10.h10<v>",
        "improvement": 0.2830897312164309,
        "stdev": 0.07329559789219292,
        "robustness": 3.8623019575174813
    },
    {
        "edge": "m0->a2.h7<v>",
        "improvement": 0.2777567291259766,
        "stdev": 0.4576232455377063,
        "robustness": 0.606955026507915
    },
    {
        "edge": "m9->m10",
        "improvement": 0.273041964530945,
        "stdev": 0.14328667847121562,
        "robustness": 1.9055641979013105
    },
    {
        "edge": "m3->m4",
        "improvement": 0.2722023181915283,
        "stdev": 0.2961916957126733,
        "robustness": 0.9190072582439436
    },
    {
        "edge": "a11.h8->logits",
        "improvement": 0.26510450744628944,
        "stdev": 0.03557479394635835,
        "robustness": 7.452032128310531
    },
    {
        "edge": "m10->a11.h8<v>",
        "improvement": 0.26269305133819554,
        "stdev": 0.042398174143808545,
        "robustness": 6.19585764347253
    },
    {
        "edge": "m10->a11.h2<v>",
        "improvement": 0.2595660839080809,
        "stdev": 0.045892563660712385,
        "robustness": 5.655950838289945
    },
    {
        "edge": "m10->a11.h3<v>",
        "improvement": 0.25102664375305217,
        "stdev": 0.04188491162309471,
        "robustness": 5.9932475448901235
    },
    {
        "edge": "a0.h4->m1",
        "improvement": 0.23961186695098835,
        "stdev": 0.1925149408657882,
        "robustness": 1.2446403685521417
    },
    {
        "edge": "a11.h9->logits",
        "improvement": 0.20531390285491913,
        "stdev": 0.030017610427069272,
        "robustness": 6.839781712596657
    },
    {
        "edge": "m9->a10.h1<v>",
        "improvement": 0.18899942398071268,
        "stdev": 0.07485107805758749,
        "robustness": 2.5250060371248617
    },
    {
        "edge": "m10->logits",
        "improvement": 0.18569662666320763,
        "stdev": 0.032490741441129935,
        "robustness": 5.715370546396175
    },
    {
        "edge": "input->m1",
        "improvement": 0.1854310350418089,
        "stdev": 0.17694511243702962,
        "robustness": 1.0479579372829482
    },
    {
        "edge": "a11.h4->logits",
        "improvement": 0.17870469665527366,
        "stdev": 0.02960322128533772,
        "robustness": 6.036663879676666
    },
    {
        "edge": "m10->a11.h10<v>",
        "improvement": 0.16138469982147186,
        "stdev": 0.07728939935623742,
        "robustness": 2.0880573683543284
    },
    {
        "edge": "m10->a11.h0<v>",
        "improvement": 0.15628848266601558,
        "stdev": 0.08931092328467209,
        "robustness": 1.7499369272878007
    },
    {
        "edge": "m10->m11",
        "improvement": 0.14903242111206083,
        "stdev": 0.03168186936314965,
        "robustness": 4.704028648177116
    },
    {
        "edge": "a11.h11->logits",
        "improvement": 0.14790641880035427,
        "stdev": 0.026089443056708354,
        "robustness": 5.6692056813502285
    },
    {
        "edge": "a10.h1->logits",
        "improvement": 0.12420447444915794,
        "stdev": 0.01474563008532599,
        "robustness": 8.423137819845294
    },
    {
        "edge": "m0->a1.h4<v>",
        "improvement": 0.10800560188293495,
        "stdev": 0.07688997210837875,
        "robustness": 1.4046773450600005
    },
    {
        "edge": "m9->a10.h2<v>",
        "improvement": 0.10564076614379836,
        "stdev": 0.07273423419070663,
        "robustness": 1.4524215085129233
    },
    {
        "edge": "m0->a1.h11<v>",
        "improvement": 0.10508400344848656,
        "stdev": 0.09439438931473496,
        "robustness": 1.113244168550206
    },
    {
        "edge": "m0->a1.h3<v>",
        "improvement": 0.10315812110900868,
        "stdev": 0.09615908652342883,
        "robustness": 1.0727859928647987
    },
    {
        "edge": "a10.h10->logits",
        "improvement": 0.07803467178344725,
        "stdev": 0.014604164046361251,
        "robustness": 5.343316572980447
    },
    {
        "edge": "m1->m4",
        "improvement": 0.06634735488891597,
        "stdev": 0.07382186362784937,
        "robustness": 0.898749389793058
    },
    {
        "edge": "a10.h2->m10",
        "improvement": 0.0656383819580082,
        "stdev": 0.04479018589354466,
        "robustness": 1.465463485997013
    },
    {
        "edge": "m10->a11.h4<v>",
        "improvement": 0.0651754512786864,
        "stdev": 0.02409477065040897,
        "robustness": 2.704962509264646
    },
    {
        "edge": "m10->a11.h8<q>",
        "improvement": 0.05960952186584478,
        "stdev": 0.018221101506385954,
        "robustness": 3.2714554520731594
    },
    {
        "edge": "a11.h9->m11",
        "improvement": 0.05785380744934088,
        "stdev": 0.024294567780741325,
        "robustness": 2.3813474671157753
    },
    {
        "edge": "a10.h2->logits",
        "improvement": 0.056339454650879084,
        "stdev": 0.011226357472752508,
        "robustness": 5.0184981894279215
    },
    {
        "edge": "a1.h4->m1",
        "improvement": 0.053259862899780686,
        "stdev": 0.04085748383217632,
        "robustness": 1.3035521991160202
    },
    {
        "edge": "m10->a11.h3<k>",
        "improvement": 0.011314929962158438,
        "stdev": 0.013611368236818428,
        "robustness": 0.8312852731110323
    },
    {
        "edge": "m10->a11.h0<k>",
        "improvement": -0.0027556819915774966,
        "stdev": 0.014060720997996677,
        "robustness": -0.19598440165124653
    }
]