[
    {
        "edge": "full_attack",
        "improvement": 12.26848378753662,
        "stdev": 1.0208055428035003,
        "robustness": 12.01843374972567
    },
    {
        "edge": "input->a0.h4<v>",
        "improvement": 5.627707630038261,
        "stdev": 1.362524723387824,
        "robustness": 4.130352670625567
    },
    {
        "edge": "m11->logits",
        "improvement": 4.950167156338692,
        "stdev": 0.3343451526600765,
        "robustness": 14.805559814325916
    },
    {
        "edge": "input->m0",
        "improvement": 3.372680017709732,
        "stdev": 1.2745731504705486,
        "robustness": 2.646125109778596
    },
    {
        "edge": "a0.h4->m0",
        "improvement": 2.3878051621913907,
        "stdev": 0.9648508326233564,
        "robustness": 2.47479204189432
    },
    {
        "edge": "a11.h3->logits",
        "improvement": 1.4387121543884276,
        "stdev": 0.11432392556891967,
        "robustness": 12.58452373139607
    },
    {
        "edge": "a11.h0->logits",
        "improvement": 1.4213434867858883,
        "stdev": 0.14349332924480065,
        "robustness": 9.905293118964897
    },
    {
        "edge": "a11.h5->logits",
        "improvement": 1.370180617332458,
        "stdev": 0.11764959191108312,
        "robustness": 11.646284488330476
    },
    {
        "edge": "m0->m1",
        "improvement": 1.0862123022079464,
        "stdev": 0.4177953155865809,
        "robustness": 2.5998671159893547
    },
    {
        "edge": "a11.h7->logits",
        "improvement": 1.0689132666587828,
        "stdev": 0.10985662885540154,
        "robustness": 9.730075260781366
    },
    {
        "edge": "a11.h11->logits",
        "improvement": 0.5549072704315181,
        "stdev": 0.07347685600511655,
        "robustness": 7.552136830580737
    },
    {
        "edge": "m10->a11.h5<v>",
        "improvement": 0.5317107028961177,
        "stdev": 0.07330764420940919,
        "robustness": 7.25314131466622
    },
    {
        "edge": "a11.h8->logits",
        "improvement": 0.5267432117462159,
        "stdev": 0.07030398941898139,
        "robustness": 7.492365882781615
    },
    {
        "edge": "m10->logits",
        "improvement": 0.5144417514801018,
        "stdev": 0.08949164744583564,
        "robustness": 5.748489006099313
    },
    {
        "edge": "m10->a11.h3<v>",
        "improvement": 0.45499845218658397,
        "stdev": 0.07884476458789272,
        "robustness": 5.770813757448302
    },
    {
        "edge": "m1->m3",
        "improvement": 0.4325395994186394,
        "stdev": 0.3954457736689001,
        "robustness": 1.0938025595913874
    },
    {
        "edge": "a11.h3->m11",
        "improvement": 0.394277764320373,
        "stdev": 0.05575050637332288,
        "robustness": 7.072182657502076
    },
    {
        "edge": "m9->a10.h1<v>",
        "improvement": 0.3550363073348999,
        "stdev": 0.1300059552483915,
        "robustness": 2.7309234154432516
    },
    {
        "edge": "m9->a10.h8<v>",
        "improvement": 0.3529555654525751,
        "stdev": 0.08477939066100877,
        "robustness": 4.1632236643911655
    },
    {
        "edge": "m0->m2",
        "improvement": 0.35026198387145957,
        "stdev": 0.21067763127447867,
        "robustness": 1.6625494683634696
    },
    {
        "edge": "a11.h6->logits",
        "improvement": 0.3325045614242548,
        "stdev": 0.04597268690041931,
        "robustness": 7.232654513852704
    },
    {
        "edge": "a11.h10->logits",
        "improvement": 0.323151899337768,
        "stdev": 0.044763409148611016,
        "robustness": 7.219108318245578
    },
    {
        "edge": "m10->a11.h8<v>",
        "improvement": 0.2945652818679809,
        "stdev": 0.054372259394401504,
        "robustness": 5.41756559592797
    },
    {
        "edge": "a0.h4->m1",
        "improvement": 0.283225107192993,
        "stdev": 0.23010382274116378,
        "robustness": 1.2308578963139765
    },
    {
        "edge": "a10.h1->logits",
        "improvement": 0.2798431282043454,
        "stdev": 0.033144556194377166,
        "robustness": 8.44310982965642
    },
    {
        "edge": "m10->a11.h6<v>",
        "improvement": 0.26868563652038535,
        "stdev": 0.05482640560660575,
        "robustness": 4.900661160395544
    },
    {
        "edge": "m10->a11.h7<v>",
        "improvement": 0.26228897094726555,
        "stdev": 0.06581538389497146,
        "robustness": 3.9852228373510314
    },
    {
        "edge": "a10.h8->logits",
        "improvement": 0.24060356330871535,
        "stdev": 0.03505911744730295,
        "robustness": 6.862795781164897
    },
    {
        "edge": "input->m1",
        "improvement": 0.22725412559509284,
        "stdev": 0.21290550360890162,
        "robustness": 1.0673943216261288
    },
    {
        "edge": "m9->a10.h10<v>",
        "improvement": 0.22543704700469913,
        "stdev": 0.05613781010317879,
        "robustness": 4.015779144044912
    },
    {
        "edge": "a10.h10->logits",
        "improvement": 0.2242037429809569,
        "stdev": 0.03171104451582324,
        "robustness": 7.0702099664072335
    },
    {
        "edge": "m1->m2",
        "improvement": 0.21658622169494635,
        "stdev": 0.16634210743837458,
        "robustness": 1.3020528898564419
    },
    {
        "edge": "m9->a11.h0<v>",
        "improvement": 0.2057406806945794,
        "stdev": 0.06906863685554628,
        "robustness": 2.978785886926886
    },
    {
        "edge": "m9->a11.h5<v>",
        "improvement": 0.20558738994598347,
        "stdev": 0.03934094870930224,
        "robustness": 5.225786278442541
    },
    {
        "edge": "a10.h8->m10",
        "improvement": 0.170132170677185,
        "stdev": 0.04528378380452847,
        "robustness": 3.757021970857732
    },
    {
        "edge": "m2->m3",
        "improvement": 0.1519709339141846,
        "stdev": 0.17329376414970057,
        "robustness": 0.8769555826769614
    },
    {
        "edge": "a11.h10->m11",
        "improvement": 0.1352791662216184,
        "stdev": 0.03232647299073221,
        "robustness": 4.184779646712528
    },
    {
        "edge": "m9->a10.h5<v>",
        "improvement": 0.13055778980255095,
        "stdev": 0.024745875319809277,
        "robustness": 5.275941469649221
    },
    {
        "edge": "a9.h4->m9",
        "improvement": 0.11463543510437013,
        "stdev": 0.09298509135765425,
        "robustness": 1.2328367207108595
    },
    {
        "edge": "m0->a1.h11<v>",
        "improvement": 0.11385524654388401,
        "stdev": 0.13896397046944103,
        "robustness": 0.8193148638403465
    },
    {
        "edge": "m0->a1.h4<v>",
        "improvement": 0.1100341033935548,
        "stdev": 0.11632779831223215,
        "robustness": 0.9458968964427176
    },
    {
        "edge": "m0->a1.h3<v>",
        "improvement": 0.10688291358947755,
        "stdev": 0.11991353173520841,
        "robustness": 0.8913332135483683
    },
    {
        "edge": "m1->a2.h6<v>",
        "improvement": 0.09488350296020442,
        "stdev": 0.1188581499832735,
        "robustness": 0.7982919385297269
    },
    {
        "edge": "m0->a2.h6<v>",
        "improvement": 0.07121407699584914,
        "stdev": 0.09668282935134824,
        "robustness": 0.7365741928906021
    },
    {
        "edge": "m7->a8.h11<v>",
        "improvement": 0.06764051723480158,
        "stdev": 0.040987617414374275,
        "robustness": 1.650267117285041
    },
    {
        "edge": "a10.h9->logits",
        "improvement": 0.06712496757507314,
        "stdev": 0.011186053107352647,
        "robustness": 6.000773188798073
    },
    {
        "edge": "a1.h4->m1",
        "improvement": 0.05710174846649174,
        "stdev": 0.07225524791201625,
        "robustness": 0.7902782166912413
    },
    {
        "edge": "m8->a10.h8<v>",
        "improvement": 0.05365782642364447,
        "stdev": 0.021541036391291686,
        "robustness": 2.4909584408546155
    },
    {
        "edge": "a10.h5->m10",
        "improvement": 0.05045460128784107,
        "stdev": 0.05429052119537397,
        "robustness": 0.9293445739132129
    },
    {
        "edge": "m9->a10.h5<k>",
        "improvement": 0.024322414398192826,
        "stdev": 0.01577363456387818,
        "robustness": 1.541966393331532
    },
    {
        "edge": "a10.h6->logits",
        "improvement": 0.022070812225341463,
        "stdev": 0.006541481776128468,
        "robustness": 3.3739774841051267
    }
]