[
    {
        "edge": "full_attack",
        "improvement": 13.745710538864135,
        "stdev": 0.8466020159438846,
        "robustness": 16.236330979603103
    },
    {
        "edge": "input->a0.h4<v>",
        "improvement": 5.57635873734951,
        "stdev": 1.694390594070034,
        "robustness": 3.291070404229961
    },
    {
        "edge": "m11->logits",
        "improvement": 3.90920468378067,
        "stdev": 0.1964822779578818,
        "robustness": 19.895965806232418
    },
    {
        "edge": "input->m0",
        "improvement": 2.9416511044502256,
        "stdev": 1.2821752017607275,
        "robustness": 2.294266103735783
    },
    {
        "edge": "a0.h4->m0",
        "improvement": 1.9163759679794312,
        "stdev": 1.0857725327209504,
        "robustness": 1.7649884393160924
    },
    {
        "edge": "a11.h0->logits",
        "improvement": 0.8028792285919186,
        "stdev": 0.08189723150296697,
        "robustness": 9.803496575617844
    },
    {
        "edge": "a11.h7->logits",
        "improvement": 0.7721577377319333,
        "stdev": 0.07132840402238566,
        "robustness": 10.825389244509099
    },
    {
        "edge": "a11.h3->logits",
        "improvement": 0.7659248085021968,
        "stdev": 0.06601798536813142,
        "robustness": 11.601759796686078
    },
    {
        "edge": "m0->m1",
        "improvement": 0.6488331794738764,
        "stdev": 0.4660891262751796,
        "robustness": 1.3920796321920723
    },
    {
        "edge": "a11.h1->logits",
        "improvement": 0.5956695537567134,
        "stdev": 0.06004075588901412,
        "robustness": 9.921086850702112
    },
    {
        "edge": "m1->m3",
        "improvement": 0.5811411190032958,
        "stdev": 0.5625734171277782,
        "robustness": 1.03300493999577
    },
    {
        "edge": "a11.h11->logits",
        "improvement": 0.5357085399627683,
        "stdev": 0.05549404831683364,
        "robustness": 9.653441336703954
    },
    {
        "edge": "m9->m10",
        "improvement": 0.5022294960021974,
        "stdev": 0.18626339311945,
        "robustness": 2.6963403146001936
    },
    {
        "edge": "a2.h7->m3",
        "improvement": 0.4375033340454104,
        "stdev": 0.4646446953016492,
        "robustness": 0.9415868479061866
    },
    {
        "edge": "m10->a11.h11<v>",
        "improvement": 0.42136755180358865,
        "stdev": 0.04934585606102039,
        "robustness": 8.539066609413593
    },
    {
        "edge": "m10->a11.h3<v>",
        "improvement": 0.40413435935974107,
        "stdev": 0.046379535477552136,
        "robustness": 8.713635339347967
    },
    {
        "edge": "m10->a11.h7<v>",
        "improvement": 0.37163328742980983,
        "stdev": 0.03942749860748952,
        "robustness": 9.42573839465473
    },
    {
        "edge": "m10->a11.h1<v>",
        "improvement": 0.35923583602905307,
        "stdev": 0.05238378045080618,
        "robustness": 6.857768433998628
    },
    {
        "edge": "m10->a11.h8<v>",
        "improvement": 0.3356189689636233,
        "stdev": 0.03132796948120691,
        "robustness": 10.713077627484129
    },
    {
        "edge": "a11.h8->logits",
        "improvement": 0.33430447387695317,
        "stdev": 0.03736302808201981,
        "robustness": 8.947467350426834
    },
    {
        "edge": "m10->logits",
        "improvement": 0.3321830043792726,
        "stdev": 0.05082916789363106,
        "robustness": 6.535283148337658
    },
    {
        "edge": "m0->m2",
        "improvement": 0.28493592071533236,
        "stdev": 0.2727098932839086,
        "robustness": 1.0448316241270195
    },
    {
        "edge": "m9->a10.h10<v>",
        "improvement": 0.2758908901214596,
        "stdev": 0.056795016122970256,
        "robustness": 4.857660213074188
    },
    {
        "edge": "m9->a10.h1<v>",
        "improvement": 0.270449537277222,
        "stdev": 0.1018104328105666,
        "robustness": 2.656402981612242
    },
    {
        "edge": "m10->a11.h4<v>",
        "improvement": 0.2675850791931147,
        "stdev": 0.03511021054268494,
        "robustness": 7.621289506874372
    },
    {
        "edge": "a11.h4->logits",
        "improvement": 0.26281460571289017,
        "stdev": 0.028795183256246533,
        "robustness": 9.12703362135672
    },
    {
        "edge": "m9->a10.h2<v>",
        "improvement": 0.2593796157836916,
        "stdev": 0.09002638840224045,
        "robustness": 2.8811509645902507
    },
    {
        "edge": "a11.h9->logits",
        "improvement": 0.23150086021423366,
        "stdev": 0.02142083540557999,
        "robustness": 10.807275058652904
    },
    {
        "edge": "a11.h5->m11",
        "improvement": 0.20634314537048315,
        "stdev": 0.06030917359176666,
        "robustness": 3.421422199667695
    },
    {
        "edge": "a0.h4->m1",
        "improvement": 0.19991659736633327,
        "stdev": 0.22119042506253864,
        "robustness": 0.9038212088511948
    },
    {
        "edge": "a10.h1->logits",
        "improvement": 0.19547257041931143,
        "stdev": 0.019062899808733127,
        "robustness": 10.254083711322934
    },
    {
        "edge": "a11.h2->logits",
        "improvement": 0.1796902484893801,
        "stdev": 0.020968843957081824,
        "robustness": 8.56939223054751
    },
    {
        "edge": "m10->m11",
        "improvement": 0.17201117324829074,
        "stdev": 0.024387887091663916,
        "robustness": 7.05313964271576
    },
    {
        "edge": "input->m1",
        "improvement": 0.16879525184631294,
        "stdev": 0.2244849838383505,
        "robustness": 0.7519222397871422
    },
    {
        "edge": "a11.h7->m11",
        "improvement": 0.16640153312683115,
        "stdev": 0.03084580685614323,
        "robustness": 5.394624102487717
    },
    {
        "edge": "m9->a10.h5<v>",
        "improvement": 0.16081689262390153,
        "stdev": 0.036859807192543934,
        "robustness": 4.362933636191994
    },
    {
        "edge": "a10.h2->m10",
        "improvement": 0.15322496604919422,
        "stdev": 0.06328218957624389,
        "robustness": 2.4212968463201663
    },
    {
        "edge": "m10->a11.h5<v>",
        "improvement": 0.1382557773590083,
        "stdev": 0.06025501562168651,
        "robustness": 2.2945106881566946
    },
    {
        "edge": "a10.h2->logits",
        "improvement": 0.1302497692108151,
        "stdev": 0.013146069283926112,
        "robustness": 9.907887019131518
    },
    {
        "edge": "m1->m2",
        "improvement": 0.12300354003906211,
        "stdev": 0.2157485407280519,
        "robustness": 0.5701245515913194
    },
    {
        "edge": "a10.h10->logits",
        "improvement": 0.11909378242492696,
        "stdev": 0.018303357650050683,
        "robustness": 6.50666313263005
    },
    {
        "edge": "m8->m9",
        "improvement": 0.11468201255798327,
        "stdev": 0.12737076032466021,
        "robustness": 0.900379429828839
    },
    {
        "edge": "m9->a11.h3<v>",
        "improvement": 0.10974003601074234,
        "stdev": 0.01803012635998137,
        "robustness": 6.086481803827787
    },
    {
        "edge": "m10->a11.h0<v>",
        "improvement": 0.10086609840393024,
        "stdev": 0.06518122532808446,
        "robustness": 1.547471651479837
    },
    {
        "edge": "m0->a1.h11<v>",
        "improvement": 0.08824090003967289,
        "stdev": 0.15604772719148846,
        "robustness": 0.5654737920751077
    },
    {
        "edge": "m0->a1.h4<v>",
        "improvement": 0.0829568843841555,
        "stdev": 0.15695917234179882,
        "robustness": 0.528525240968436
    },
    {
        "edge": "m0->a1.h3<v>",
        "improvement": 0.08158080863952666,
        "stdev": 0.13903200837292876,
        "robustness": 0.5867771716330284
    },
    {
        "edge": "m9->a10.h6<v>",
        "improvement": 0.06376163673400903,
        "stdev": 0.025122736348475838,
        "robustness": 2.53800524949096
    },
    {
        "edge": "a11.h9->m11",
        "improvement": 0.05836603164672827,
        "stdev": 0.018201114103933054,
        "robustness": 3.206728517465644
    },
    {
        "edge": "a11.h8->m11",
        "improvement": 0.036388368606567134,
        "stdev": 0.016031186658234265,
        "robustness": 2.2698487256323348
    },
    {
        "edge": "m10->a11.h8<q>",
        "improvement": -0.007081346511840891,
        "stdev": 0.010200103458857189,
        "robustness": -0.6942426163032546
    }
]