[
    {
        "edge": "full_attack",
        "improvement": 13.558389533996582,
        "stdev": 0.8608139916269973,
        "robustness": 15.750661194958388
    },
    {
        "edge": "input->a0.h4<v>",
        "improvement": 5.060559260845184,
        "stdev": 1.3953594579445234,
        "robustness": 3.62670653216469
    },
    {
        "edge": "m11->logits",
        "improvement": 4.456119270324707,
        "stdev": 0.2296373307568943,
        "robustness": 19.405029903618676
    },
    {
        "edge": "input->m0",
        "improvement": 2.797611582756042,
        "stdev": 1.198302196430241,
        "robustness": 2.3346461277382
    },
    {
        "edge": "a0.h4->m0",
        "improvement": 1.782710278511047,
        "stdev": 0.8231020681197588,
        "robustness": 2.165843517540121
    },
    {
        "edge": "a11.h0->logits",
        "improvement": 1.2784750614166258,
        "stdev": 0.10462161000704517,
        "robustness": 12.219990318735622
    },
    {
        "edge": "a11.h5->logits",
        "improvement": 1.1961603908538816,
        "stdev": 0.10520382916966094,
        "robustness": 11.36993206706239
    },
    {
        "edge": "a11.h7->logits",
        "improvement": 0.9810817871093747,
        "stdev": 0.07561972125561044,
        "robustness": 12.973887906742124
    },
    {
        "edge": "a11.h3->logits",
        "improvement": 0.8880173854827875,
        "stdev": 0.08212183283145728,
        "robustness": 10.813414105178458
    },
    {
        "edge": "m0->m1",
        "improvement": 0.8397030448913574,
        "stdev": 0.4176108000130083,
        "robustness": 2.0107311517451203
    },
    {
        "edge": "m10->a11.h0<v>",
        "improvement": 0.7143644447326656,
        "stdev": 0.10451754248736851,
        "robustness": 6.83487601920032
    },
    {
        "edge": "m10->a11.h5<v>",
        "improvement": 0.696842533111572,
        "stdev": 0.08624221693672601,
        "robustness": 8.080062849298386
    },
    {
        "edge": "m9->m10",
        "improvement": 0.6594110946655274,
        "stdev": 0.31566541061058095,
        "robustness": 2.0889558136574125
    },
    {
        "edge": "m10->a11.h7<v>",
        "improvement": 0.6588383216857903,
        "stdev": 0.07429463161551897,
        "robustness": 8.867912894370814
    },
    {
        "edge": "a11.h0->m11",
        "improvement": 0.5992422618865962,
        "stdev": 0.10515331278549493,
        "robustness": 5.698748294397597
    },
    {
        "edge": "m1->m3",
        "improvement": 0.5944072380065917,
        "stdev": 0.6055150357592511,
        "robustness": 0.9816556202626224
    },
    {
        "edge": "a11.h1->logits",
        "improvement": 0.5012160797119138,
        "stdev": 0.049106775886018694,
        "robustness": 10.206658259855669
    },
    {
        "edge": "a11.h11->logits",
        "improvement": 0.33520899009704586,
        "stdev": 0.05369265695138916,
        "robustness": 6.243106769712076
    },
    {
        "edge": "m0->m2",
        "improvement": 0.32008542633056614,
        "stdev": 0.2760526138067471,
        "robustness": 1.159508768696697
    },
    {
        "edge": "a11.h7->m11",
        "improvement": 0.31465615844726535,
        "stdev": 0.04452951809901176,
        "robustness": 7.06623767514449
    },
    {
        "edge": "m10->logits",
        "improvement": 0.3045477790832516,
        "stdev": 0.06698383391289957,
        "robustness": 4.5465862625788365
    },
    {
        "edge": "m9->a10.h1<v>",
        "improvement": 0.29841336059570267,
        "stdev": 0.11417296276645221,
        "robustness": 2.613695513938142
    },
    {
        "edge": "a0.h4->m1",
        "improvement": 0.28996057128906205,
        "stdev": 0.33140625061885776,
        "robustness": 0.8749399588800715
    },
    {
        "edge": "a11.h4->logits",
        "improvement": 0.27344091224670386,
        "stdev": 0.023786722327065652,
        "robustness": 11.495527146906236
    },
    {
        "edge": "m10->a11.h8<v>",
        "improvement": 0.24496396636962814,
        "stdev": 0.042051994842411566,
        "robustness": 5.825263873631259
    },
    {
        "edge": "a11.h8->logits",
        "improvement": 0.24198784637451176,
        "stdev": 0.03800638038937206,
        "robustness": 6.367032163951613
    },
    {
        "edge": "m10->a11.h3<v>",
        "improvement": 0.23985701751708977,
        "stdev": 0.05319458226316118,
        "robustness": 4.509049743646504
    },
    {
        "edge": "a11.h10->logits",
        "improvement": 0.2341180229187012,
        "stdev": 0.024984135957905763,
        "robustness": 9.370667183093795
    },
    {
        "edge": "input->m1",
        "improvement": 0.23388097190856882,
        "stdev": 0.2925678754706375,
        "robustness": 0.7994075615182892
    },
    {
        "edge": "m1->m2",
        "improvement": 0.2143889846801752,
        "stdev": 0.26217854157635284,
        "robustness": 0.8177213260519258
    },
    {
        "edge": "m9->a10.h5<v>",
        "improvement": 0.19439924621581994,
        "stdev": 0.0466955050206624,
        "robustness": 4.163125468496374
    },
    {
        "edge": "a10.h1->logits",
        "improvement": 0.19252184677123996,
        "stdev": 0.02863495111930842,
        "robustness": 6.723316759616305
    },
    {
        "edge": "m10->a11.h6<v>",
        "improvement": 0.170073970794677,
        "stdev": 0.0332354848913564,
        "robustness": 5.117240544274664
    },
    {
        "edge": "a11.h6->logits",
        "improvement": 0.16089098548889158,
        "stdev": 0.019681780963698263,
        "robustness": 8.174615182723775
    },
    {
        "edge": "m9->a10.h8<v>",
        "improvement": 0.15634298896789556,
        "stdev": 0.0693561254732141,
        "robustness": 2.254205924872151
    },
    {
        "edge": "m9->a10.h0<v>",
        "improvement": 0.13816455459594668,
        "stdev": 0.04326707264496863,
        "robustness": 3.193295643772039
    },
    {
        "edge": "m9->a10.h10<v>",
        "improvement": 0.12979445648193355,
        "stdev": 0.04017984292305167,
        "robustness": 3.230337578235501
    },
    {
        "edge": "a10.h0->logits",
        "improvement": 0.1260091400146477,
        "stdev": 0.02014410485869825,
        "robustness": 6.255385429064463
    },
    {
        "edge": "a10.h8->logits",
        "improvement": 0.12488745117187428,
        "stdev": 0.020197825161731436,
        "robustness": 6.183212804935897
    },
    {
        "edge": "a10.h10->logits",
        "improvement": 0.11845272064208956,
        "stdev": 0.01837735455761931,
        "robustness": 6.445580634073291
    },
    {
        "edge": "m10->a11.h11<v>",
        "improvement": 0.11575922584533682,
        "stdev": 0.03597839346611504,
        "robustness": 3.2174651142875654
    },
    {
        "edge": "a11.h8->m11",
        "improvement": 0.09777425765991143,
        "stdev": 0.023061880725897172,
        "robustness": 4.239648050478231
    },
    {
        "edge": "m0->a1.h11<v>",
        "improvement": 0.0924732589721673,
        "stdev": 0.1341788889353478,
        "robustness": 0.6891788991986976
    },
    {
        "edge": "a11.h10->m11",
        "improvement": 0.08176268577575652,
        "stdev": 0.017409095746941026,
        "robustness": 4.6965498360317275
    },
    {
        "edge": "m0->a1.h3<v>",
        "improvement": 0.08095281410217225,
        "stdev": 0.11429721105797569,
        "robustness": 0.7082658741437711
    },
    {
        "edge": "a11.h2->logits",
        "improvement": 0.0790169792175286,
        "stdev": 0.017482062205369613,
        "robustness": 4.519888917524761
    },
    {
        "edge": "m0->a1.h4<v>",
        "improvement": 0.07073348045349093,
        "stdev": 0.06921262590714271,
        "robustness": 1.021973657644324
    },
    {
        "edge": "m2->m4",
        "improvement": 0.06974011611938469,
        "stdev": 0.1697276387888197,
        "robustness": 0.41089428107909676
    },
    {
        "edge": "a11.h4->m11",
        "improvement": 0.0503446655273434,
        "stdev": 0.015714512183207203,
        "robustness": 3.2037052719423627
    },
    {
        "edge": "a1.h4->m1",
        "improvement": 0.040628070831298047,
        "stdev": 0.048556247589530546,
        "robustness": 0.8367217989072546
    },
    {
        "edge": "a11.h9->logits",
        "improvement": 0.02939492416381828,
        "stdev": 0.00785393853704896,
        "robustness": 3.7426985231874674
    }
]