[
    {
        "edge": "full_attack",
        "improvement": 14.508455955505372,
        "stdev": 0.4514946089140798,
        "robustness": 32.13428392954822
    },
    {
        "edge": "m11->logits",
        "improvement": 4.761641297340393,
        "stdev": 0.14941061558323376,
        "robustness": 31.869497885093544
    },
    {
        "edge": "input->a0.h4<v>",
        "improvement": 2.6129180650711064,
        "stdev": 1.2341636388191792,
        "robustness": 2.117156901147314
    },
    {
        "edge": "input->m0",
        "improvement": 1.2321188831329346,
        "stdev": 0.75920795292987,
        "robustness": 1.6229003903055117
    },
    {
        "edge": "a11.h3->logits",
        "improvement": 0.8816916465759279,
        "stdev": 0.049222769795056465,
        "robustness": 17.912272109979433
    },
    {
        "edge": "a11.h5->logits",
        "improvement": 0.8642692184448242,
        "stdev": 0.04799436534719884,
        "robustness": 18.007722618948364
    },
    {
        "edge": "a0.h4->m0",
        "improvement": 0.7969352016448976,
        "stdev": 0.5227450300684114,
        "robustness": 1.5245199012998805
    },
    {
        "edge": "a11.h0->logits",
        "improvement": 0.6780125083923343,
        "stdev": 0.044001576159004505,
        "robustness": 15.408823219019746
    },
    {
        "edge": "a11.h7->logits",
        "improvement": 0.6590748901367194,
        "stdev": 0.03663042457907358,
        "robustness": 17.992553941436952
    },
    {
        "edge": "m10->a11.h3<v>",
        "improvement": 0.5218784408569341,
        "stdev": 0.04327301836694117,
        "robustness": 12.060134942091954
    },
    {
        "edge": "m9->m10",
        "improvement": 0.5077701911926269,
        "stdev": 0.12098649560499292,
        "robustness": 4.196916264526237
    },
    {
        "edge": "m10->a11.h7<v>",
        "improvement": 0.4888846397399904,
        "stdev": 0.03601784810102153,
        "robustness": 13.573399453759281
    },
    {
        "edge": "a11.h1->logits",
        "improvement": 0.47805960464477515,
        "stdev": 0.02968229033664131,
        "robustness": 16.10588668269424
    },
    {
        "edge": "a11.h6->logits",
        "improvement": 0.4610914344787602,
        "stdev": 0.01709716252379972,
        "robustness": 26.968886435799405
    },
    {
        "edge": "m10->a11.h6<v>",
        "improvement": 0.4499835968017578,
        "stdev": 0.03976287889843813,
        "robustness": 11.316675483963335
    },
    {
        "edge": "m10->a11.h5<v>",
        "improvement": 0.4275518722534182,
        "stdev": 0.029674345271341933,
        "robustness": 14.408131614830518
    },
    {
        "edge": "m10->a11.h11<v>",
        "improvement": 0.42116843414306704,
        "stdev": 0.033171350220824805,
        "robustness": 12.69675281046171
    },
    {
        "edge": "a11.h11->logits",
        "improvement": 0.41833615875244146,
        "stdev": 0.03799908747991634,
        "robustness": 11.009110652289866
    },
    {
        "edge": "m10->a11.h1<v>",
        "improvement": 0.34803298568725616,
        "stdev": 0.03625618433498492,
        "robustness": 9.599272291635675
    },
    {
        "edge": "m0->m1",
        "improvement": 0.3468992767333985,
        "stdev": 0.20272419146018553,
        "robustness": 1.7111883600804916
    },
    {
        "edge": "m9->a10.h8<v>",
        "improvement": 0.2708041839599611,
        "stdev": 0.05370868415100429,
        "robustness": 5.042093066338833
    },
    {
        "edge": "m8->m9",
        "improvement": 0.2442213172912604,
        "stdev": 0.08629376881052853,
        "robustness": 2.830115321854658
    },
    {
        "edge": "m9->a10.h10<v>",
        "improvement": 0.24002684783935546,
        "stdev": 0.04237117638040289,
        "robustness": 5.664861548436271
    },
    {
        "edge": "a11.h7->m11",
        "improvement": 0.23036902999877906,
        "stdev": 0.01977775353425439,
        "robustness": 11.647886581243306
    },
    {
        "edge": "m10->a11.h0<v>",
        "improvement": 0.22477389526367197,
        "stdev": 0.029206537767036293,
        "robustness": 7.6960130316220186
    },
    {
        "edge": "m10->logits",
        "improvement": 0.22119612121582044,
        "stdev": 0.04456933390891055,
        "robustness": 4.962966726581429
    },
    {
        "edge": "a11.h6->m11",
        "improvement": 0.20473709487915048,
        "stdev": 0.013389450760317492,
        "robustness": 15.29092556103442
    },
    {
        "edge": "m1->m3",
        "improvement": 0.18550986480712872,
        "stdev": 0.13275955729292252,
        "robustness": 1.3973371754910058
    },
    {
        "edge": "a11.h11->m11",
        "improvement": 0.18063706207275398,
        "stdev": 0.01617132962959258,
        "robustness": 11.170204690045944
    },
    {
        "edge": "a11.h9->logits",
        "improvement": 0.1756591110229495,
        "stdev": 0.00905420394927077,
        "robustness": 19.40083435353775
    },
    {
        "edge": "m9->a10.h1<v>",
        "improvement": 0.16742700195312477,
        "stdev": 0.04668890468434539,
        "robustness": 3.5860126315891576
    },
    {
        "edge": "m9->a10.h5<v>",
        "improvement": 0.1660865287780764,
        "stdev": 0.017117561572753785,
        "robustness": 9.702697903096093
    },
    {
        "edge": "m0->m2",
        "improvement": 0.165324520111084,
        "stdev": 0.08882593624909807,
        "robustness": 1.8612189985530572
    },
    {
        "edge": "a11.h9->m11",
        "improvement": 0.16278839874267614,
        "stdev": 0.014067676970085326,
        "robustness": 11.571803865616397
    },
    {
        "edge": "a11.h10->logits",
        "improvement": 0.13081827545166025,
        "stdev": 0.008639917297585478,
        "robustness": 15.141149034866213
    },
    {
        "edge": "a9.h0->m9",
        "improvement": 0.1180769309997558,
        "stdev": 0.059036622282123113,
        "robustness": 2.000062443198257
    },
    {
        "edge": "m9->a11.h0<v>",
        "improvement": 0.1110322456359869,
        "stdev": 0.015603844555471787,
        "robustness": 7.115698008991721
    },
    {
        "edge": "a8.h11->m8",
        "improvement": 0.09055085754394554,
        "stdev": 0.04959384267177475,
        "robustness": 1.8258487881900018
    },
    {
        "edge": "a10.h10->logits",
        "improvement": 0.0809714698791506,
        "stdev": 0.014339655901226519,
        "robustness": 5.6466815129242285
    },
    {
        "edge": "a8.h5->m8",
        "improvement": 0.0806323509216309,
        "stdev": 0.056393680998056604,
        "robustness": 1.4298118068300878
    },
    {
        "edge": "a0.h4->m1",
        "improvement": 0.07456157684326215,
        "stdev": 0.05092998928174372,
        "robustness": 1.464001424205863
    },
    {
        "edge": "a10.h8->logits",
        "improvement": 0.06601201248169009,
        "stdev": 0.011673044869084624,
        "robustness": 5.655080848401348
    },
    {
        "edge": "m8->a9.h0<v>",
        "improvement": 0.06599527359008839,
        "stdev": 0.02389744735174072,
        "robustness": 2.7616034724847385
    },
    {
        "edge": "input->m1",
        "improvement": 0.06368209457397445,
        "stdev": 0.05020377349238439,
        "robustness": 1.2684722709864555
    },
    {
        "edge": "m9->a10.h4<v>",
        "improvement": 0.05112544250488327,
        "stdev": 0.014444988933311474,
        "robustness": 3.539320295842061
    },
    {
        "edge": "m8->a10.h1<v>",
        "improvement": 0.03709696197509782,
        "stdev": 0.01232214162190918,
        "robustness": 3.0105937030571193
    },
    {
        "edge": "m0->a1.h3<v>",
        "improvement": 0.03664930343627937,
        "stdev": 0.041827548124362506,
        "robustness": 0.8762001379405009
    },
    {
        "edge": "a11.h2->logits",
        "improvement": 0.035480937957763636,
        "stdev": 0.004706136137231797,
        "robustness": 7.539292728287697
    },
    {
        "edge": "m0->a1.h11<v>",
        "improvement": 0.035319881439209055,
        "stdev": 0.03632703061106335,
        "robustness": 0.9722754886674506
    },
    {
        "edge": "m0->a1.h4<v>",
        "improvement": 0.028781784057617443,
        "stdev": 0.021932475880276664,
        "robustness": 1.3122906968975716
    },
    {
        "edge": "a1.h4->m1",
        "improvement": 0.005963069915771335,
        "stdev": 0.010228358116137565,
        "robustness": 0.5829938537606768
    }
]