[
    {
        "edge": "full_attack",
        "improvement": 14.693154151916504,
        "stdev": 0.43498671586944254,
        "robustness": 33.77839739898293
    },
    {
        "edge": "m11->logits",
        "improvement": 4.2110119829177854,
        "stdev": 0.1405655745868663,
        "robustness": 29.95763361900162
    },
    {
        "edge": "input->a0.h4<v>",
        "improvement": 3.2751794588565826,
        "stdev": 1.58758864228475,
        "robustness": 2.0629899784009327
    },
    {
        "edge": "input->m0",
        "improvement": 1.740048403263092,
        "stdev": 1.0873979560100229,
        "robustness": 1.6001946606997792
    },
    {
        "edge": "a11.h0->logits",
        "improvement": 1.1557270050048825,
        "stdev": 0.06394346528782342,
        "robustness": 18.074200386274097
    },
    {
        "edge": "a11.h5->logits",
        "improvement": 1.0579851455688472,
        "stdev": 0.05774983093054665,
        "robustness": 18.32014273498467
    },
    {
        "edge": "a0.h4->m0",
        "improvement": 0.8761148509979249,
        "stdev": 0.7392545646197192,
        "robustness": 1.1851328255897995
    },
    {
        "edge": "a11.h3->logits",
        "improvement": 0.8169961051940913,
        "stdev": 0.055625714272137236,
        "robustness": 14.6873818320266
    },
    {
        "edge": "a11.h7->logits",
        "improvement": 0.7358732833862307,
        "stdev": 0.045836136366946,
        "robustness": 16.054435249409327
    },
    {
        "edge": "a11.h1->logits",
        "improvement": 0.5825027847290034,
        "stdev": 0.038261070450007734,
        "robustness": 15.224424666583934
    },
    {
        "edge": "m10->a11.h0<v>",
        "improvement": 0.5734926719665525,
        "stdev": 0.04395227481047546,
        "robustness": 13.048077134562053
    },
    {
        "edge": "a11.h2->logits",
        "improvement": 0.4506384086608888,
        "stdev": 0.01640664777007891,
        "robustness": 27.46681802255339
    },
    {
        "edge": "a11.h4->logits",
        "improvement": 0.4457239723205566,
        "stdev": 0.015901461729104484,
        "robustness": 28.03037732718288
    },
    {
        "edge": "a11.h8->logits",
        "improvement": 0.42360734558105495,
        "stdev": 0.03034730216546604,
        "robustness": 13.958649216044726
    },
    {
        "edge": "m0->m1",
        "improvement": 0.39636163330078134,
        "stdev": 0.24616378605611483,
        "robustness": 1.6101541158878172
    },
    {
        "edge": "m10->a11.h5<v>",
        "improvement": 0.39397329711914075,
        "stdev": 0.04204161712619711,
        "robustness": 9.371030993801778
    },
    {
        "edge": "m9->m10",
        "improvement": 0.35968643188476523,
        "stdev": 0.1166853154193935,
        "robustness": 3.0825338269170426
    },
    {
        "edge": "m10->a11.h3<v>",
        "improvement": 0.34245135116577163,
        "stdev": 0.04130595254154778,
        "robustness": 8.290605350919227
    },
    {
        "edge": "a11.h0->m11",
        "improvement": 0.3412387504577632,
        "stdev": 0.03615468330775027,
        "robustness": 9.438300082817038
    },
    {
        "edge": "m9->a10.h10<v>",
        "improvement": 0.2976300163269041,
        "stdev": 0.03778713657345079,
        "robustness": 7.876490343436573
    },
    {
        "edge": "m10->a11.h1<v>",
        "improvement": 0.29049753952026336,
        "stdev": 0.0336630847856611,
        "robustness": 8.62955790801447
    },
    {
        "edge": "m10->logits",
        "improvement": 0.25980037689208935,
        "stdev": 0.05473545705755151,
        "robustness": 4.7464731429742635
    },
    {
        "edge": "m10->a11.h8<v>",
        "improvement": 0.2385490188598629,
        "stdev": 0.026354010300437908,
        "robustness": 9.051716081931525
    },
    {
        "edge": "m10->a11.h7<v>",
        "improvement": 0.23697993850707988,
        "stdev": 0.023212582082735505,
        "robustness": 10.209115800319996
    },
    {
        "edge": "m1->m3",
        "improvement": 0.2190251312255862,
        "stdev": 0.24067027323112583,
        "robustness": 0.9100630845889601
    },
    {
        "edge": "m9->a10.h4<v>",
        "improvement": 0.18738315582275344,
        "stdev": 0.028967472945462442,
        "robustness": 6.4687436206652515
    },
    {
        "edge": "a11.h9->logits",
        "improvement": 0.17205845260620123,
        "stdev": 0.008689466240163897,
        "robustness": 19.80080799565382
    },
    {
        "edge": "a11.h3->m11",
        "improvement": 0.16900870895385722,
        "stdev": 0.01909420273815178,
        "robustness": 8.851310068901908
    },
    {
        "edge": "m9->a11.h0<v>",
        "improvement": 0.15904175949096633,
        "stdev": 0.024869990810950413,
        "robustness": 6.39492634717578
    },
    {
        "edge": "m0->m2",
        "improvement": 0.15846224975585965,
        "stdev": 0.12347243910124273,
        "robustness": 1.2833815457871258
    },
    {
        "edge": "a11.h6->logits",
        "improvement": 0.14896497726440394,
        "stdev": 0.013076549072117812,
        "robustness": 11.39176524653827
    },
    {
        "edge": "m9->a10.h3<v>",
        "improvement": 0.14543531036376933,
        "stdev": 0.03707917689412716,
        "robustness": 3.922290691053725
    },
    {
        "edge": "m9->a11.h3<v>",
        "improvement": 0.1319668426513667,
        "stdev": 0.016221992996879864,
        "robustness": 8.135057306260038
    },
    {
        "edge": "a10.h10->logits",
        "improvement": 0.12524434280395536,
        "stdev": 0.016637249648494563,
        "robustness": 7.527947554437773
    },
    {
        "edge": "m9->a10.h1<v>",
        "improvement": 0.12357031631469706,
        "stdev": 0.03635662636290082,
        "robustness": 3.398838909893774
    },
    {
        "edge": "m1->m2",
        "improvement": 0.11823852920532207,
        "stdev": 0.17323076202594798,
        "robustness": 0.6825492644753898
    },
    {
        "edge": "a0.h4->m1",
        "improvement": 0.10261812210082955,
        "stdev": 0.11716764488650347,
        "robustness": 0.8758230328878969
    },
    {
        "edge": "m9->a10.h5<v>",
        "improvement": 0.10022092056274445,
        "stdev": 0.017546893775839522,
        "robustness": 5.711604677332666
    },
    {
        "edge": "a11.h4->m11",
        "improvement": 0.09785348892211942,
        "stdev": 0.011213706908324118,
        "robustness": 8.726239210825208
    },
    {
        "edge": "m9->a10.h8<v>",
        "improvement": 0.09453614807128918,
        "stdev": 0.02578091026234759,
        "robustness": 3.6669049738463655
    },
    {
        "edge": "a10.h3->logits",
        "improvement": 0.09221735382080087,
        "stdev": 0.01442825738033639,
        "robustness": 6.391440864264015
    },
    {
        "edge": "a11.h2->m11",
        "improvement": 0.09147198486328101,
        "stdev": 0.01114221028907065,
        "robustness": 8.20950085217881
    },
    {
        "edge": "input->m1",
        "improvement": 0.0879561233520505,
        "stdev": 0.09920107367916298,
        "robustness": 0.8866448727815084
    },
    {
        "edge": "m3->m4",
        "improvement": 0.07370654678344746,
        "stdev": 0.08203808648129561,
        "robustness": 0.8984430274376559
    },
    {
        "edge": "m8->m9",
        "improvement": 0.06511533737182607,
        "stdev": 0.09548456123915008,
        "robustness": 0.681946238499631
    },
    {
        "edge": "m9->a10.h6<v>",
        "improvement": 0.06043192672729525,
        "stdev": 0.02599025092704154,
        "robustness": 2.325176732496218
    },
    {
        "edge": "a9.h4->m9",
        "improvement": 0.051775646209716975,
        "stdev": 0.07637274565990163,
        "robustness": 0.6779335450408065
    },
    {
        "edge": "m0->a1.h11<v>",
        "improvement": 0.04118061065673828,
        "stdev": 0.04914784767307551,
        "robustness": 0.8378924532090569
    },
    {
        "edge": "m0->a1.h3<v>",
        "improvement": 0.03376108169555625,
        "stdev": 0.035651850648653116,
        "robustness": 0.9469657558108194
    },
    {
        "edge": "m0->a1.h4<v>",
        "improvement": 0.02982183456420895,
        "stdev": 0.031192164442051466,
        "robustness": 0.9560681375481876
    },
    {
        "edge": "a1.h4->m1",
        "improvement": 0.009899227142334155,
        "stdev": 0.016173453669704182,
        "robustness": 0.6120663739790597
    }
]