[
    {
        "edge": "full_attack",
        "improvement": 12.518287313461304,
        "stdev": 0.868798189888646,
        "robustness": 14.408740095402104
    },
    {
        "edge": "input->a0.h4<v>",
        "improvement": 5.035281948089599,
        "stdev": 1.3345324885504277,
        "robustness": 3.7730680903534495
    },
    {
        "edge": "m11->logits",
        "improvement": 4.895532902240753,
        "stdev": 0.2716760091983809,
        "robustness": 18.019746817857513
    },
    {
        "edge": "input->m0",
        "improvement": 2.9772601790428164,
        "stdev": 1.1165699896836936,
        "robustness": 2.6664339956747596
    },
    {
        "edge": "a0.h4->m0",
        "improvement": 2.1498652267456055,
        "stdev": 0.9266699489619136,
        "robustness": 2.3199902286180274
    },
    {
        "edge": "a11.h5->logits",
        "improvement": 1.2011112346649169,
        "stdev": 0.14645370892054121,
        "robustness": 8.201302947654145
    },
    {
        "edge": "m0->m1",
        "improvement": 1.1685901441574096,
        "stdev": 0.44493074162139773,
        "robustness": 2.6264540406870585
    },
    {
        "edge": "a11.h3->logits",
        "improvement": 1.0052341480255125,
        "stdev": 0.12058095368479811,
        "robustness": 8.336591454179587
    },
    {
        "edge": "a11.h11->logits",
        "improvement": 0.7307871227264409,
        "stdev": 0.07864575741747074,
        "robustness": 9.292136622796393
    },
    {
        "edge": "a11.h7->logits",
        "improvement": 0.697444961547852,
        "stdev": 0.08325113822465456,
        "robustness": 8.37760271416092
    },
    {
        "edge": "a11.h0->m11",
        "improvement": 0.6679765892028806,
        "stdev": 0.14581758693574956,
        "robustness": 4.580905522028737
    },
    {
        "edge": "m2->m3",
        "improvement": 0.6577526741027828,
        "stdev": 0.4245684584548569,
        "robustness": 1.5492264227459556
    },
    {
        "edge": "a11.h5->m11",
        "improvement": 0.5897354431152344,
        "stdev": 0.12600332699981742,
        "robustness": 4.680316442089572
    },
    {
        "edge": "m1->m3",
        "improvement": 0.5496474399566651,
        "stdev": 0.5020898883127017,
        "robustness": 1.0947191981973246
    },
    {
        "edge": "m10->a11.h11<v>",
        "improvement": 0.5159970817565922,
        "stdev": 0.07872663194099841,
        "robustness": 6.554288797002083
    },
    {
        "edge": "m0->a2.h7<v>",
        "improvement": 0.5158065338134765,
        "stdev": 0.5530926178048632,
        "robustness": 0.9325861839570935
    },
    {
        "edge": "m0->m2",
        "improvement": 0.5068904819488527,
        "stdev": 0.30781692692735624,
        "robustness": 1.6467271212426766
    },
    {
        "edge": "a11.h8->logits",
        "improvement": 0.45958078384399403,
        "stdev": 0.05244752222959254,
        "robustness": 8.76267866062668
    },
    {
        "edge": "m10->logits",
        "improvement": 0.4419729595184325,
        "stdev": 0.07778100536558025,
        "robustness": 5.6822736790442026
    },
    {
        "edge": "m10->a11.h0<v>",
        "improvement": 0.3875657768249514,
        "stdev": 0.08118561061022683,
        "robustness": 4.773823512711627
    },
    {
        "edge": "a0.h4->m1",
        "improvement": 0.34661944580078163,
        "stdev": 0.26902565277067264,
        "robustness": 1.2884252569633305
    },
    {
        "edge": "m1->m2",
        "improvement": 0.3362576656341556,
        "stdev": 0.27938180450995426,
        "robustness": 1.2035775422954391
    },
    {
        "edge": "a11.h4->logits",
        "improvement": 0.28960659027099567,
        "stdev": 0.03502344343589424,
        "robustness": 8.268935371848347
    },
    {
        "edge": "m10->a11.h5<v>",
        "improvement": 0.281727485656738,
        "stdev": 0.10330558959816448,
        "robustness": 2.727127222763014
    },
    {
        "edge": "m10->a11.h8<v>",
        "improvement": 0.2751574306488038,
        "stdev": 0.0411389176022378,
        "robustness": 6.688494658737358
    },
    {
        "edge": "input->m1",
        "improvement": 0.2674014816284176,
        "stdev": 0.2377662050153291,
        "robustness": 1.1246404072066418
    },
    {
        "edge": "m10->a11.h3<v>",
        "improvement": 0.2645462284088138,
        "stdev": 0.06927953143342588,
        "robustness": 3.8185337420047265
    },
    {
        "edge": "m9->a10.h2<v>",
        "improvement": 0.24678127861022947,
        "stdev": 0.06928165077881371,
        "robustness": 3.5620005562236843
    },
    {
        "edge": "m9->a10.h8<v>",
        "improvement": 0.2420691242218016,
        "stdev": 0.059033847216257034,
        "robustness": 4.100514122602184
    },
    {
        "edge": "m9->a10.h3<v>",
        "improvement": 0.22826354789733916,
        "stdev": 0.06584693482265937,
        "robustness": 3.466578186397048
    },
    {
        "edge": "m9->a10.h10<v>",
        "improvement": 0.20483247566223106,
        "stdev": 0.05611818577827689,
        "robustness": 3.6500195582146002
    },
    {
        "edge": "m9->a10.h4<v>",
        "improvement": 0.19062122154235883,
        "stdev": 0.05504311051508212,
        "robustness": 3.4631258982016933
    },
    {
        "edge": "a10.h5->logits",
        "improvement": 0.17175620269775393,
        "stdev": 0.04702285850195501,
        "robustness": 3.6526108401217896
    },
    {
        "edge": "m4->m5",
        "improvement": 0.16772587966918984,
        "stdev": 0.18287718374863465,
        "robustness": 0.9171503860193388
    },
    {
        "edge": "a11.h6->logits",
        "improvement": 0.16027799034118662,
        "stdev": 0.022241489582986718,
        "robustness": 7.206261511539622
    },
    {
        "edge": "a10.h3->logits",
        "improvement": 0.15157752418518022,
        "stdev": 0.021668118317535363,
        "robustness": 6.995417043782387
    },
    {
        "edge": "a10.h10->logits",
        "improvement": 0.14946042633056678,
        "stdev": 0.02887815016692294,
        "robustness": 5.175554024985953
    },
    {
        "edge": "a11.h4->m11",
        "improvement": 0.12329395866394055,
        "stdev": 0.028108148022029635,
        "robustness": 4.386413454465568
    },
    {
        "edge": "a11.h10->logits",
        "improvement": 0.12220791625976535,
        "stdev": 0.017923098430175317,
        "robustness": 6.818459248877201
    },
    {
        "edge": "m9->a10.h0<v>",
        "improvement": 0.10853274154663062,
        "stdev": 0.03423359358421199,
        "robustness": 3.1703578322751444
    },
    {
        "edge": "m0->a1.h11<v>",
        "improvement": 0.10778018379211396,
        "stdev": 0.10841151255440688,
        "robustness": 0.9941765524028079
    },
    {
        "edge": "m0->a1.h3<v>",
        "improvement": 0.10370389556884785,
        "stdev": 0.1195288519723936,
        "robustness": 0.8676055517775684
    },
    {
        "edge": "m9->a11.h7<v>",
        "improvement": 0.10251749992370573,
        "stdev": 0.021919264450958403,
        "robustness": 4.677050188115379
    },
    {
        "edge": "a11.h2->logits",
        "improvement": 0.10000272369384788,
        "stdev": 0.01669775500924418,
        "robustness": 5.988992151249349
    },
    {
        "edge": "m0->a1.h4<v>",
        "improvement": 0.09230442810058559,
        "stdev": 0.09505877525985634,
        "robustness": 0.9710247985865443
    },
    {
        "edge": "a10.h2->logits",
        "improvement": 0.07930379676818866,
        "stdev": 0.018789991210568242,
        "robustness": 4.220534000228006
    },
    {
        "edge": "a11.h9->logits",
        "improvement": 0.07352555656433069,
        "stdev": 0.016430305638130294,
        "robustness": 4.474996277226746
    },
    {
        "edge": "a1.h4->m1",
        "improvement": 0.05513341331481936,
        "stdev": 0.05530733156881307,
        "robustness": 0.9968554213508326
    },
    {
        "edge": "m9->a10.h5<k>",
        "improvement": 0.022923124313354748,
        "stdev": 0.01652886394343952,
        "robustness": 1.3868541958960936
    },
    {
        "edge": "a10.h6->logits",
        "improvement": 0.01805420303344718,
        "stdev": 0.007319660856183246,
        "robustness": 2.4665354567890923
    },
    {
        "edge": "m0->a1.h10<v>",
        "improvement": -0.12609474372863794,
        "stdev": 0.3735457108018742,
        "robustness": -0.3375617496931122
    }
]