[
    {
        "edge": "full_attack",
        "improvement": 14.48021369934082,
        "stdev": 0.3748078432861223,
        "robustness": 38.63369979770369
    },
    {
        "edge": "m11->logits",
        "improvement": 3.9716768035888674,
        "stdev": 0.13213506426433225,
        "robustness": 30.05770516479749
    },
    {
        "edge": "input->a0.h4<v>",
        "improvement": 1.3493329792022708,
        "stdev": 0.8223705657424217,
        "robustness": 1.6407846236375405
    },
    {
        "edge": "a11.h5->logits",
        "improvement": 0.770194343566895,
        "stdev": 0.03755284452472808,
        "robustness": 20.50961394042285
    },
    {
        "edge": "input->m0",
        "improvement": 0.7197142143249513,
        "stdev": 0.5720033467386942,
        "robustness": 1.2582342715797696
    },
    {
        "edge": "a11.h0->logits",
        "improvement": 0.600939338684082,
        "stdev": 0.03711234064653989,
        "robustness": 16.192439717221383
    },
    {
        "edge": "a11.h7->logits",
        "improvement": 0.5648385543823249,
        "stdev": 0.03028327041872199,
        "robustness": 18.65183471178613
    },
    {
        "edge": "a11.h11->logits",
        "improvement": 0.4992626190185554,
        "stdev": 0.03461020712795718,
        "robustness": 14.425299946132503
    },
    {
        "edge": "a11.h1->logits",
        "improvement": 0.4561447639465337,
        "stdev": 0.02620078347088482,
        "robustness": 17.409584887162513
    },
    {
        "edge": "m10->a11.h11<v>",
        "improvement": 0.36196440505981453,
        "stdev": 0.02486046456316004,
        "robustness": 14.559840751978482
    },
    {
        "edge": "a0.h4->m0",
        "improvement": 0.3456573524475104,
        "stdev": 0.29325395646331853,
        "robustness": 1.1786962966030663
    },
    {
        "edge": "m10->a11.h5<v>",
        "improvement": 0.3180452575683601,
        "stdev": 0.023987007743195475,
        "robustness": 13.259063446902072
    },
    {
        "edge": "m10->a11.h7<v>",
        "improvement": 0.2862448921203615,
        "stdev": 0.025511020112441732,
        "robustness": 11.220440847081603
    },
    {
        "edge": "m10->a11.h1<v>",
        "improvement": 0.24223402786254944,
        "stdev": 0.027161114314740924,
        "robustness": 8.918412737252234
    },
    {
        "edge": "a11.h6->logits",
        "improvement": 0.23266801452636798,
        "stdev": 0.010459909376425316,
        "robustness": 22.243788751244658
    },
    {
        "edge": "m10->logits",
        "improvement": 0.22879968643188509,
        "stdev": 0.04013467633258122,
        "robustness": 5.7007980962872775
    },
    {
        "edge": "m10->a11.h0<v>",
        "improvement": 0.22558159255981458,
        "stdev": 0.022259905730418878,
        "robustness": 10.133986877201824
    },
    {
        "edge": "a11.h8->logits",
        "improvement": 0.22394908142089864,
        "stdev": 0.0243595393186316,
        "robustness": 9.193485906755605
    },
    {
        "edge": "a11.h10->logits",
        "improvement": 0.20916086578369164,
        "stdev": 0.006219514347999154,
        "robustness": 33.629774622351285
    },
    {
        "edge": "m0->m1",
        "improvement": 0.2036950073242192,
        "stdev": 0.06199043013110796,
        "robustness": 3.28591053318085
    },
    {
        "edge": "m9->a10.h8<v>",
        "improvement": 0.18120417785644527,
        "stdev": 0.028152576415368332,
        "robustness": 6.436504253924232
    },
    {
        "edge": "m9->a10.h3<v>",
        "improvement": 0.1804037055969241,
        "stdev": 0.025313458554226155,
        "robustness": 7.126790091147192
    },
    {
        "edge": "a11.h2->logits",
        "improvement": 0.17941692733764647,
        "stdev": 0.006186345610383512,
        "robustness": 29.002085987000623
    },
    {
        "edge": "m9->a10.h4<v>",
        "improvement": 0.17748949432373085,
        "stdev": 0.02721537917169256,
        "robustness": 6.521661638590815
    },
    {
        "edge": "m9->m10",
        "improvement": 0.13989358520507889,
        "stdev": 0.038109747055408115,
        "robustness": 3.6708085467396647
    },
    {
        "edge": "m1->m3",
        "improvement": 0.1385074691772461,
        "stdev": 0.132245344953595,
        "robustness": 1.047352322502153
    },
    {
        "edge": "m9->a10.h1<v>",
        "improvement": 0.13641658020019598,
        "stdev": 0.02364665202120775,
        "robustness": 5.768959600617006
    },
    {
        "edge": "a11.h9->logits",
        "improvement": 0.13010245132446308,
        "stdev": 0.0056160470251332695,
        "robustness": 23.16619692502944
    },
    {
        "edge": "a11.h4->logits",
        "improvement": 0.12475202560424847,
        "stdev": 0.0061659251021342065,
        "robustness": 20.23249123818714
    },
    {
        "edge": "m0->m2",
        "improvement": 0.11693622589111374,
        "stdev": 0.05893807764954008,
        "robustness": 1.984052255427205
    },
    {
        "edge": "m3->m4",
        "improvement": 0.07715484619140689,
        "stdev": 0.04663962933389699,
        "robustness": 1.654276573234511
    },
    {
        "edge": "m9->a10.h10<v>",
        "improvement": 0.06374610900878963,
        "stdev": 0.011655719445972348,
        "robustness": 5.469084023879556
    },
    {
        "edge": "m9->a10.h9<v>",
        "improvement": 0.0625452957153323,
        "stdev": 0.01285061711677914,
        "robustness": 4.867104446965933
    },
    {
        "edge": "m1->m2",
        "improvement": 0.06203547668457077,
        "stdev": 0.11068380873499381,
        "robustness": 0.5604747197767656
    },
    {
        "edge": "m8->m9",
        "improvement": 0.05841428375244195,
        "stdev": 0.03504442918991065,
        "robustness": 1.666863610072996
    },
    {
        "edge": "a0.h4->m1",
        "improvement": 0.05275229263305725,
        "stdev": 0.04241795249385268,
        "robustness": 1.2436312818423343
    },
    {
        "edge": "input->m1",
        "improvement": 0.04898915100097678,
        "stdev": 0.04377139071299352,
        "robustness": 1.119204809419829
    },
    {
        "edge": "a8.h5->m8",
        "improvement": 0.04884574127197272,
        "stdev": 0.025453125534301298,
        "robustness": 1.9190468850729911
    },
    {
        "edge": "a9.h11->m9",
        "improvement": 0.025904872894287223,
        "stdev": 0.03656811793481195,
        "robustness": 0.7084004963139331
    },
    {
        "edge": "m1->a2.h6<v>",
        "improvement": 0.0247202148437502,
        "stdev": 0.029860036233540877,
        "robustness": 0.8278695528166415
    },
    {
        "edge": "m0->m3",
        "improvement": 0.024266605377198047,
        "stdev": 0.029171889861693674,
        "robustness": 0.8318489303314943
    },
    {
        "edge": "m0->a1.h11<v>",
        "improvement": 0.0219692001342775,
        "stdev": 0.018550814551503404,
        "robustness": 1.1842714546729733
    },
    {
        "edge": "m0->a1.h3<v>",
        "improvement": 0.02047059631347725,
        "stdev": 0.017352570333701186,
        "robustness": 1.179686693084333
    },
    {
        "edge": "a10.h4->m10",
        "improvement": 0.020118404388427713,
        "stdev": 0.010229859667407599,
        "robustness": 1.9666354224315592
    },
    {
        "edge": "a8.h5->m9",
        "improvement": 0.019464706420898814,
        "stdev": 0.03300582272850164,
        "robustness": 0.5897355318487603
    },
    {
        "edge": "m0->a2.h6<v>",
        "improvement": 0.018707107543945334,
        "stdev": 0.013417342122948124,
        "robustness": 1.3942483818721405
    },
    {
        "edge": "a10.h11->logits",
        "improvement": 0.016723728179932174,
        "stdev": 0.0019587324047621573,
        "robustness": 8.538036201000557
    },
    {
        "edge": "m0->a1.h4<v>",
        "improvement": 0.016084922790527756,
        "stdev": 0.011614157902359248,
        "robustness": 1.3849409424044714
    },
    {
        "edge": "m0->a2.h10<v>",
        "improvement": 0.010233356475830568,
        "stdev": 0.013191808280855203,
        "robustness": 0.7757356882363027
    },
    {
        "edge": "a9.h4->m9",
        "improvement": 0.006388957977295107,
        "stdev": 0.017319134924456518,
        "robustness": 0.3688959064735501
    },
    {
        "edge": "a1.h4->m1",
        "improvement": 0.0005119781494142828,
        "stdev": 0.006765438231145818,
        "robustness": 0.07567553378246901
    }
]