[
    {
        "edge": "full_attack",
        "improvement": 14.750034202575684,
        "stdev": 0.37950459496099087,
        "robustness": 38.86654970301963
    },
    {
        "edge": "m11->logits",
        "improvement": 4.244383628845215,
        "stdev": 0.14598887288686477,
        "robustness": 29.073336514724883
    },
    {
        "edge": "input->a0.h4<v>",
        "improvement": 1.6905911064147956,
        "stdev": 0.9590364485553484,
        "robustness": 1.762801725587625
    },
    {
        "edge": "input->m0",
        "improvement": 0.9797320079803473,
        "stdev": 0.6793090526206844,
        "robustness": 1.4422478313820064
    },
    {
        "edge": "a11.h3->logits",
        "improvement": 0.6451417884826665,
        "stdev": 0.040323263584290774,
        "robustness": 15.999245376904518
    },
    {
        "edge": "a11.h0->logits",
        "improvement": 0.6185830307006839,
        "stdev": 0.03501590222983129,
        "robustness": 17.665774442724228
    },
    {
        "edge": "a11.h5->logits",
        "improvement": 0.591822731018067,
        "stdev": 0.031186069587654432,
        "robustness": 18.977150338058333
    },
    {
        "edge": "a11.h7->logits",
        "improvement": 0.5900666198730473,
        "stdev": 0.03358874093562547,
        "robustness": 17.567393222745086
    },
    {
        "edge": "m9->m10",
        "improvement": 0.4332153129577643,
        "stdev": 0.07161906195199125,
        "robustness": 6.048882813463315
    },
    {
        "edge": "a11.h1->logits",
        "improvement": 0.41791876602172895,
        "stdev": 0.02392388215742415,
        "robustness": 17.46868519380492
    },
    {
        "edge": "a0.h4->m0",
        "improvement": 0.40353522872924863,
        "stdev": 0.2923914016514237,
        "robustness": 1.3801200255892812
    },
    {
        "edge": "a11.h11->logits",
        "improvement": 0.37132377624511737,
        "stdev": 0.03376780164048789,
        "robustness": 10.996385852962868
    },
    {
        "edge": "m10->a11.h0<v>",
        "improvement": 0.3505174331665044,
        "stdev": 0.02442776939907187,
        "robustness": 14.349137960170127
    },
    {
        "edge": "m10->a11.h5<v>",
        "improvement": 0.3234886245727546,
        "stdev": 0.02228696841388259,
        "robustness": 14.514698390798321
    },
    {
        "edge": "a11.h4->logits",
        "improvement": 0.3006385002136236,
        "stdev": 0.007914572866019763,
        "robustness": 37.98543589185687
    },
    {
        "edge": "m10->a11.h3<v>",
        "improvement": 0.2905380172729499,
        "stdev": 0.030176341541888623,
        "robustness": 9.62800665778673
    },
    {
        "edge": "m10->a11.h11<v>",
        "improvement": 0.27515708160400454,
        "stdev": 0.020254510011809845,
        "robustness": 13.5849784291779
    },
    {
        "edge": "m10->logits",
        "improvement": 0.26727619934082103,
        "stdev": 0.03701364151858981,
        "robustness": 7.221018748090043
    },
    {
        "edge": "a11.h0->m11",
        "improvement": 0.2652632942199711,
        "stdev": 0.022110387372923677,
        "robustness": 11.997225093614228
    },
    {
        "edge": "m10->a11.h7<v>",
        "improvement": 0.25433913040161205,
        "stdev": 0.02467170719821933,
        "robustness": 10.308939237896308
    },
    {
        "edge": "m0->m1",
        "improvement": 0.2086816520690924,
        "stdev": 0.08123687036441217,
        "robustness": 2.5688046712408874
    },
    {
        "edge": "m9->a10.h1<v>",
        "improvement": 0.19329473876953163,
        "stdev": 0.029537702769082137,
        "robustness": 6.544000401136751
    },
    {
        "edge": "m9->a10.h8<v>",
        "improvement": 0.1878956794738773,
        "stdev": 0.02302622792572158,
        "robustness": 8.160072074331696
    },
    {
        "edge": "a11.h9->logits",
        "improvement": 0.1856944999694825,
        "stdev": 0.007399479058210355,
        "robustness": 25.09561801697899
    },
    {
        "edge": "m9->a10.h4<v>",
        "improvement": 0.16927912902832087,
        "stdev": 0.02202878487616389,
        "robustness": 7.6844515019749595
    },
    {
        "edge": "m2->m3",
        "improvement": 0.1579131507873539,
        "stdev": 0.25782734254363593,
        "robustness": 0.6124763542510157
    },
    {
        "edge": "a11.h6->logits",
        "improvement": 0.1538844070434573,
        "stdev": 0.00910588519348249,
        "robustness": 16.89944511419929
    },
    {
        "edge": "a11.h1->m11",
        "improvement": 0.1513224220275884,
        "stdev": 0.009997634317307215,
        "robustness": 15.135822858176503
    },
    {
        "edge": "m9->a10.h10<v>",
        "improvement": 0.13358618545532241,
        "stdev": 0.017561787000165915,
        "robustness": 7.6066396576874755
    },
    {
        "edge": "a11.h4->m11",
        "improvement": 0.12522526168823234,
        "stdev": 0.007566509502658967,
        "robustness": 16.549937807416562
    },
    {
        "edge": "m9->a11.h3<v>",
        "improvement": 0.12343280792236389,
        "stdev": 0.014379681782210838,
        "robustness": 8.583834454185427
    },
    {
        "edge": "m9->a10.h3<v>",
        "improvement": 0.12201436233520546,
        "stdev": 0.01790755053823663,
        "robustness": 6.813570737922949
    },
    {
        "edge": "m9->a10.h5<v>",
        "improvement": 0.11688658142089903,
        "stdev": 0.014825307367168502,
        "robustness": 7.8842602400103425
    },
    {
        "edge": "m1->m3",
        "improvement": 0.10243428421020528,
        "stdev": 0.10748089435759543,
        "robustness": 0.9530464444164395
    },
    {
        "edge": "m1->m2",
        "improvement": 0.08823727416992178,
        "stdev": 0.06452232936155027,
        "robustness": 1.3675463214522998
    },
    {
        "edge": "a9.h11->m9",
        "improvement": 0.08448569107055715,
        "stdev": 0.03373461084535674,
        "robustness": 2.504421688984322
    },
    {
        "edge": "m0->m2",
        "improvement": 0.08312322998046895,
        "stdev": 0.06669385614110955,
        "robustness": 1.246340139706399
    },
    {
        "edge": "a10.h8->logits",
        "improvement": 0.08159051895141634,
        "stdev": 0.009147686964495885,
        "robustness": 8.919251311078577
    },
    {
        "edge": "a10.h8->m10",
        "improvement": 0.06854409027099617,
        "stdev": 0.007555360219250582,
        "robustness": 9.072246495454994
    },
    {
        "edge": "a10.h1->m10",
        "improvement": 0.06777928161621105,
        "stdev": 0.013351370999088142,
        "robustness": 5.0765783993898586
    },
    {
        "edge": "a0.h4->m1",
        "improvement": 0.06531279754638675,
        "stdev": 0.05690089389530884,
        "robustness": 1.1478342970596358
    },
    {
        "edge": "m3->m4",
        "improvement": 0.06309788894653323,
        "stdev": 0.029706387996029815,
        "robustness": 2.1240511958224646
    },
    {
        "edge": "input->m1",
        "improvement": 0.06135135269165115,
        "stdev": 0.056755304091002136,
        "robustness": 1.0809800718057938
    },
    {
        "edge": "a10.h4->m10",
        "improvement": 0.059141838073730746,
        "stdev": 0.008215117629806411,
        "robustness": 7.199146833777524
    },
    {
        "edge": "m0->a1.h11<v>",
        "improvement": 0.02809272003173824,
        "stdev": 0.02698442053466323,
        "robustness": 1.0410718286743021
    },
    {
        "edge": "m0->m3",
        "improvement": 0.02518349838256828,
        "stdev": 0.017934996501464885,
        "robustness": 1.4041540727655764
    },
    {
        "edge": "m0->a1.h3<v>",
        "improvement": 0.024489913940429986,
        "stdev": 0.014226612253727225,
        "robustness": 1.721415717506034
    },
    {
        "edge": "a11.h6->m11",
        "improvement": 0.02208770751953182,
        "stdev": 0.004400856594550704,
        "robustness": 5.01895643381827
    },
    {
        "edge": "m0->a1.h4<v>",
        "improvement": 0.0216694030761726,
        "stdev": 0.015477074545581249,
        "robustness": 1.400096834343883
    },
    {
        "edge": "m0->a2.h6<v>",
        "improvement": 0.02028744888305667,
        "stdev": 0.013352277512650472,
        "robustness": 1.5193998824421935
    },
    {
        "edge": "a1.h4->m1",
        "improvement": 0.003952480316162799,
        "stdev": 0.005819232836190057,
        "robustness": 0.6792098593447156
    }
]