[
    {
        "edge": "full_attack",
        "improvement": 14.383843341827394,
        "stdev": 0.3767137734700185,
        "robustness": 38.182419531236384
    },
    {
        "edge": "m11->logits",
        "improvement": 4.264295425415039,
        "stdev": 0.1491419129279343,
        "robustness": 28.592200151513115
    },
    {
        "edge": "input->a0.h4<v>",
        "improvement": 1.8931699180603028,
        "stdev": 1.0555193815191206,
        "robustness": 1.7935908626667014
    },
    {
        "edge": "a11.h5->logits",
        "improvement": 1.0950906524658208,
        "stdev": 0.05434476167548726,
        "robustness": 20.150804211913073
    },
    {
        "edge": "a11.h0->logits",
        "improvement": 1.0712403755187987,
        "stdev": 0.0582961646483468,
        "robustness": 18.37582938741713
    },
    {
        "edge": "input->m0",
        "improvement": 1.0499902038574218,
        "stdev": 0.706821266776831,
        "robustness": 1.4855102035136438
    },
    {
        "edge": "a11.h3->logits",
        "improvement": 0.8394979171752928,
        "stdev": 0.0552187249880063,
        "robustness": 15.203138380280144
    },
    {
        "edge": "a11.h7->logits",
        "improvement": 0.7605055274963384,
        "stdev": 0.04071136437288127,
        "robustness": 18.680423493812647
    },
    {
        "edge": "a11.h1->logits",
        "improvement": 0.7196334800720212,
        "stdev": 0.03763400186223889,
        "robustness": 19.12189627630553
    },
    {
        "edge": "a0.h4->m0",
        "improvement": 0.6027904930114749,
        "stdev": 0.45023745372446927,
        "robustness": 1.338827962945
    },
    {
        "edge": "m10->a11.h0<v>",
        "improvement": 0.5258572006225588,
        "stdev": 0.039235303598893274,
        "robustness": 13.40265404846751
    },
    {
        "edge": "m10->a11.h5<v>",
        "improvement": 0.49399067306518596,
        "stdev": 0.036152940564352046,
        "robustness": 13.663914064912234
    },
    {
        "edge": "m10->a11.h1<v>",
        "improvement": 0.46306350326538137,
        "stdev": 0.038109258313890566,
        "robustness": 12.15094503942623
    },
    {
        "edge": "a11.h10->logits",
        "improvement": 0.39302825546264675,
        "stdev": 0.01321917251066882,
        "robustness": 29.73168366971872
    },
    {
        "edge": "m10->a11.h7<v>",
        "improvement": 0.3812409324645998,
        "stdev": 0.03861698237870104,
        "robustness": 9.87236466914802
    },
    {
        "edge": "m10->a11.h3<v>",
        "improvement": 0.3628947639465334,
        "stdev": 0.030728125654868807,
        "robustness": 11.809856807489119
    },
    {
        "edge": "a11.h6->logits",
        "improvement": 0.30428068161010735,
        "stdev": 0.012746619420665961,
        "robustness": 23.871480866274258
    },
    {
        "edge": "m0->m1",
        "improvement": 0.27960336685180653,
        "stdev": 0.1039868033961812,
        "robustness": 2.6888350994552703
    },
    {
        "edge": "m9->m10",
        "improvement": 0.25276064300537104,
        "stdev": 0.09347478526963933,
        "robustness": 2.704051603608956
    },
    {
        "edge": "a11.h5->m11",
        "improvement": 0.25251406860351544,
        "stdev": 0.02351573680208415,
        "robustness": 10.738088741541606
    },
    {
        "edge": "m9->a10.h4<v>",
        "improvement": 0.2435160255432134,
        "stdev": 0.04387153781430787,
        "robustness": 5.550660808242633
    },
    {
        "edge": "a11.h2->logits",
        "improvement": 0.23248254394531287,
        "stdev": 0.00809031534156352,
        "robustness": 28.73590634359423
    },
    {
        "edge": "m9->a10.h8<v>",
        "improvement": 0.21580055999755832,
        "stdev": 0.03196803517661446,
        "robustness": 6.750510589885194
    },
    {
        "edge": "m9->a10.h3<v>",
        "improvement": 0.1795565757751465,
        "stdev": 0.03855663329470514,
        "robustness": 4.6569568043640475
    },
    {
        "edge": "a11.h1->m11",
        "improvement": 0.17898866653442358,
        "stdev": 0.017312098904087737,
        "robustness": 10.338935072289862
    },
    {
        "edge": "m9->a10.h10<v>",
        "improvement": 0.1580358047485353,
        "stdev": 0.0244288636482674,
        "robustness": 6.469224562549141
    },
    {
        "edge": "m0->m2",
        "improvement": 0.13500458908081026,
        "stdev": 0.050314948256969784,
        "robustness": 2.6831904584560315
    },
    {
        "edge": "a11.h10->m11",
        "improvement": 0.10813316726684619,
        "stdev": 0.010022340022384878,
        "robustness": 10.789213599352143
    },
    {
        "edge": "m1->m3",
        "improvement": 0.10790633392334037,
        "stdev": 0.1308752175048239,
        "robustness": 0.8244978383272836
    },
    {
        "edge": "a11.h2->m11",
        "improvement": 0.10403903961181626,
        "stdev": 0.011181900141262482,
        "robustness": 9.30423615820896
    },
    {
        "edge": "m8->m9",
        "improvement": 0.0959295196533203,
        "stdev": 0.05631697978669405,
        "robustness": 1.7033853735882594
    },
    {
        "edge": "a0.h4->m1",
        "improvement": 0.06958226394653355,
        "stdev": 0.07911275457179884,
        "robustness": 0.8795328177251636
    },
    {
        "edge": "m9->a10.h5<v>",
        "improvement": 0.06563570404052754,
        "stdev": 0.01219302993217752,
        "robustness": 5.38305116985847
    },
    {
        "edge": "input->m1",
        "improvement": 0.0613210983276371,
        "stdev": 0.08637398471886007,
        "robustness": 0.7099487018832352
    },
    {
        "edge": "m9->a10.h1<v>",
        "improvement": 0.06119054031372073,
        "stdev": 0.027729394621309227,
        "robustness": 2.2067030726555275
    },
    {
        "edge": "a9.h11->m9",
        "improvement": 0.055280853271484354,
        "stdev": 0.06996384642649252,
        "robustness": 0.790134563707345
    },
    {
        "edge": "a10.h5->m10",
        "improvement": 0.03460466384887706,
        "stdev": 0.019199379231083533,
        "robustness": 1.8023845163104326
    },
    {
        "edge": "m0->m3",
        "improvement": 0.03436066436767593,
        "stdev": 0.02164293579634129,
        "robustness": 1.5876156862917163
    },
    {
        "edge": "m1->a2.h6<v>",
        "improvement": 0.03322636795043987,
        "stdev": 0.05650761422948665,
        "robustness": 0.587998067225103
    },
    {
        "edge": "a9.h6->m9",
        "improvement": 0.031723171234131264,
        "stdev": 0.02261643323050311,
        "robustness": 1.4026602210354622
    },
    {
        "edge": "m0->a1.h11<v>",
        "improvement": 0.03078192138671909,
        "stdev": 0.03326505809354696,
        "robustness": 0.925353002545648
    },
    {
        "edge": "m0->a1.h3<v>",
        "improvement": 0.02942788314819378,
        "stdev": 0.02865604523947684,
        "robustness": 1.0269345578661233
    },
    {
        "edge": "a8.h5->m9",
        "improvement": 0.027854316711425575,
        "stdev": 0.04455752591320435,
        "robustness": 0.6251315830615074
    },
    {
        "edge": "m0->a2.h6<v>",
        "improvement": 0.025304683685303253,
        "stdev": 0.02997578459551919,
        "robustness": 0.8441708541328997
    },
    {
        "edge": "m0->a1.h4<v>",
        "improvement": 0.02214390563964841,
        "stdev": 0.025275945508706665,
        "robustness": 0.8760861441175611
    },
    {
        "edge": "a9.h4->m9",
        "improvement": 0.020681510925292912,
        "stdev": 0.03394285943314596,
        "robustness": 0.6093037319388876
    },
    {
        "edge": "m9->a10.h9<v>",
        "improvement": 0.009840778350830526,
        "stdev": 0.016094614085386462,
        "robustness": 0.6114330109825824
    },
    {
        "edge": "a1.h3->m1",
        "improvement": 0.0077959671020506605,
        "stdev": 0.010575838168201646,
        "robustness": 0.7371488649940561
    },
    {
        "edge": "a1.h11->m1",
        "improvement": 0.005975597381591591,
        "stdev": 0.01024112423236144,
        "robustness": 0.5834903713704597
    },
    {
        "edge": "a1.h4->m1",
        "improvement": 0.004303413391113509,
        "stdev": 0.013633218129993891,
        "robustness": 0.3156564613050343
    },
    {
        "edge": "m2->m4",
        "improvement": -0.013999874114990263,
        "stdev": 0.05173542589309382,
        "robustness": -0.27060517765756154
    }
]