[
    {
        "edge": "full_attack",
        "improvement": 11.986207694172858,
        "stdev": 1.0697586722601216,
        "robustness": 11.20459034825969
    },
    {
        "edge": "input->a0.h4<v>",
        "improvement": 5.648258292078972,
        "stdev": 1.2969145033202492,
        "robustness": 4.355150842726167
    },
    {
        "edge": "m11->logits",
        "improvement": 4.481182605147361,
        "stdev": 0.26553864887555734,
        "robustness": 16.875820616408397
    },
    {
        "edge": "input->m0",
        "improvement": 3.9913011542558667,
        "stdev": 1.0740446019276966,
        "robustness": 3.716140975051012
    },
    {
        "edge": "a0.h4->m0",
        "improvement": 2.57097181212902,
        "stdev": 0.9162977177265327,
        "robustness": 2.8058258384708994
    },
    {
        "edge": "m0->m1",
        "improvement": 1.406801634430885,
        "stdev": 0.5101378304455035,
        "robustness": 2.757689295856229
    },
    {
        "edge": "a11.h9->logits",
        "improvement": 0.8886347471475595,
        "stdev": 0.09482825093827688,
        "robustness": 9.370991643892772
    },
    {
        "edge": "a11.h6->logits",
        "improvement": 0.7985449041128154,
        "stdev": 0.10807161087271248,
        "robustness": 7.389034896993877
    },
    {
        "edge": "a11.h4->logits",
        "improvement": 0.7613335376977917,
        "stdev": 0.09335307848405007,
        "robustness": 8.155419725423089
    },
    {
        "edge": "a11.h7->logits",
        "improvement": 0.7538467413187027,
        "stdev": 0.10430729163765191,
        "robustness": 7.227172036423442
    },
    {
        "edge": "a11.h1->logits",
        "improvement": 0.6859193907976149,
        "stdev": 0.08072993538456875,
        "robustness": 8.496468968173186
    },
    {
        "edge": "a11.h11->logits",
        "improvement": 0.6125134397745127,
        "stdev": 0.08073142725534699,
        "robustness": 7.587050800392542
    },
    {
        "edge": "a11.h2->logits",
        "improvement": 0.6101373931169505,
        "stdev": 0.07548818227452159,
        "robustness": 8.082555106415393
    },
    {
        "edge": "m1->m3",
        "improvement": 0.5178781079053874,
        "stdev": 0.4425975007357895,
        "robustness": 1.1700881885786718
    },
    {
        "edge": "m0->a2.h7<v>",
        "improvement": 0.4170947154760354,
        "stdev": 0.40301581811652226,
        "robustness": 1.0349338579942353
    },
    {
        "edge": "m1->m2",
        "improvement": 0.3997541738748547,
        "stdev": 0.3100024510934649,
        "robustness": 1.2895193972331846
    },
    {
        "edge": "m0->m2",
        "improvement": 0.39516800796985585,
        "stdev": 0.23708588153538307,
        "robustness": 1.6667715741263165
    },
    {
        "edge": "a11.h8->logits",
        "improvement": 0.3726949098110195,
        "stdev": 0.042762696590772586,
        "robustness": 8.715421138606125
    },
    {
        "edge": "m10->a11.h9<v>",
        "improvement": 0.33454610395431494,
        "stdev": 0.05641256145247169,
        "robustness": 5.930347698112846
    },
    {
        "edge": "m10->a11.h1<v>",
        "improvement": 0.29582108771800986,
        "stdev": 0.06786057739110339,
        "robustness": 4.35924802132309
    },
    {
        "edge": "m10->logits",
        "improvement": 0.2887525995969771,
        "stdev": 0.03368531640928572,
        "robustness": 8.572061372039816
    },
    {
        "edge": "m9->a10.h1<v>",
        "improvement": 0.28352791190147375,
        "stdev": 0.07730087115756817,
        "robustness": 3.6678488567552816
    },
    {
        "edge": "a11.h3->logits",
        "improvement": 0.2819005903005598,
        "stdev": 0.02977689371141601,
        "robustness": 9.467091934861001
    },
    {
        "edge": "a0.h4->m1",
        "improvement": 0.27936130917072255,
        "stdev": 0.17101580815710868,
        "robustness": 1.6335408532179616
    },
    {
        "edge": "m9->a10.h10<v>",
        "improvement": 0.2769589095115661,
        "stdev": 0.0622736468365357,
        "robustness": 4.44744966098686
    },
    {
        "edge": "m10->a11.h4<v>",
        "improvement": 0.2534022439718244,
        "stdev": 0.05279878495281684,
        "robustness": 4.799395368629696
    },
    {
        "edge": "m9->a10.h6<v>",
        "improvement": 0.24327374303340843,
        "stdev": 0.0563670974105954,
        "robustness": 4.315882034182585
    },
    {
        "edge": "input->m1",
        "improvement": 0.23924188435077642,
        "stdev": 0.1569524562156535,
        "robustness": 1.5242952555139169
    },
    {
        "edge": "m10->a11.h8<v>",
        "improvement": 0.19382497221231443,
        "stdev": 0.03241118024279303,
        "robustness": 5.980188649730318
    },
    {
        "edge": "a11.h9->m11",
        "improvement": 0.19328333717584556,
        "stdev": 0.045765771947202494,
        "robustness": 4.2233164426643155
    },
    {
        "edge": "m9->a10.h2<v>",
        "improvement": 0.1918714339733123,
        "stdev": 0.06444205891016419,
        "robustness": 2.9774255698563534
    },
    {
        "edge": "m3->m4",
        "improvement": 0.1802706586122511,
        "stdev": 0.2042605942472091,
        "robustness": 0.88255230665821
    },
    {
        "edge": "m10->a11.h11<v>",
        "improvement": 0.17159375828504508,
        "stdev": 0.03190459215778807,
        "robustness": 5.378340441915293
    },
    {
        "edge": "m10->a11.h7<v>",
        "improvement": 0.16777394431829418,
        "stdev": 0.03148282441080079,
        "robustness": 5.3290626701439185
    },
    {
        "edge": "m10->a11.h3<v>",
        "improvement": 0.15372812420129733,
        "stdev": 0.026597310160641197,
        "robustness": 5.779837256956337
    },
    {
        "edge": "m10->a11.h2<v>",
        "improvement": 0.15341328859329195,
        "stdev": 0.02789447737933742,
        "robustness": 5.499772822663867
    },
    {
        "edge": "m9->a10.h9<v>",
        "improvement": 0.1526256102323531,
        "stdev": 0.0535190044579299,
        "robustness": 2.851802117364285
    },
    {
        "edge": "m0->a1.h4<v>",
        "improvement": 0.1354866627454756,
        "stdev": 0.07384438894821413,
        "robustness": 1.8347590747956517
    },
    {
        "edge": "a10.h1->logits",
        "improvement": 0.1339692733287805,
        "stdev": 0.015638056092609747,
        "robustness": 8.566875098503571
    },
    {
        "edge": "m0->a1.h11<v>",
        "improvement": 0.13091531801223688,
        "stdev": 0.07292959324429245,
        "robustness": 1.7950918439063481
    },
    {
        "edge": "m0->a1.h3<v>",
        "improvement": 0.12338561624288502,
        "stdev": 0.06901237532825377,
        "robustness": 1.7878766765526872
    },
    {
        "edge": "a10.h2->m10",
        "improvement": 0.120057307600975,
        "stdev": 0.043896827924155536,
        "robustness": 2.734988227586939
    },
    {
        "edge": "m9->a10.h3<v>",
        "improvement": 0.10807077437639201,
        "stdev": 0.035577614764016954,
        "robustness": 3.0376059523162393
    },
    {
        "edge": "m9->a11.h9<v>",
        "improvement": 0.10561577272415157,
        "stdev": 0.02606863647455556,
        "robustness": 4.051449826585231
    },
    {
        "edge": "a10.h10->logits",
        "improvement": 0.0808150997757906,
        "stdev": 0.009382840496514314,
        "robustness": 8.613074026550176
    },
    {
        "edge": "m9->a10.h7<v>",
        "improvement": 0.07461804634332658,
        "stdev": 0.024601639349559463,
        "robustness": 3.033051793138442
    },
    {
        "edge": "a1.h4->m1",
        "improvement": 0.07291067028045628,
        "stdev": 0.039937757137207174,
        "robustness": 1.825607532991145
    },
    {
        "edge": "a10.h2->logits",
        "improvement": 0.060176733851432296,
        "stdev": 0.014792495831128445,
        "robustness": 4.068058192370754
    },
    {
        "edge": "m9->a11.h11<v>",
        "improvement": 0.06009897071123049,
        "stdev": 0.020420097792588396,
        "robustness": 2.943128447359532
    },
    {
        "edge": "m10->a11.h10<v>",
        "improvement": 0.0381532012224195,
        "stdev": 0.022533137480646833,
        "robustness": 1.6932041201625099
    },
    {
        "edge": "m10->a11.h9<k>",
        "improvement": 0.027622217655181913,
        "stdev": 0.026667733489341792,
        "robustness": 1.035791724340638
    }
]