[
    {
        "edge": "full_attack",
        "improvement": 13.95504508972168,
        "stdev": 0.6240353949002808,
        "robustness": 22.36258584651542
    },
    {
        "edge": "m11->logits",
        "improvement": 5.050185111284256,
        "stdev": 0.21289612890391543,
        "robustness": 23.7213571579947
    },
    {
        "edge": "input->a0.h4<v>",
        "improvement": 3.9768252925872805,
        "stdev": 1.3015227726126952,
        "robustness": 3.0555172573770224
    },
    {
        "edge": "input->m0",
        "improvement": 2.618860540390015,
        "stdev": 1.1263462267725117,
        "robustness": 2.3250937217539476
    },
    {
        "edge": "a0.h4->m0",
        "improvement": 1.2607606945037846,
        "stdev": 0.6338016182863928,
        "robustness": 1.9892039687631262
    },
    {
        "edge": "a11.h9->logits",
        "improvement": 0.8582281799316407,
        "stdev": 0.06394315772229701,
        "robustness": 13.421735968356408
    },
    {
        "edge": "a11.h6->logits",
        "improvement": 0.8473689804077154,
        "stdev": 0.07105737154277861,
        "robustness": 11.92513826517738
    },
    {
        "edge": "a11.h7->logits",
        "improvement": 0.8048754234313966,
        "stdev": 0.07522561933487994,
        "robustness": 10.699485501719217
    },
    {
        "edge": "m0->m1",
        "improvement": 0.7807431430816649,
        "stdev": 0.3628486606201675,
        "robustness": 2.1517046300990823
    },
    {
        "edge": "a11.h2->logits",
        "improvement": 0.6936635169982912,
        "stdev": 0.046817861170536955,
        "robustness": 14.816215428372068
    },
    {
        "edge": "a11.h4->logits",
        "improvement": 0.6592003173828127,
        "stdev": 0.07423714807938164,
        "robustness": 8.87965573081998
    },
    {
        "edge": "a11.h10->logits",
        "improvement": 0.5970691757202147,
        "stdev": 0.0626203862478571,
        "robustness": 9.534741184076402
    },
    {
        "edge": "a11.h5->logits",
        "improvement": 0.5092057571411139,
        "stdev": 0.042503122795418034,
        "robustness": 11.98043164009605
    },
    {
        "edge": "a11.h1->logits",
        "improvement": 0.49674521636962954,
        "stdev": 0.03701756750957611,
        "robustness": 13.419174996874823
    },
    {
        "edge": "a11.h0->logits",
        "improvement": 0.47580722427368194,
        "stdev": 0.03579650657114116,
        "robustness": 13.292001646252086
    },
    {
        "edge": "a11.h3->logits",
        "improvement": 0.39971266555786134,
        "stdev": 0.023970002476445287,
        "robustness": 16.67553709894894
    },
    {
        "edge": "a11.h8->logits",
        "improvement": 0.3368922500610356,
        "stdev": 0.029841269961419455,
        "robustness": 11.289474291697026
    },
    {
        "edge": "m1->m2",
        "improvement": 0.3110902633666992,
        "stdev": 0.26826352409085724,
        "robustness": 1.1596442879104842
    },
    {
        "edge": "m9->a10.h4<v>",
        "improvement": 0.27302225875854536,
        "stdev": 0.05774663445623234,
        "robustness": 4.727933693962303
    },
    {
        "edge": "m9->a10.h6<v>",
        "improvement": 0.2714129295349119,
        "stdev": 0.06737138016445432,
        "robustness": 4.028608718900961
    },
    {
        "edge": "m10->a11.h9<v>",
        "improvement": 0.2649328308105474,
        "stdev": 0.0341385336792789,
        "robustness": 7.76052168202391
    },
    {
        "edge": "m0->a2.h7<v>",
        "improvement": 0.24348423767089855,
        "stdev": 0.28311386348692136,
        "robustness": 0.8600223057679635
    },
    {
        "edge": "m10->a11.h3<v>",
        "improvement": 0.22042835998535182,
        "stdev": 0.0210502615561075,
        "robustness": 10.471525942697703
    },
    {
        "edge": "m10->a11.h0<v>",
        "improvement": 0.20840785598754863,
        "stdev": 0.03006491956038856,
        "robustness": 6.931927942429365
    },
    {
        "edge": "m1->m3",
        "improvement": 0.19532903289794934,
        "stdev": 0.1720501941816059,
        "robustness": 1.1353026006571763
    },
    {
        "edge": "m9->a10.h10<v>",
        "improvement": 0.1744497489929202,
        "stdev": 0.04181868137404521,
        "robustness": 4.171574599221882
    },
    {
        "edge": "a0.h4->m1",
        "improvement": 0.17302064514160165,
        "stdev": 0.15623668155821516,
        "robustness": 1.1074265237586516
    },
    {
        "edge": "m10->a11.h5<v>",
        "improvement": 0.1702368621826178,
        "stdev": 0.03986513390600466,
        "robustness": 4.270319587637858
    },
    {
        "edge": "m10->a11.h6<v>",
        "improvement": 0.16257366561889697,
        "stdev": 0.02483159534566953,
        "robustness": 6.5470487641161075
    },
    {
        "edge": "m10->a11.h4<v>",
        "improvement": 0.16128039932250982,
        "stdev": 0.03208914876004865,
        "robustness": 5.02601052238898
    },
    {
        "edge": "input->m1",
        "improvement": 0.15630819320678757,
        "stdev": 0.14914211116575152,
        "robustness": 1.0480486831319689
    },
    {
        "edge": "m10->a11.h1<v>",
        "improvement": 0.15462538528442415,
        "stdev": 0.032818551353745604,
        "robustness": 4.711523784756473
    },
    {
        "edge": "m0->m2",
        "improvement": 0.15108971023559548,
        "stdev": 0.17444874701763421,
        "robustness": 0.8660979962230541
    },
    {
        "edge": "m10->a11.h2<v>",
        "improvement": 0.13778760910034205,
        "stdev": 0.024097982763976476,
        "robustness": 5.717806774528762
    },
    {
        "edge": "m10->a11.h7<v>",
        "improvement": 0.1294905586242674,
        "stdev": 0.02504976281287256,
        "robustness": 5.169332723490893
    },
    {
        "edge": "m9->a11.h9<v>",
        "improvement": 0.1183127288818362,
        "stdev": 0.017085026211750513,
        "robustness": 6.924936925204401
    },
    {
        "edge": "a11.h4->m11",
        "improvement": 0.11439548110961972,
        "stdev": 0.03694668703272632,
        "robustness": 3.0962310912556643
    },
    {
        "edge": "m9->a10.h3<v>",
        "improvement": 0.0809227714538574,
        "stdev": 0.02773336501863322,
        "robustness": 2.9178850600887345
    },
    {
        "edge": "m9->a11.h4<v>",
        "improvement": 0.07798157882690493,
        "stdev": 0.02484515648494104,
        "robustness": 3.1387034681858634
    },
    {
        "edge": "m0->a1.h11<v>",
        "improvement": 0.0773492584228519,
        "stdev": 0.07363507518274917,
        "robustness": 1.0504404080648357
    },
    {
        "edge": "m0->a1.h3<v>",
        "improvement": 0.07174016189575205,
        "stdev": 0.0793428715856396,
        "robustness": 0.9041790454775578
    },
    {
        "edge": "m9->a10.h9<v>",
        "improvement": 0.07114025878906283,
        "stdev": 0.036520328084011684,
        "robustness": 1.9479632993825013
    },
    {
        "edge": "m0->a1.h4<v>",
        "improvement": 0.06869732666015604,
        "stdev": 0.06714975044749184,
        "robustness": 1.0230466413106678
    },
    {
        "edge": "m3->m4",
        "improvement": 0.06628128433227598,
        "stdev": 0.10687706055638183,
        "robustness": 0.6201638030390068
    },
    {
        "edge": "a10.h10->logits",
        "improvement": 0.059015926361084325,
        "stdev": 0.008612822567529738,
        "robustness": 6.852100562662678
    },
    {
        "edge": "m10->a11.h8<v>",
        "improvement": 0.05715157318115249,
        "stdev": 0.016713627422063792,
        "robustness": 3.41945956661127
    },
    {
        "edge": "m9->a10.h8<v>",
        "improvement": 0.05015333557128887,
        "stdev": 0.02345504807457556,
        "robustness": 2.138274686618669
    },
    {
        "edge": "a11.h3->m11",
        "improvement": 0.048619068145752564,
        "stdev": 0.017205292628978897,
        "robustness": 2.8258204724669085
    },
    {
        "edge": "a11.h2->m11",
        "improvement": 0.04437189102172834,
        "stdev": 0.027713500263318872,
        "robustness": 1.6010929907853695
    },
    {
        "edge": "a11.h0->m11",
        "improvement": 0.04418413543701227,
        "stdev": 0.026687602334798773,
        "robustness": 1.6556052837837456
    },
    {
        "edge": "a1.h4->m1",
        "improvement": 0.03358972549438466,
        "stdev": 0.03296070109005904,
        "robustness": 1.0190840723504917
    }
]