[
    {
        "edge": "full_attack",
        "improvement": 13.06206872177124,
        "stdev": 0.5168990125360421,
        "robustness": 25.270059344252385
    },
    {
        "edge": "m11->logits",
        "improvement": 5.181388384819031,
        "stdev": 0.23542432325821355,
        "robustness": 22.00872158454112
    },
    {
        "edge": "input->a0.h4<v>",
        "improvement": 1.661219348907471,
        "stdev": 0.8502452922726874,
        "robustness": 1.9538118752378708
    },
    {
        "edge": "input->m0",
        "improvement": 1.2327602386474616,
        "stdev": 0.6379553235465558,
        "robustness": 1.9323613945162086
    },
    {
        "edge": "a11.h7->logits",
        "improvement": 0.9557980232238776,
        "stdev": 0.05389475989830656,
        "robustness": 17.73452604719573
    },
    {
        "edge": "a0.h4->m0",
        "improvement": 0.6087279014587406,
        "stdev": 0.32921584624390027,
        "robustness": 1.849023697989808
    },
    {
        "edge": "a11.h6->logits",
        "improvement": 0.6015160064697271,
        "stdev": 0.03691128734122992,
        "robustness": 16.29626192413597
    },
    {
        "edge": "a11.h5->logits",
        "improvement": 0.5936065177917484,
        "stdev": 0.03753183972061624,
        "robustness": 15.816078354018986
    },
    {
        "edge": "a11.h10->logits",
        "improvement": 0.554081531524659,
        "stdev": 0.03378908075664668,
        "robustness": 16.398242246222253
    },
    {
        "edge": "a11.h1->logits",
        "improvement": 0.5439794502258302,
        "stdev": 0.029110771178506384,
        "robustness": 18.686535196548533
    },
    {
        "edge": "m0->m1",
        "improvement": 0.4954597587585452,
        "stdev": 0.1252913826750159,
        "robustness": 3.954459981048192
    },
    {
        "edge": "a11.h2->logits",
        "improvement": 0.4493928527832036,
        "stdev": 0.031154935313211493,
        "robustness": 14.424451479847402
    },
    {
        "edge": "a11.h0->logits",
        "improvement": 0.3432991027832033,
        "stdev": 0.022847287079004536,
        "robustness": 15.025814732230385
    },
    {
        "edge": "m10->a11.h7<v>",
        "improvement": 0.29525297927856453,
        "stdev": 0.03912057432890065,
        "robustness": 7.547255743135754
    },
    {
        "edge": "a11.h10->m11",
        "improvement": 0.29132351303100634,
        "stdev": 0.027171266543311205,
        "robustness": 10.721749483655259
    },
    {
        "edge": "m9->m10",
        "improvement": 0.28443540191650474,
        "stdev": 0.0799445226076831,
        "robustness": 3.5579098184416322
    },
    {
        "edge": "m10->a11.h6<v>",
        "improvement": 0.25792796325683653,
        "stdev": 0.02446459534839289,
        "robustness": 10.542907396740578
    },
    {
        "edge": "a11.h7->m11",
        "improvement": 0.2540518302917487,
        "stdev": 0.03757366000634061,
        "robustness": 6.761434213459032
    },
    {
        "edge": "m10->a11.h5<v>",
        "improvement": 0.24655171966552736,
        "stdev": 0.02843141216995162,
        "robustness": 8.67180702076069
    },
    {
        "edge": "m9->a10.h3<v>",
        "improvement": 0.23913256835937524,
        "stdev": 0.03558761464596077,
        "robustness": 6.719544727522699
    },
    {
        "edge": "m10->a11.h10<v>",
        "improvement": 0.21791476440429758,
        "stdev": 0.028099223606775584,
        "robustness": 7.755188095366153
    },
    {
        "edge": "m9->a10.h4<v>",
        "improvement": 0.20967175292968765,
        "stdev": 0.05333542124439965,
        "robustness": 3.931191467840965
    },
    {
        "edge": "m10->a11.h1<v>",
        "improvement": 0.2068250236511231,
        "stdev": 0.03080630114816335,
        "robustness": 6.713724658354638
    },
    {
        "edge": "a11.h3->logits",
        "improvement": 0.1964987335205084,
        "stdev": 0.015533412168498758,
        "robustness": 12.65006885731142
    },
    {
        "edge": "a10.h4->m10",
        "improvement": 0.1950210723876955,
        "stdev": 0.0482996824038258,
        "robustness": 4.03772991211735
    },
    {
        "edge": "m10->a11.h0<v>",
        "improvement": 0.18501984024047857,
        "stdev": 0.01792552197285094,
        "robustness": 10.321587316715238
    },
    {
        "edge": "m10->a11.h2<v>",
        "improvement": 0.16697427368164064,
        "stdev": 0.014705812585680258,
        "robustness": 11.354304477144728
    },
    {
        "edge": "a8.h5->m8",
        "improvement": 0.16239791488647537,
        "stdev": 0.060135018425691925,
        "robustness": 2.70055483706467
    },
    {
        "edge": "a10.h3->m10",
        "improvement": 0.15877516174316408,
        "stdev": 0.03034864431103541,
        "robustness": 5.231705249035789
    },
    {
        "edge": "m9->a10.h9<v>",
        "improvement": 0.15108584976196315,
        "stdev": 0.024618747371666472,
        "robustness": 6.137024255582016
    },
    {
        "edge": "a9.h11->m9",
        "improvement": 0.1508714523315433,
        "stdev": 0.07075962629730698,
        "robustness": 2.1321685857643553
    },
    {
        "edge": "m8->m9",
        "improvement": 0.14217427062988364,
        "stdev": 0.05344752405656097,
        "robustness": 2.6600721574946555
    },
    {
        "edge": "m9->a10.h8<v>",
        "improvement": 0.13812462615966847,
        "stdev": 0.020801418906032026,
        "robustness": 6.640154057933755
    },
    {
        "edge": "m1->m3",
        "improvement": 0.1288619499206547,
        "stdev": 0.11289825424579433,
        "robustness": 1.1413989594569398
    },
    {
        "edge": "a8.h5->m9",
        "improvement": 0.12498674011230548,
        "stdev": 0.05217168453647891,
        "robustness": 2.3956815123520427
    },
    {
        "edge": "a11.h1->m11",
        "improvement": 0.11874497985839927,
        "stdev": 0.015865244987243718,
        "robustness": 7.484597934281816
    },
    {
        "edge": "a11.h5->m11",
        "improvement": 0.10384698104858447,
        "stdev": 0.015124117310108787,
        "robustness": 6.866316818316024
    },
    {
        "edge": "m7->a8.h5<v>",
        "improvement": 0.09834795379638717,
        "stdev": 0.03877745476152559,
        "robustness": 2.5362147774063435
    },
    {
        "edge": "a11.h2->m11",
        "improvement": 0.09452123641967791,
        "stdev": 0.011726397803936806,
        "robustness": 8.060551756818713
    },
    {
        "edge": "m0->m2",
        "improvement": 0.09155755615234451,
        "stdev": 0.04562269524727336,
        "robustness": 2.0068423326615377
    },
    {
        "edge": "a0.h4->m1",
        "improvement": 0.08806364059448324,
        "stdev": 0.05650063636806957,
        "robustness": 1.5586309510002438
    },
    {
        "edge": "input->m1",
        "improvement": 0.07664774703979571,
        "stdev": 0.05584400165347001,
        "robustness": 1.3725332134222692
    },
    {
        "edge": "m0->a1.h4<v>",
        "improvement": 0.05821308517456103,
        "stdev": 0.023795871496375496,
        "robustness": 2.446352308778766
    },
    {
        "edge": "m0->a1.h11<v>",
        "improvement": 0.048929012298584595,
        "stdev": 0.021614167182799265,
        "robustness": 2.2637472859709677
    },
    {
        "edge": "a9.h6->m9",
        "improvement": 0.048387268066406364,
        "stdev": 0.02135949965448949,
        "robustness": 2.2653746037649336
    },
    {
        "edge": "m0->a1.h3<v>",
        "improvement": 0.04575969314575268,
        "stdev": 0.024466352693444483,
        "robustness": 1.8703111869229914
    },
    {
        "edge": "m1->a2.h6<v>",
        "improvement": 0.029796653747559354,
        "stdev": 0.02221205337429468,
        "robustness": 1.3414632697597466
    },
    {
        "edge": "a1.h4->m1",
        "improvement": 0.028906471252441612,
        "stdev": 0.012330449130420402,
        "robustness": 2.3443161677806668
    },
    {
        "edge": "a1.h3->m1",
        "improvement": 0.024297706604004432,
        "stdev": 0.009920885664927504,
        "robustness": 2.4491469234346814
    },
    {
        "edge": "a1.h11->m1",
        "improvement": 0.02291124725341831,
        "stdev": 0.00977598759182481,
        "robustness": 2.3436248295341424
    },
    {
        "edge": "m0->m3",
        "improvement": 0.006409122467041506,
        "stdev": 0.024111747567389444,
        "robustness": 0.26580912267469525
    }
]