[
    {
        "edge": "full_attack",
        "improvement": 13.564062221527099,
        "stdev": 0.6614122009935985,
        "robustness": 20.50772906993649
    },
    {
        "edge": "m11->logits",
        "improvement": 5.597140549659729,
        "stdev": 0.2796966050076409,
        "robustness": 20.01147117787441
    },
    {
        "edge": "input->a0.h4<v>",
        "improvement": 5.106754494667053,
        "stdev": 1.3696176996808351,
        "robustness": 3.7285984956656812
    },
    {
        "edge": "input->m0",
        "improvement": 3.522238536596298,
        "stdev": 1.2504177121394147,
        "robustness": 2.8168495234843474
    },
    {
        "edge": "a0.h4->m0",
        "improvement": 2.1140068473815914,
        "stdev": 0.8526948766157192,
        "robustness": 2.479206695567262
    },
    {
        "edge": "m0->m1",
        "improvement": 1.1634104785919188,
        "stdev": 0.497750749521281,
        "robustness": 2.337335463002006
    },
    {
        "edge": "a11.h7->logits",
        "improvement": 0.8616012687683101,
        "stdev": 0.0833465749429747,
        "robustness": 10.337572592008888
    },
    {
        "edge": "a11.h5->logits",
        "improvement": 0.8574140396118164,
        "stdev": 0.06553566573291963,
        "robustness": 13.083166700496694
    },
    {
        "edge": "a11.h11->logits",
        "improvement": 0.8336656074523923,
        "stdev": 0.11392406891380409,
        "robustness": 7.317730268949142
    },
    {
        "edge": "a11.h6->logits",
        "improvement": 0.801593173980713,
        "stdev": 0.08343200063609439,
        "robustness": 9.607742447373692
    },
    {
        "edge": "a11.h1->logits",
        "improvement": 0.7239890003204348,
        "stdev": 0.05829874118295799,
        "robustness": 12.418604340844203
    },
    {
        "edge": "a11.h10->logits",
        "improvement": 0.6637336006164549,
        "stdev": 0.08236240765289392,
        "robustness": 8.058695945529875
    },
    {
        "edge": "a11.h0->logits",
        "improvement": 0.40691974258422814,
        "stdev": 0.036867402323553976,
        "robustness": 11.037385791736508
    },
    {
        "edge": "m10->a11.h5<v>",
        "improvement": 0.3931462631225582,
        "stdev": 0.07540699850898294,
        "robustness": 5.213657497264318
    },
    {
        "edge": "m1->m2",
        "improvement": 0.3872225704193113,
        "stdev": 0.24955840891374056,
        "robustness": 1.5516310274007001
    },
    {
        "edge": "m0->a2.h7<v>",
        "improvement": 0.3834711799621582,
        "stdev": 0.3617613930854765,
        "robustness": 1.0600113425358026
    },
    {
        "edge": "m9->m10",
        "improvement": 0.38336802291870065,
        "stdev": 0.10243707459892988,
        "robustness": 3.742473361521645
    },
    {
        "edge": "a11.h8->logits",
        "improvement": 0.33544349670410156,
        "stdev": 0.037907320125386015,
        "robustness": 8.849042759935426
    },
    {
        "edge": "a11.h5->m11",
        "improvement": 0.3276805076599123,
        "stdev": 0.03995608145096061,
        "robustness": 8.201017110801649
    },
    {
        "edge": "m10->a11.h1<v>",
        "improvement": 0.3055287895202632,
        "stdev": 0.047899029690681265,
        "robustness": 6.378600808686187
    },
    {
        "edge": "m9->a10.h4<v>",
        "improvement": 0.3050494232177732,
        "stdev": 0.06341982159570914,
        "robustness": 4.81000128260235
    },
    {
        "edge": "m2->m3",
        "improvement": 0.3003003273010254,
        "stdev": 0.2886790282764386,
        "robustness": 1.040256817732732
    },
    {
        "edge": "m10->a11.h0<v>",
        "improvement": 0.28771902847290054,
        "stdev": 0.04302664951770362,
        "robustness": 6.68699588971055
    },
    {
        "edge": "a0.h4->m1",
        "improvement": 0.25531479644775334,
        "stdev": 0.16920078942399783,
        "robustness": 1.508945657504964
    },
    {
        "edge": "m0->m2",
        "improvement": 0.2545331993103028,
        "stdev": 0.1567798495086859,
        "robustness": 1.623507103163798
    },
    {
        "edge": "a11.h0->m11",
        "improvement": 0.24076078033447246,
        "stdev": 0.02941779476676151,
        "robustness": 8.184188592086533
    },
    {
        "edge": "m9->a10.h1<v>",
        "improvement": 0.22756601715087843,
        "stdev": 0.06085081498107502,
        "robustness": 3.7397365544184225
    },
    {
        "edge": "m10->logits",
        "improvement": 0.21957227706909155,
        "stdev": 0.03166844298481319,
        "robustness": 6.933472453141725
    },
    {
        "edge": "a11.h3->logits",
        "improvement": 0.21784313201904304,
        "stdev": 0.021367918375818733,
        "robustness": 10.194869157941369
    },
    {
        "edge": "input->m1",
        "improvement": 0.21591671371459942,
        "stdev": 0.159996619853718,
        "robustness": 1.3495079703059236
    },
    {
        "edge": "m10->a11.h7<v>",
        "improvement": 0.2050928802490235,
        "stdev": 0.03260747872461552,
        "robustness": 6.2897497221764045
    },
    {
        "edge": "m9->a10.h3<v>",
        "improvement": 0.1874645614624022,
        "stdev": 0.059476138505552556,
        "robustness": 3.15192892768082
    },
    {
        "edge": "a11.h1->m11",
        "improvement": 0.1857481384277344,
        "stdev": 0.04007528957105123,
        "robustness": 4.634979320571432
    },
    {
        "edge": "m10->a11.h11<v>",
        "improvement": 0.17969870758056583,
        "stdev": 0.03231934709896219,
        "robustness": 5.560097084583004
    },
    {
        "edge": "m9->a10.h10<v>",
        "improvement": 0.1596694946289059,
        "stdev": 0.03261798552075432,
        "robustness": 4.895136596566047
    },
    {
        "edge": "m10->a11.h3<v>",
        "improvement": 0.14374494934082005,
        "stdev": 0.021287637952379916,
        "robustness": 6.752508176922919
    },
    {
        "edge": "m3->m4",
        "improvement": 0.1406231079101561,
        "stdev": 0.14105990654805783,
        "robustness": 0.9969034529471141
    },
    {
        "edge": "m0->a1.h11<v>",
        "improvement": 0.1262009735107421,
        "stdev": 0.09362620436584594,
        "robustness": 1.3479236327642816
    },
    {
        "edge": "m0->a1.h4<v>",
        "improvement": 0.11336303710937479,
        "stdev": 0.08307933954208348,
        "robustness": 1.3645153865474728
    },
    {
        "edge": "a10.h1->logits",
        "improvement": 0.10409829330444342,
        "stdev": 0.015429532696471371,
        "robustness": 6.746691254508958
    },
    {
        "edge": "m0->a1.h3<v>",
        "improvement": 0.10386304855346662,
        "stdev": 0.07729940083808948,
        "robustness": 1.3436462304671297
    },
    {
        "edge": "m9->a10.h0<v>",
        "improvement": 0.09584165191650396,
        "stdev": 0.021901388352995616,
        "robustness": 4.376053717315824
    },
    {
        "edge": "m9->a10.h8<v>",
        "improvement": 0.09469335556030245,
        "stdev": 0.03177513856717346,
        "robustness": 2.980108343512594
    },
    {
        "edge": "a10.h4->logits",
        "improvement": 0.08503812026977542,
        "stdev": 0.020652893442945783,
        "robustness": 4.1174918422300335
    },
    {
        "edge": "m4->m5",
        "improvement": 0.08348719406127891,
        "stdev": 0.08864898062659943,
        "robustness": 0.9417727476521969
    },
    {
        "edge": "m10->a11.h6<v>",
        "improvement": 0.07040086746215835,
        "stdev": 0.026822639305942392,
        "robustness": 2.624680839911286
    },
    {
        "edge": "a1.h4->m1",
        "improvement": 0.06685643768310534,
        "stdev": 0.042034936392882555,
        "robustness": 1.5904969394559525
    },
    {
        "edge": "m10->a11.h8<v>",
        "improvement": 0.05551500320434588,
        "stdev": 0.016443522422000065,
        "robustness": 3.3761016514363993
    },
    {
        "edge": "a10.h5->logits",
        "improvement": 0.048152153015136534,
        "stdev": 0.006228784831125435,
        "robustness": 7.730585390350731
    },
    {
        "edge": "a11.h3->m11",
        "improvement": 0.038632415771484574,
        "stdev": 0.0185386551016495,
        "robustness": 2.083884486747219
    },
    {
        "edge": "a10.h10->logits",
        "improvement": 0.02592339324951176,
        "stdev": 0.011540719966118673,
        "robustness": 2.2462544213548066
    }
]