[
    {
        "edge": "full_attack",
        "improvement": 12.39308312034607,
        "stdev": 0.9788667304299333,
        "robustness": 12.660643921264784
    },
    {
        "edge": "input->a0.h4<v>",
        "improvement": 5.584432102441787,
        "stdev": 1.351312018418953,
        "robustness": 4.132600040792667
    },
    {
        "edge": "m11->logits",
        "improvement": 4.973551344633102,
        "stdev": 0.27105914683991833,
        "robustness": 18.34858333546801
    },
    {
        "edge": "input->m0",
        "improvement": 3.8013408455848694,
        "stdev": 1.2193875480082879,
        "robustness": 3.1174181266602803
    },
    {
        "edge": "a0.h4->m0",
        "improvement": 2.2682366046905518,
        "stdev": 0.7681018358264668,
        "robustness": 2.9530415094633393
    },
    {
        "edge": "m0->m1",
        "improvement": 1.4058023853302002,
        "stdev": 0.5216921385107915,
        "robustness": 2.6946972774846984
    },
    {
        "edge": "a11.h6->logits",
        "improvement": 0.8176391315460201,
        "stdev": 0.10213716073702264,
        "robustness": 8.005305078444799
    },
    {
        "edge": "a11.h7->logits",
        "improvement": 0.7842392024993892,
        "stdev": 0.08554447720607311,
        "robustness": 9.167619326379064
    },
    {
        "edge": "a11.h4->logits",
        "improvement": 0.7580349502563477,
        "stdev": 0.09971045380407119,
        "robustness": 7.602361852106996
    },
    {
        "edge": "a11.h2->logits",
        "improvement": 0.7341707458496094,
        "stdev": 0.09517764774093146,
        "robustness": 7.713688699766814
    },
    {
        "edge": "a11.h10->logits",
        "improvement": 0.7212174844741819,
        "stdev": 0.0795557196961146,
        "robustness": 9.065564201154544
    },
    {
        "edge": "a11.h5->logits",
        "improvement": 0.6653192882537837,
        "stdev": 0.07855490212700963,
        "robustness": 8.46948147396426
    },
    {
        "edge": "a11.h9->logits",
        "improvement": 0.6610435104370112,
        "stdev": 0.1037874723057323,
        "robustness": 6.369203293531805
    },
    {
        "edge": "a11.h1->logits",
        "improvement": 0.6607358589172359,
        "stdev": 0.07294702372592701,
        "robustness": 9.057749379874911
    },
    {
        "edge": "m1->m3",
        "improvement": 0.6071581840515137,
        "stdev": 0.47643919320204947,
        "robustness": 1.274366577549863
    },
    {
        "edge": "m0->a2.h7<v>",
        "improvement": 0.5183455638885492,
        "stdev": 0.4841052012640597,
        "robustness": 1.0707291773256797
    },
    {
        "edge": "a11.h0->logits",
        "improvement": 0.46907725715637216,
        "stdev": 0.05481684904272373,
        "robustness": 8.557172937663342
    },
    {
        "edge": "m1->m2",
        "improvement": 0.43023334312438966,
        "stdev": 0.2548635456607081,
        "robustness": 1.6880929048093283
    },
    {
        "edge": "a11.h8->logits",
        "improvement": 0.4226082324981686,
        "stdev": 0.04643321079541494,
        "robustness": 9.101421703534212
    },
    {
        "edge": "m10->a11.h5<v>",
        "improvement": 0.4102503585815427,
        "stdev": 0.07666166103979985,
        "robustness": 5.351441033459426
    },
    {
        "edge": "m0->m2",
        "improvement": 0.3765344295501709,
        "stdev": 0.25173675776779336,
        "robustness": 1.4957467192673277
    },
    {
        "edge": "m3->m4",
        "improvement": 0.34144231414794923,
        "stdev": 0.2850963286718793,
        "robustness": 1.197638411334715
    },
    {
        "edge": "a0.h4->m1",
        "improvement": 0.31063874435424754,
        "stdev": 0.2281678017536871,
        "robustness": 1.361448644228908
    },
    {
        "edge": "m2->m3",
        "improvement": 0.30289524364471454,
        "stdev": 0.24161826592570604,
        "robustness": 1.2536107006820845
    },
    {
        "edge": "m10->a11.h0<v>",
        "improvement": 0.2950088806152342,
        "stdev": 0.03767273837636406,
        "robustness": 7.830831878160556
    },
    {
        "edge": "a11.h5->m11",
        "improvement": 0.26726900672912546,
        "stdev": 0.03985811250258814,
        "robustness": 6.70551087214104
    },
    {
        "edge": "m10->a11.h1<v>",
        "improvement": 0.2547952384948733,
        "stdev": 0.05730185563357777,
        "robustness": 4.446544281640475
    },
    {
        "edge": "input->m1",
        "improvement": 0.2531141719818111,
        "stdev": 0.21190748314031127,
        "robustness": 1.1944560344488422
    },
    {
        "edge": "m10->a11.h4<v>",
        "improvement": 0.25162855911254844,
        "stdev": 0.0351878033494804,
        "robustness": 7.1510164079697836
    },
    {
        "edge": "m10->a11.h7<v>",
        "improvement": 0.242934488296509,
        "stdev": 0.05695901355735491,
        "robustness": 4.265075413426638
    },
    {
        "edge": "m9->a10.h6<v>",
        "improvement": 0.2420366382598873,
        "stdev": 0.0521498709028588,
        "robustness": 4.641174255459549
    },
    {
        "edge": "m10->a11.h10<v>",
        "improvement": 0.23279275131225585,
        "stdev": 0.03835298982976667,
        "robustness": 6.069741950902087
    },
    {
        "edge": "m2->m4",
        "improvement": 0.2198129253387453,
        "stdev": 0.13771802680397993,
        "robustness": 1.5961085882505026
    },
    {
        "edge": "a11.h3->logits",
        "improvement": 0.1803320217132569,
        "stdev": 0.03271038077812527,
        "robustness": 5.512990598808685
    },
    {
        "edge": "m10->a11.h6<v>",
        "improvement": 0.1778449344635007,
        "stdev": 0.03412364035702784,
        "robustness": 5.2117808241661745
    },
    {
        "edge": "m10->logits",
        "improvement": 0.1740757522583003,
        "stdev": 0.059759787715069214,
        "robustness": 2.9129245419726417
    },
    {
        "edge": "m10->a11.h9<v>",
        "improvement": 0.16764440727233865,
        "stdev": 0.04148437822101557,
        "robustness": 4.041145473584842
    },
    {
        "edge": "m9->a10.h1<v>",
        "improvement": 0.15796401214599598,
        "stdev": 0.06615214062163133,
        "robustness": 2.3878896534807335
    },
    {
        "edge": "m9->a10.h8<v>",
        "improvement": 0.14466070365905725,
        "stdev": 0.05184745654765757,
        "robustness": 2.790121508199478
    },
    {
        "edge": "m10->a11.h8<v>",
        "improvement": 0.13910023880004907,
        "stdev": 0.03493322348066001,
        "robustness": 3.981889586486594
    },
    {
        "edge": "m0->a1.h4<v>",
        "improvement": 0.13855291366577127,
        "stdev": 0.10576646486207499,
        "robustness": 1.3099890768444566
    },
    {
        "edge": "m4->m5",
        "improvement": 0.1338040790557855,
        "stdev": 0.11152836890556107,
        "robustness": 1.1997313362404398
    },
    {
        "edge": "m0->a1.h11<v>",
        "improvement": 0.12338710975646983,
        "stdev": 0.09640975480875158,
        "robustness": 1.2798197651392573
    },
    {
        "edge": "m0->a1.h3<v>",
        "improvement": 0.12320188522338871,
        "stdev": 0.10528586409036404,
        "robustness": 1.170165494559154
    },
    {
        "edge": "m10->a11.h11<v>",
        "improvement": 0.09656179428100575,
        "stdev": 0.027619849873451244,
        "robustness": 3.496101344628339
    },
    {
        "edge": "m10->a11.h2<v>",
        "improvement": 0.0931298179626463,
        "stdev": 0.0231565007912073,
        "robustness": 4.021756948614982
    },
    {
        "edge": "m1->a2.h6<v>",
        "improvement": 0.0878667392730712,
        "stdev": 0.07220723961683159,
        "robustness": 1.216868831149576
    },
    {
        "edge": "a10.h1->logits",
        "improvement": 0.08299426269531196,
        "stdev": 0.01801625797248691,
        "robustness": 4.606631567002128
    },
    {
        "edge": "m10->a11.h3<v>",
        "improvement": 0.08007779502868662,
        "stdev": 0.0207077011395925,
        "robustness": 3.8670538312715115
    },
    {
        "edge": "a1.h4->m1",
        "improvement": 0.07982482910156197,
        "stdev": 0.060977067101865214,
        "robustness": 1.3090959092573382
    },
    {
        "edge": "a10.h8->logits",
        "improvement": 0.0767371807098387,
        "stdev": 0.019284412891077442,
        "robustness": 3.979233443261508
    }
]