[
    {
        "edge": "full_attack",
        "improvement": 12.638299770355225,
        "stdev": 1.1511337998918836,
        "robustness": 10.979001547467579
    },
    {
        "edge": "m11->logits",
        "improvement": 5.043207087993622,
        "stdev": 0.31895792727205935,
        "robustness": 15.811511979421512
    },
    {
        "edge": "input->a0.h4<v>",
        "improvement": 4.881220962285996,
        "stdev": 1.4484924389140272,
        "robustness": 3.369862921718511
    },
    {
        "edge": "input->m0",
        "improvement": 3.373113841295243,
        "stdev": 1.3612455226748321,
        "robustness": 2.477961385442879
    },
    {
        "edge": "a0.h4->m0",
        "improvement": 2.2230522687435155,
        "stdev": 0.9603751772771206,
        "robustness": 2.314774810242772
    },
    {
        "edge": "m0->m1",
        "improvement": 1.1430871737003327,
        "stdev": 0.47046132042074307,
        "robustness": 2.4297155240691133
    },
    {
        "edge": "a11.h6->logits",
        "improvement": 0.8840789117813115,
        "stdev": 0.07195834480377913,
        "robustness": 12.285981760587704
    },
    {
        "edge": "a11.h11->logits",
        "improvement": 0.8087853603363042,
        "stdev": 0.10859758421886131,
        "robustness": 7.447544677479425
    },
    {
        "edge": "a11.h7->logits",
        "improvement": 0.6652572135925299,
        "stdev": 0.07280885830339855,
        "robustness": 9.137036743803428
    },
    {
        "edge": "a11.h9->logits",
        "improvement": 0.6088008289337159,
        "stdev": 0.05788914425558473,
        "robustness": 10.51666658338939
    },
    {
        "edge": "a11.h1->logits",
        "improvement": 0.5842584447860721,
        "stdev": 0.05722523656224654,
        "robustness": 10.209803923668312
    },
    {
        "edge": "a11.h2->logits",
        "improvement": 0.5600298566818243,
        "stdev": 0.08812500072732915,
        "robustness": 6.35494867585458
    },
    {
        "edge": "a11.h5->logits",
        "improvement": 0.5495686769485477,
        "stdev": 0.07019621283166824,
        "robustness": 7.829035994668589
    },
    {
        "edge": "m10->a11.h9<v>",
        "improvement": 0.3621949691772466,
        "stdev": 0.06041606955765486,
        "robustness": 5.995010463757578
    },
    {
        "edge": "a11.h0->logits",
        "improvement": 0.3557939949035651,
        "stdev": 0.04302655916025232,
        "robustness": 8.269171457062399
    },
    {
        "edge": "m10->a11.h6<v>",
        "improvement": 0.33605557441711476,
        "stdev": 0.054108796407177806,
        "robustness": 6.210738303773012
    },
    {
        "edge": "m0->m2",
        "improvement": 0.32988564491272054,
        "stdev": 0.1705288664761318,
        "robustness": 1.9344856488499163
    },
    {
        "edge": "a11.h8->logits",
        "improvement": 0.30849836444854795,
        "stdev": 0.0557339736229682,
        "robustness": 5.535194144517528
    },
    {
        "edge": "a11.h6->m11",
        "improvement": 0.2979475173950199,
        "stdev": 0.03771518999690335,
        "robustness": 7.899934149065224
    },
    {
        "edge": "m2->m3",
        "improvement": 0.2967677068710328,
        "stdev": 0.1885371484396778,
        "robustness": 1.5740542875876964
    },
    {
        "edge": "m10->a11.h1<v>",
        "improvement": 0.2929739990234381,
        "stdev": 0.050146004034865514,
        "robustness": 5.842419643641778
    },
    {
        "edge": "m1->m3",
        "improvement": 0.25102029991149966,
        "stdev": 0.14303898887549824,
        "robustness": 1.7549082378510716
    },
    {
        "edge": "m10->a11.h11<v>",
        "improvement": 0.24293588924408027,
        "stdev": 0.040274210584679664,
        "robustness": 6.032045959865275
    },
    {
        "edge": "m10->a11.h7<v>",
        "improvement": 0.23654966545104994,
        "stdev": 0.032327596036483705,
        "robustness": 7.317267426383605
    },
    {
        "edge": "a11.h3->logits",
        "improvement": 0.23514655685424835,
        "stdev": 0.027287037798307302,
        "robustness": 8.617518639888248
    },
    {
        "edge": "m9->a10.h1<v>",
        "improvement": 0.22932133579254188,
        "stdev": 0.05884191416813348,
        "robustness": 3.8972446602822024
    },
    {
        "edge": "a11.h1->m11",
        "improvement": 0.21419791221618656,
        "stdev": 0.039298375734995894,
        "robustness": 5.4505538259546835
    },
    {
        "edge": "a0.h4->m1",
        "improvement": 0.207829537391663,
        "stdev": 0.1325299978997717,
        "robustness": 1.5681697780515922
    },
    {
        "edge": "m10->a11.h5<v>",
        "improvement": 0.19889096069335999,
        "stdev": 0.04322492106445258,
        "robustness": 4.601303039901314
    },
    {
        "edge": "m0->a2.h7<v>",
        "improvement": 0.1853201351165774,
        "stdev": 0.16721179461994684,
        "robustness": 1.108295832466775
    },
    {
        "edge": "a11.h9->m11",
        "improvement": 0.1779432926177984,
        "stdev": 0.038482543927016985,
        "robustness": 4.624000246846255
    },
    {
        "edge": "m9->a10.h8<v>",
        "improvement": 0.15674635314941465,
        "stdev": 0.05365817868963397,
        "robustness": 2.921201520015362
    },
    {
        "edge": "input->m1",
        "improvement": 0.15658458137512277,
        "stdev": 0.09897643218790383,
        "robustness": 1.5820390563063695
    },
    {
        "edge": "m10->logits",
        "improvement": 0.15585165977478077,
        "stdev": 0.029065176908720354,
        "robustness": 5.362143855660516
    },
    {
        "edge": "a11.h11->m11",
        "improvement": 0.1552200937271122,
        "stdev": 0.04906495135902739,
        "robustness": 3.163563591275292
    },
    {
        "edge": "m10->a11.h0<v>",
        "improvement": 0.1534563922882084,
        "stdev": 0.03874759982059639,
        "robustness": 3.96041027053857
    },
    {
        "edge": "m9->a10.h10<v>",
        "improvement": 0.14537575721740748,
        "stdev": 0.04595256525256772,
        "robustness": 3.1636048263765697
    },
    {
        "edge": "a10.h1->logits",
        "improvement": 0.13454689025878963,
        "stdev": 0.017701980946922557,
        "robustness": 7.600668572755427
    },
    {
        "edge": "m10->a11.h3<v>",
        "improvement": 0.1300860671997075,
        "stdev": 0.020559701186718696,
        "robustness": 6.327235304554982
    },
    {
        "edge": "m9->a10.h6<v>",
        "improvement": 0.12561570167541536,
        "stdev": 0.042069823831472,
        "robustness": 2.985886087344239
    },
    {
        "edge": "m0->a1.h4<v>",
        "improvement": 0.11377164268493711,
        "stdev": 0.07461844727948579,
        "robustness": 1.5247120093346593
    },
    {
        "edge": "m0->a1.h11<v>",
        "improvement": 0.10404783058166522,
        "stdev": 0.07013437385803402,
        "robustness": 1.4835497183204176
    },
    {
        "edge": "m0->a1.h3<v>",
        "improvement": 0.09666042900085525,
        "stdev": 0.06403496684620162,
        "robustness": 1.5094944803050037
    },
    {
        "edge": "m9->a11.h6<v>",
        "improvement": 0.086985136032105,
        "stdev": 0.017311323565078668,
        "robustness": 5.024753636260146
    },
    {
        "edge": "a1.h4->m1",
        "improvement": 0.061557428359985344,
        "stdev": 0.034222105912148644,
        "robustness": 1.798762136906742
    },
    {
        "edge": "a10.h8->logits",
        "improvement": 0.06123427772522039,
        "stdev": 0.015217274106623286,
        "robustness": 4.023997813022787
    },
    {
        "edge": "m8->a10.h1<v>",
        "improvement": 0.05836424827575737,
        "stdev": 0.01979865199878427,
        "robustness": 2.9478900017708884
    },
    {
        "edge": "m10->a11.h2<v>",
        "improvement": 0.041985179901123715,
        "stdev": 0.02222931751458198,
        "robustness": 1.888730046416508
    },
    {
        "edge": "m10->a11.h10<v>",
        "improvement": 0.03599900817871138,
        "stdev": 0.02021898103090869,
        "robustness": 1.7804561032863038
    },
    {
        "edge": "a10.h10->logits",
        "improvement": 0.035372169494629624,
        "stdev": 0.011063043073565978,
        "robustness": 3.1973272868427896
    },
    {
        "edge": "m10->a11.h3<k>",
        "improvement": 0.02591533470153884,
        "stdev": 0.012010120985083219,
        "robustness": 2.157791310655916
    }
]