[
    {
        "edge": "full_attack",
        "improvement": 14.322164817810059,
        "stdev": 0.4429137682745835,
        "robustness": 32.336237533557686
    },
    {
        "edge": "m11->logits",
        "improvement": 4.7166241378784175,
        "stdev": 0.18486847703026266,
        "robustness": 25.51340398128727
    },
    {
        "edge": "input->a0.h4<v>",
        "improvement": 3.6117794165611263,
        "stdev": 1.4013098629788123,
        "robustness": 2.577430953696025
    },
    {
        "edge": "input->m0",
        "improvement": 2.2240141096115114,
        "stdev": 1.1360585601623272,
        "robustness": 1.9576579831357728
    },
    {
        "edge": "a0.h4->m0",
        "improvement": 0.9755968284606933,
        "stdev": 0.66482652975695,
        "robustness": 1.4674456941683058
    },
    {
        "edge": "a11.h6->logits",
        "improvement": 0.5710618095397946,
        "stdev": 0.03497895225953434,
        "robustness": 16.325869491535105
    },
    {
        "edge": "a11.h7->logits",
        "improvement": 0.511297039031982,
        "stdev": 0.03342981519690282,
        "robustness": 15.294641505507101
    },
    {
        "edge": "a11.h9->logits",
        "improvement": 0.5037307510375975,
        "stdev": 0.0328443717585348,
        "robustness": 15.33689713235876
    },
    {
        "edge": "a11.h5->logits",
        "improvement": 0.4809792137145994,
        "stdev": 0.028373589071544872,
        "robustness": 16.951652203808113
    },
    {
        "edge": "m0->m1",
        "improvement": 0.47565519714355453,
        "stdev": 0.3197244197150829,
        "robustness": 1.4877036842147582
    },
    {
        "edge": "a11.h11->logits",
        "improvement": 0.4343950157165528,
        "stdev": 0.043821824606011445,
        "robustness": 9.912755108260892
    },
    {
        "edge": "m2->m3",
        "improvement": 0.38608903884887713,
        "stdev": 0.3392941847226509,
        "robustness": 1.1379182321220087
    },
    {
        "edge": "a11.h4->logits",
        "improvement": 0.3680813140869139,
        "stdev": 0.033413842554999094,
        "robustness": 11.015833138049091
    },
    {
        "edge": "m9->m10",
        "improvement": 0.36436485671997065,
        "stdev": 0.08259580385082624,
        "robustness": 4.411420916467366
    },
    {
        "edge": "a11.h1->logits",
        "improvement": 0.35473802947998045,
        "stdev": 0.02101502725930024,
        "robustness": 16.880207915171297
    },
    {
        "edge": "a11.h0->logits",
        "improvement": 0.3013434371948236,
        "stdev": 0.01727721867438681,
        "robustness": 17.441663665550532
    },
    {
        "edge": "m10->a11.h9<v>",
        "improvement": 0.23573781967163043,
        "stdev": 0.02464437404413574,
        "robustness": 9.565583579012651
    },
    {
        "edge": "m10->a11.h6<v>",
        "improvement": 0.21311010742187442,
        "stdev": 0.0189414448624248,
        "robustness": 11.250995315813146
    },
    {
        "edge": "m10->a11.h5<v>",
        "improvement": 0.2021017150878901,
        "stdev": 0.02565366016672851,
        "robustness": 7.878084989603383
    },
    {
        "edge": "m9->a10.h4<v>",
        "improvement": 0.19588456344604488,
        "stdev": 0.042754425609044404,
        "robustness": 4.581620748159621
    },
    {
        "edge": "a11.h3->logits",
        "improvement": 0.19009785079956032,
        "stdev": 0.011309365344924669,
        "robustness": 16.808887590219285
    },
    {
        "edge": "a11.h5->m11",
        "improvement": 0.17302012252807586,
        "stdev": 0.02606472091346021,
        "robustness": 6.6380961109284575
    },
    {
        "edge": "m10->a11.h4<v>",
        "improvement": 0.1710914878845209,
        "stdev": 0.023778623639781248,
        "robustness": 7.195180447630603
    },
    {
        "edge": "m1->m2",
        "improvement": 0.15916306686401338,
        "stdev": 0.17722100855789963,
        "robustness": 0.8981049603496272
    },
    {
        "edge": "m10->a11.h0<v>",
        "improvement": 0.15586321258544888,
        "stdev": 0.014970140928340175,
        "robustness": 10.411606232135206
    },
    {
        "edge": "a11.h9->m11",
        "improvement": 0.1522536430358885,
        "stdev": 0.032870511482109635,
        "robustness": 4.631921931569433
    },
    {
        "edge": "m10->a11.h11<v>",
        "improvement": 0.14058598327636673,
        "stdev": 0.014026786169713815,
        "robustness": 10.022679577158984
    },
    {
        "edge": "a11.h6->m11",
        "improvement": 0.13490703201293908,
        "stdev": 0.027722311851683126,
        "robustness": 4.8663701907223285
    },
    {
        "edge": "m10->a11.h1<v>",
        "improvement": 0.1336552543640135,
        "stdev": 0.0195315774511835,
        "robustness": 6.843034296541918
    },
    {
        "edge": "a11.h4->m11",
        "improvement": 0.1320559310913083,
        "stdev": 0.024362984805101934,
        "robustness": 5.420351083733141
    },
    {
        "edge": "m9->a10.h1<v>",
        "improvement": 0.12975498962402288,
        "stdev": 0.03687722185855345,
        "robustness": 3.5185673726104447
    },
    {
        "edge": "a0.h4->m1",
        "improvement": 0.12697737312316892,
        "stdev": 0.15570427654516267,
        "robustness": 0.8155034398579195
    },
    {
        "edge": "m0->m2",
        "improvement": 0.12685683822631777,
        "stdev": 0.128296097186286,
        "robustness": 0.9887817401188873
    },
    {
        "edge": "a2.h7->m4",
        "improvement": 0.12343045806884767,
        "stdev": 0.143209655539092,
        "robustness": 0.8618864252149171
    },
    {
        "edge": "m9->a10.h11<v>",
        "improvement": 0.11956510162353506,
        "stdev": 0.015615296269713162,
        "robustness": 7.656921748928902
    },
    {
        "edge": "m9->a10.h8<v>",
        "improvement": 0.11894675064086879,
        "stdev": 0.02883162480389723,
        "robustness": 4.125565293316058
    },
    {
        "edge": "input->m1",
        "improvement": 0.11627075958251964,
        "stdev": 0.15264754666541988,
        "robustness": 0.7616942566222005
    },
    {
        "edge": "m10->a11.h7<v>",
        "improvement": 0.11014523315429692,
        "stdev": 0.017976859407435524,
        "robustness": 6.127056492901037
    },
    {
        "edge": "m9->a10.h10<v>",
        "improvement": 0.10355692291259722,
        "stdev": 0.025751959801935405,
        "robustness": 4.0213220162301715
    },
    {
        "edge": "m9->a10.h6<v>",
        "improvement": 0.1026286544799806,
        "stdev": 0.02691094797621145,
        "robustness": 3.8136395109790096
    },
    {
        "edge": "m10->a11.h3<v>",
        "improvement": 0.09943791580200134,
        "stdev": 0.012737665324656271,
        "robustness": 7.806604528187719
    },
    {
        "edge": "m10->logits",
        "improvement": 0.09414205169677725,
        "stdev": 0.014377434234421806,
        "robustness": 6.547903482763745
    },
    {
        "edge": "a11.h1->m11",
        "improvement": 0.09280568695068325,
        "stdev": 0.021746583744693765,
        "robustness": 4.2675984439775805
    },
    {
        "edge": "a11.h0->m11",
        "improvement": 0.09116613006591745,
        "stdev": 0.017695094566352352,
        "robustness": 5.152056674467965
    },
    {
        "edge": "m9->a10.h3<v>",
        "improvement": 0.08923334503173841,
        "stdev": 0.02730973126613477,
        "robustness": 3.2674559907658836
    },
    {
        "edge": "m3->m4",
        "improvement": 0.06200709533691384,
        "stdev": 0.0864708910509477,
        "robustness": 0.7170863464374381
    },
    {
        "edge": "a10.h1->m10",
        "improvement": 0.06184983825683599,
        "stdev": 0.01717668519364733,
        "robustness": 3.6008017588696735
    },
    {
        "edge": "m0->a1.h11<v>",
        "improvement": 0.052929706573485724,
        "stdev": 0.05376673188036596,
        "robustness": 0.9844322822383428
    },
    {
        "edge": "m0->a1.h3<v>",
        "improvement": 0.05174066925048759,
        "stdev": 0.05810465914332453,
        "robustness": 0.8904736730812046
    },
    {
        "edge": "m0->a1.h4<v>",
        "improvement": 0.050629455566405746,
        "stdev": 0.049499012637758556,
        "robustness": 1.022837686418514
    },
    {
        "edge": "a10.h8->m10",
        "improvement": 0.0004754638671871092,
        "stdev": 0.012803395471816924,
        "robustness": 0.03713576357410105
    }
]