[
    {
        "edge": "full_attack",
        "improvement": 11.226251422882079,
        "stdev": 1.1386674560764156,
        "robustness": 9.859113266980636
    },
    {
        "edge": "input->a0.h4<v>",
        "improvement": 5.374552942156791,
        "stdev": 1.181443737185777,
        "robustness": 4.549139982712241
    },
    {
        "edge": "m11->logits",
        "improvement": 5.346181312561035,
        "stdev": 0.43479993560392494,
        "robustness": 12.29572701094203
    },
    {
        "edge": "input->m0",
        "improvement": 3.703231998562813,
        "stdev": 1.0911117782630348,
        "robustness": 3.3939987381110215
    },
    {
        "edge": "a0.h4->m0",
        "improvement": 2.4457704820632937,
        "stdev": 0.8020283707419387,
        "robustness": 3.0494812543860084
    },
    {
        "edge": "m0->m1",
        "improvement": 1.530742643713951,
        "stdev": 0.4490832984020429,
        "robustness": 3.408594016211999
    },
    {
        "edge": "a11.h6->logits",
        "improvement": 1.1660382974147798,
        "stdev": 0.1120593609750655,
        "robustness": 10.405541199491909
    },
    {
        "edge": "a11.h7->logits",
        "improvement": 1.0577802256345752,
        "stdev": 0.13121569956743243,
        "robustness": 8.061384644685573
    },
    {
        "edge": "a11.h11->logits",
        "improvement": 1.0425591559410097,
        "stdev": 0.14934417091952623,
        "robustness": 6.9809162923592805
    },
    {
        "edge": "a11.h2->logits",
        "improvement": 0.9393672084808351,
        "stdev": 0.11922013773589278,
        "robustness": 7.8792662575328185
    },
    {
        "edge": "a11.h1->logits",
        "improvement": 0.9104970345497132,
        "stdev": 0.12743578150163237,
        "robustness": 7.14475184144455
    },
    {
        "edge": "a11.h10->logits",
        "improvement": 0.815080933570862,
        "stdev": 0.09605426826113637,
        "robustness": 8.485629512630876
    },
    {
        "edge": "a11.h5->logits",
        "improvement": 0.7636395297050478,
        "stdev": 0.08684877812010663,
        "robustness": 8.792749261814372
    },
    {
        "edge": "m1->m3",
        "improvement": 0.5113994293212891,
        "stdev": 0.4248951788495564,
        "robustness": 1.203589625813009
    },
    {
        "edge": "a11.h8->logits",
        "improvement": 0.508365637779236,
        "stdev": 0.057485707971129986,
        "robustness": 8.843339600767262
    },
    {
        "edge": "m0->a2.h7<v>",
        "improvement": 0.4918789310455325,
        "stdev": 0.4399193389922611,
        "robustness": 1.1181116342198028
    },
    {
        "edge": "a11.h0->logits",
        "improvement": 0.4654132146835326,
        "stdev": 0.07269760080372506,
        "robustness": 6.402043664963488
    },
    {
        "edge": "m1->m2",
        "improvement": 0.4413748569488525,
        "stdev": 0.2576466234173142,
        "robustness": 1.7131016548738185
    },
    {
        "edge": "a11.h6->m11",
        "improvement": 0.4209135880470276,
        "stdev": 0.07527688768351554,
        "robustness": 5.591538133413041
    },
    {
        "edge": "m0->m2",
        "improvement": 0.382516432762146,
        "stdev": 0.2110092287495566,
        "robustness": 1.8127948006300163
    },
    {
        "edge": "a0.h4->m1",
        "improvement": 0.34447662973403936,
        "stdev": 0.2035225289323056,
        "robustness": 1.6925724711715677
    },
    {
        "edge": "a11.h3->logits",
        "improvement": 0.3385473327636719,
        "stdev": 0.046805021053574786,
        "robustness": 7.233141341313742
    },
    {
        "edge": "m3->m4",
        "improvement": 0.3053573279380801,
        "stdev": 0.24800792300864313,
        "robustness": 1.2312402129485127
    },
    {
        "edge": "m10->a11.h6<v>",
        "improvement": 0.2924224357604981,
        "stdev": 0.054487179287336956,
        "robustness": 5.366811781876517
    },
    {
        "edge": "m2->m3",
        "improvement": 0.28301235294342053,
        "stdev": 0.24659334933470312,
        "robustness": 1.147688507037899
    },
    {
        "edge": "m10->logits",
        "improvement": 0.27583906173706074,
        "stdev": 0.03958418672534115,
        "robustness": 6.968415535501531
    },
    {
        "edge": "m9->m10",
        "improvement": 0.2706430406570437,
        "stdev": 0.1169655236498606,
        "robustness": 2.3138702090303194
    },
    {
        "edge": "input->m1",
        "improvement": 0.26506325340271,
        "stdev": 0.16756269918484135,
        "robustness": 1.5818750515012536
    },
    {
        "edge": "m10->a11.h5<v>",
        "improvement": 0.2342135715484619,
        "stdev": 0.07283865685047455,
        "robustness": 3.215511950326909
    },
    {
        "edge": "m9->a10.h8<v>",
        "improvement": 0.22173924446105975,
        "stdev": 0.0665073614141729,
        "robustness": 3.334055655586518
    },
    {
        "edge": "m9->a10.h1<v>",
        "improvement": 0.2200090603828433,
        "stdev": 0.06518597864376052,
        "robustness": 3.375097911549145
    },
    {
        "edge": "m2->m4",
        "improvement": 0.19182001018524186,
        "stdev": 0.1673307992404301,
        "robustness": 1.1463520825572842
    },
    {
        "edge": "m4->m5",
        "improvement": 0.18577453756332396,
        "stdev": 0.1260902758021645,
        "robustness": 1.473345477131036
    },
    {
        "edge": "m10->a11.h8<v>",
        "improvement": 0.18136585044860887,
        "stdev": 0.04190238800316996,
        "robustness": 4.32829390140935
    },
    {
        "edge": "m9->a10.h11<v>",
        "improvement": 0.1603360929489135,
        "stdev": 0.04801870923095332,
        "robustness": 3.339033795718093
    },
    {
        "edge": "a10.h8->logits",
        "improvement": 0.15777587032318152,
        "stdev": 0.027296675504386154,
        "robustness": 5.7800397816880436
    },
    {
        "edge": "m0->a1.h4<v>",
        "improvement": 0.14870838642120354,
        "stdev": 0.06823835301982173,
        "robustness": 2.179249349379916
    },
    {
        "edge": "m0->a1.h11<v>",
        "improvement": 0.14504568672180174,
        "stdev": 0.08610253166833112,
        "robustness": 1.6845693606376286
    },
    {
        "edge": "m9->a11.h10<v>",
        "improvement": 0.14183420944213854,
        "stdev": 0.03600157619956828,
        "robustness": 3.9396666594791863
    },
    {
        "edge": "a10.h1->logits",
        "improvement": 0.14152502918243393,
        "stdev": 0.023165350444954547,
        "robustness": 6.109341169637187
    },
    {
        "edge": "m0->a1.h3<v>",
        "improvement": 0.13382032775878905,
        "stdev": 0.07108973683268316,
        "robustness": 1.8824141672341346
    },
    {
        "edge": "m10->a11.h7<v>",
        "improvement": 0.13159644317626995,
        "stdev": 0.04137595354749996,
        "robustness": 3.180505387632845
    },
    {
        "edge": "m1->a2.h6<v>",
        "improvement": 0.12115646934509261,
        "stdev": 0.09245581584796296,
        "robustness": 1.3104256150237843
    },
    {
        "edge": "m10->a11.h11<v>",
        "improvement": 0.1189270324707028,
        "stdev": 0.026250344567637935,
        "robustness": 4.530494148915627
    },
    {
        "edge": "a10.h8->m10",
        "improvement": 0.08763952827453636,
        "stdev": 0.03366107813776991,
        "robustness": 2.6035864898872365
    },
    {
        "edge": "m9->a11.h6<v>",
        "improvement": 0.08757086086273169,
        "stdev": 0.027094870913598645,
        "robustness": 3.2320087865331275
    },
    {
        "edge": "m10->a11.h2<v>",
        "improvement": 0.08577477645874065,
        "stdev": 0.03151845181631697,
        "robustness": 2.7214146481121073
    },
    {
        "edge": "a10.h9->logits",
        "improvement": 0.08356987667083704,
        "stdev": 0.0164873814835797,
        "robustness": 5.068717355394906
    },
    {
        "edge": "a1.h4->m1",
        "improvement": 0.08097915649414045,
        "stdev": 0.039591171970101584,
        "robustness": 2.0453841718879704
    },
    {
        "edge": "m10->a11.h10<v>",
        "improvement": 0.07586290073394775,
        "stdev": 0.032636915687922964,
        "robustness": 2.3244506760183903
    },
    {
        "edge": "a10.h10->logits",
        "improvement": 0.05351487731933613,
        "stdev": 0.01184835907242763,
        "robustness": 4.516648844975575
    }
]