[
    {
        "edge": "full_attack",
        "improvement": 11.29469545173645,
        "stdev": 1.0094848505609584,
        "robustness": 11.188573504060141
    },
    {
        "edge": "input->a0.h4<v>",
        "improvement": 5.426351380109788,
        "stdev": 1.1474684992388529,
        "robustness": 4.728976336787663
    },
    {
        "edge": "m11->logits",
        "improvement": 5.129649764537811,
        "stdev": 0.3301786148425086,
        "robustness": 15.535984264106855
    },
    {
        "edge": "input->m0",
        "improvement": 3.8764952828884125,
        "stdev": 1.070711364784623,
        "robustness": 3.620485791395501
    },
    {
        "edge": "a0.h4->m0",
        "improvement": 2.6786484102606773,
        "stdev": 0.8631355565608634,
        "robustness": 3.103392497157304
    },
    {
        "edge": "m0->m1",
        "improvement": 1.7032855083942415,
        "stdev": 0.47946648650289736,
        "robustness": 3.5524599869691804
    },
    {
        "edge": "a11.h7->logits",
        "improvement": 1.0715420341491702,
        "stdev": 0.13093363111105713,
        "robustness": 8.183856393933615
    },
    {
        "edge": "a11.h6->logits",
        "improvement": 1.056427809715271,
        "stdev": 0.12349821894833733,
        "robustness": 8.55419469779725
    },
    {
        "edge": "a11.h11->logits",
        "improvement": 0.9495664205551146,
        "stdev": 0.12961155442150943,
        "robustness": 7.326248225270349
    },
    {
        "edge": "a11.h2->logits",
        "improvement": 0.9050380978584291,
        "stdev": 0.12059107697234296,
        "robustness": 7.5050171254876155
    },
    {
        "edge": "a11.h10->logits",
        "improvement": 0.8745332098007204,
        "stdev": 0.1140668619707607,
        "robustness": 7.6668472744073
    },
    {
        "edge": "a11.h9->logits",
        "improvement": 0.8736777501106263,
        "stdev": 0.1240522193260233,
        "robustness": 7.04282240863827
    },
    {
        "edge": "a11.h1->logits",
        "improvement": 0.8681714873313906,
        "stdev": 0.13100110706669496,
        "robustness": 6.6272072562668445
    },
    {
        "edge": "a11.h5->logits",
        "improvement": 0.7560056915283204,
        "stdev": 0.10944055375073572,
        "robustness": 6.907911789721168
    },
    {
        "edge": "a11.h4->logits",
        "improvement": 0.7475408554077148,
        "stdev": 0.10061862343005169,
        "robustness": 7.429448246500729
    },
    {
        "edge": "a11.h8->logits",
        "improvement": 0.5980045366287232,
        "stdev": 0.0674887111747123,
        "robustness": 8.86080836661158
    },
    {
        "edge": "m2->m3",
        "improvement": 0.5627596845626832,
        "stdev": 0.3525997501264519,
        "robustness": 1.5960297316173997
    },
    {
        "edge": "m0->a2.h7<v>",
        "improvement": 0.5189249639511111,
        "stdev": 0.4882887525849464,
        "robustness": 1.0627419968286798
    },
    {
        "edge": "m1->m2",
        "improvement": 0.514991972923279,
        "stdev": 0.24542064446094697,
        "robustness": 2.0984052668202824
    },
    {
        "edge": "m1->m3",
        "improvement": 0.46306807327270505,
        "stdev": 0.3446232258771094,
        "robustness": 1.3436937458122231
    },
    {
        "edge": "m0->m2",
        "improvement": 0.4453129663467408,
        "stdev": 0.24531246214824062,
        "robustness": 1.815288805334485
    },
    {
        "edge": "a11.h0->logits",
        "improvement": 0.4126283073425294,
        "stdev": 0.06140247636219865,
        "robustness": 6.72005970750321
    },
    {
        "edge": "a0.h4->m1",
        "improvement": 0.36867149257659904,
        "stdev": 0.21279900888685988,
        "robustness": 1.732486887533451
    },
    {
        "edge": "m9->a10.h6<v>",
        "improvement": 0.3423772172927859,
        "stdev": 0.07624459048467416,
        "robustness": 4.490511590610573
    },
    {
        "edge": "a11.h10->m11",
        "improvement": 0.32700496959686287,
        "stdev": 0.058463489056977826,
        "robustness": 5.593319435283236
    },
    {
        "edge": "m9->a10.h4<v>",
        "improvement": 0.30747940540313756,
        "stdev": 0.09593802073021744,
        "robustness": 3.2049796635661805
    },
    {
        "edge": "input->m1",
        "improvement": 0.2960431404113768,
        "stdev": 0.2087782826656977,
        "robustness": 1.4179786165087407
    },
    {
        "edge": "m10->a11.h11<v>",
        "improvement": 0.2932724571228027,
        "stdev": 0.06591865063284949,
        "robustness": 4.449005771617769
    },
    {
        "edge": "m3->m4",
        "improvement": 0.2880744037628178,
        "stdev": 0.20037734475768162,
        "robustness": 1.4376595523370623
    },
    {
        "edge": "m10->a11.h7<v>",
        "improvement": 0.23237485599517793,
        "stdev": 0.041850186932688015,
        "robustness": 5.552540455050546
    },
    {
        "edge": "m10->a11.h6<v>",
        "improvement": 0.21688749122619644,
        "stdev": 0.04665506427092055,
        "robustness": 4.648744881515025
    },
    {
        "edge": "m10->a11.h9<v>",
        "improvement": 0.21355323982238783,
        "stdev": 0.05371999977422461,
        "robustness": 3.975302321666293
    },
    {
        "edge": "a11.h3->logits",
        "improvement": 0.21235298919677703,
        "stdev": 0.040554905690150606,
        "robustness": 5.236185008521677
    },
    {
        "edge": "m10->logits",
        "improvement": 0.19604519176483137,
        "stdev": 0.04846165389198004,
        "robustness": 4.045367337272719
    },
    {
        "edge": "m9->a10.h8<v>",
        "improvement": 0.19558442211151128,
        "stdev": 0.04595572677097348,
        "robustness": 4.25593143344751
    },
    {
        "edge": "m9->a10.h10<v>",
        "improvement": 0.1929645500183108,
        "stdev": 0.05749908781564323,
        "robustness": 3.355958456888994
    },
    {
        "edge": "m4->m5",
        "improvement": 0.18467625236511243,
        "stdev": 0.13141558868175585,
        "robustness": 1.4052842148912479
    },
    {
        "edge": "m10->a11.h5<v>",
        "improvement": 0.18196536540985075,
        "stdev": 0.07317091289831099,
        "robustness": 2.486853835795878
    },
    {
        "edge": "a10.h6->logits",
        "improvement": 0.1809911975860592,
        "stdev": 0.04747519292661869,
        "robustness": 3.8123320081250247
    },
    {
        "edge": "m0->a1.h4<v>",
        "improvement": 0.15883634567260785,
        "stdev": 0.07770608385353615,
        "robustness": 2.044065764168345
    },
    {
        "edge": "m0->a1.h11<v>",
        "improvement": 0.15795237255096417,
        "stdev": 0.08564397231821777,
        "robustness": 1.8442905936693144
    },
    {
        "edge": "m10->a11.h10<v>",
        "improvement": 0.1551892013549807,
        "stdev": 0.03917692419752648,
        "robustness": 3.961240054796821
    },
    {
        "edge": "m10->a11.h4<v>",
        "improvement": 0.1444035472869878,
        "stdev": 0.041070236090181345,
        "robustness": 3.5160145407956476
    },
    {
        "edge": "a10.h4->m10",
        "improvement": 0.1432741813659666,
        "stdev": 0.05307214277802676,
        "robustness": 2.699611771192435
    },
    {
        "edge": "m0->a1.h3<v>",
        "improvement": 0.13788052177429222,
        "stdev": 0.08557176374715951,
        "robustness": 1.6112852620601625
    },
    {
        "edge": "m9->a11.h11<v>",
        "improvement": 0.1261395416259763,
        "stdev": 0.0326419585192882,
        "robustness": 3.864337415643739
    },
    {
        "edge": "m1->a2.h6<v>",
        "improvement": 0.12145339679717981,
        "stdev": 0.06896998194092953,
        "robustness": 1.760960252261637
    },
    {
        "edge": "a10.h2->logits",
        "improvement": 0.11366119670867914,
        "stdev": 0.019722056234266018,
        "robustness": 5.763151436065723
    },
    {
        "edge": "a1.h4->m1",
        "improvement": 0.08874302291870162,
        "stdev": 0.04845338606126527,
        "robustness": 1.831513339573285
    },
    {
        "edge": "a1.h3->m1",
        "improvement": 0.08062714195251441,
        "stdev": 0.052744356584919064,
        "robustness": 1.5286401649947843
    },
    {
        "edge": "m0->a1.h10<v>",
        "improvement": -0.08052389240264901,
        "stdev": 0.3808100753745536,
        "robustness": -0.21145420672876913
    }
]