[
    {
        "edge": "full_attack",
        "improvement": 13.268450931549072,
        "stdev": 0.797054326594033,
        "robustness": 16.6468589264771
    },
    {
        "edge": "input->a0.h4<v>",
        "improvement": 6.4240939137935635,
        "stdev": 1.4623192937694356,
        "robustness": 4.39308565589264
    },
    {
        "edge": "input->m0",
        "improvement": 4.052533073425293,
        "stdev": 1.2806699959317334,
        "robustness": 3.1643851158369096
    },
    {
        "edge": "m11->logits",
        "improvement": 3.4947415971755977,
        "stdev": 0.16381911684470585,
        "robustness": 21.33292905301447
    },
    {
        "edge": "a0.h4->m0",
        "improvement": 2.905220415353775,
        "stdev": 0.9932083628487864,
        "robustness": 2.9250865417814524
    },
    {
        "edge": "a11.h4->logits",
        "improvement": 1.3477295265197755,
        "stdev": 0.11027217452972299,
        "robustness": 12.221845921397929
    },
    {
        "edge": "a11.h2->logits",
        "improvement": 1.0956902065277099,
        "stdev": 0.08966728226833594,
        "robustness": 12.219509488965846
    },
    {
        "edge": "a11.h3->logits",
        "improvement": 0.9081782131195064,
        "stdev": 0.08051047174801433,
        "robustness": 11.280249555138214
    },
    {
        "edge": "a11.h9->logits",
        "improvement": 0.8598231334686277,
        "stdev": 0.09188995176152916,
        "robustness": 9.357096363485121
    },
    {
        "edge": "m0->m1",
        "improvement": 0.8589976329803468,
        "stdev": 0.36484387412798314,
        "robustness": 2.354425259389226
    },
    {
        "edge": "m9->m10",
        "improvement": 0.7143295803070062,
        "stdev": 0.18969592111457179,
        "robustness": 3.7656559830591627
    },
    {
        "edge": "m10->a11.h4<v>",
        "improvement": 0.6784987201690669,
        "stdev": 0.0957431814437726,
        "robustness": 7.086653168795429
    },
    {
        "edge": "m9->a10.h10<v>",
        "improvement": 0.5317706718444821,
        "stdev": 0.0771807578109223,
        "robustness": 6.889938462993792
    },
    {
        "edge": "m10->a11.h2<v>",
        "improvement": 0.49609454727172864,
        "stdev": 0.06898980092765457,
        "robustness": 7.190838944323857
    },
    {
        "edge": "m10->a11.h3<v>",
        "improvement": 0.4695157184600829,
        "stdev": 0.052748524935917196,
        "robustness": 8.901020815851917
    },
    {
        "edge": "a11.h8->logits",
        "improvement": 0.4664048633575435,
        "stdev": 0.04623885660030465,
        "robustness": 10.08685978957513
    },
    {
        "edge": "m10->a11.h8<v>",
        "improvement": 0.4398454742431639,
        "stdev": 0.035269681913176754,
        "robustness": 12.470922627709824
    },
    {
        "edge": "a11.h5->logits",
        "improvement": 0.43929841232299793,
        "stdev": 0.06189626884336766,
        "robustness": 7.097332691162205
    },
    {
        "edge": "m9->a10.h2<v>",
        "improvement": 0.3991133842468262,
        "stdev": 0.07529204375957087,
        "robustness": 5.300870640745387
    },
    {
        "edge": "m10->logits",
        "improvement": 0.3966516437530512,
        "stdev": 0.04569781626546934,
        "robustness": 8.679881801108584
    },
    {
        "edge": "a11.h7->logits",
        "improvement": 0.39383344650268537,
        "stdev": 0.026215621268293774,
        "robustness": 15.022853834824177
    },
    {
        "edge": "m10->a11.h7<v>",
        "improvement": 0.34835441207885687,
        "stdev": 0.0357038822244056,
        "robustness": 9.756765661767089
    },
    {
        "edge": "m9->a10.h6<v>",
        "improvement": 0.3270090675353998,
        "stdev": 0.07292605595940632,
        "robustness": 4.484118374884098
    },
    {
        "edge": "a11.h1->logits",
        "improvement": 0.32610411834716757,
        "stdev": 0.03181318275273642,
        "robustness": 10.250597083660788
    },
    {
        "edge": "m0->m2",
        "improvement": 0.31405921173095663,
        "stdev": 0.22071063743699812,
        "robustness": 1.4229455153497297
    },
    {
        "edge": "m10->a11.h9<v>",
        "improvement": 0.30471354484558066,
        "stdev": 0.03614573960073047,
        "robustness": 8.43013722257388
    },
    {
        "edge": "m0->a2.h7<v>",
        "improvement": 0.2949337806701662,
        "stdev": 0.32441184522383093,
        "robustness": 0.9091338217526364
    },
    {
        "edge": "a1.h10->m2",
        "improvement": 0.29429720115661606,
        "stdev": 0.2962444360752903,
        "robustness": 0.9934269316768558
    },
    {
        "edge": "a10.h10->logits",
        "improvement": 0.2730854530334472,
        "stdev": 0.03602609267104853,
        "robustness": 7.580212917536447
    },
    {
        "edge": "a10.h2->m10",
        "improvement": 0.2667661056518549,
        "stdev": 0.05306715698590029,
        "robustness": 5.026953030906356
    },
    {
        "edge": "a11.h3->m11",
        "improvement": 0.2066387462615964,
        "stdev": 0.03842962800423283,
        "robustness": 5.377068605473782
    },
    {
        "edge": "a0.h4->m1",
        "improvement": 0.2035382785797113,
        "stdev": 0.12842183917298483,
        "robustness": 1.5849195112798864
    },
    {
        "edge": "m9->a10.h5<v>",
        "improvement": 0.20273633575439476,
        "stdev": 0.03776181731831659,
        "robustness": 5.368818297207754
    },
    {
        "edge": "m3->m4",
        "improvement": 0.1861609020233148,
        "stdev": 0.14536619867444467,
        "robustness": 1.280634038179894
    },
    {
        "edge": "a11.h11->logits",
        "improvement": 0.18229747390747075,
        "stdev": 0.019473286822445587,
        "robustness": 9.361412665957776
    },
    {
        "edge": "a11.h9->m11",
        "improvement": 0.18085173034667967,
        "stdev": 0.03510010696824299,
        "robustness": 5.152455247794721
    },
    {
        "edge": "m10->a11.h1<v>",
        "improvement": 0.17560959243774388,
        "stdev": 0.0349878930347937,
        "robustness": 5.0191531185690135
    },
    {
        "edge": "input->m1",
        "improvement": 0.17237828826904256,
        "stdev": 0.12712365435020168,
        "robustness": 1.355989089128707
    },
    {
        "edge": "m9->a10.h1<v>",
        "improvement": 0.150251104354858,
        "stdev": 0.0487469987332787,
        "robustness": 3.0822636933396326
    },
    {
        "edge": "m9->a11.h9<v>",
        "improvement": 0.13519112777709985,
        "stdev": 0.03851775723583122,
        "robustness": 3.5098390321474384
    },
    {
        "edge": "m10->m11",
        "improvement": 0.13370001792907704,
        "stdev": 0.02185853431057821,
        "robustness": 6.116604893511744
    },
    {
        "edge": "m9->a11.h3<v>",
        "improvement": 0.11168305015563984,
        "stdev": 0.029957675838523955,
        "robustness": 3.728027860292869
    },
    {
        "edge": "m0->a1.h4<v>",
        "improvement": 0.10048382949829104,
        "stdev": 0.07207470311087652,
        "robustness": 1.3941622394713327
    },
    {
        "edge": "a10.h2->logits",
        "improvement": 0.09931332015991234,
        "stdev": 0.011688992354676027,
        "robustness": 8.496311499441042
    },
    {
        "edge": "m0->a1.h11<v>",
        "improvement": 0.0964419937133787,
        "stdev": 0.07810479887171855,
        "robustness": 1.234776801253629
    },
    {
        "edge": "a10.h1->logits",
        "improvement": 0.09499305725097607,
        "stdev": 0.008660050077849764,
        "robustness": 10.969111771529414
    },
    {
        "edge": "m0->a1.h3<v>",
        "improvement": 0.08700516510009759,
        "stdev": 0.05957177095256763,
        "robustness": 1.4605099648518598
    },
    {
        "edge": "a10.h5->m10",
        "improvement": 0.07734906387329055,
        "stdev": 0.044038877337202166,
        "robustness": 1.756381373690227
    },
    {
        "edge": "m10->a11.h7<k>",
        "improvement": 0.003974134445190458,
        "stdev": 0.01765759033281068,
        "robustness": 0.22506663538375726
    },
    {
        "edge": "m10->a11.h6<k>",
        "improvement": 0.002073192596435014,
        "stdev": 0.00816935078589026,
        "robustness": 0.25377690966774746
    },
    {
        "edge": "m10->a11.h5<k>",
        "improvement": -0.012750938415527102,
        "stdev": 0.00917831632076765,
        "robustness": -1.3892459106770738
    }
]