[
    {
        "edge": "full_attack",
        "improvement": 14.633699268341065,
        "stdev": 0.26344327590026023,
        "robustness": 55.54781847566074
    },
    {
        "edge": "m11->logits",
        "improvement": 3.6382818164825443,
        "stdev": 0.1097046238232482,
        "robustness": 33.16434339490012
    },
    {
        "edge": "input->a0.h4<v>",
        "improvement": 3.5700643272399906,
        "stdev": 1.4636943456589324,
        "robustness": 2.4390777608919456
    },
    {
        "edge": "input->m0",
        "improvement": 2.0086962947845466,
        "stdev": 1.080808215916896,
        "robustness": 1.8585131619123412
    },
    {
        "edge": "a0.h4->m0",
        "improvement": 1.191305528640747,
        "stdev": 0.7073702279744629,
        "robustness": 1.6841329780757395
    },
    {
        "edge": "a11.h2->logits",
        "improvement": 0.7730335922241212,
        "stdev": 0.041305057446180994,
        "robustness": 18.715228594739425
    },
    {
        "edge": "a11.h4->logits",
        "improvement": 0.7569689407348639,
        "stdev": 0.035573437408855754,
        "robustness": 21.279049646926214
    },
    {
        "edge": "a11.h9->logits",
        "improvement": 0.7376064910888678,
        "stdev": 0.037390580676639446,
        "robustness": 19.72706702438839
    },
    {
        "edge": "a11.h3->logits",
        "improvement": 0.6573845634460449,
        "stdev": 0.0373807889980298,
        "robustness": 17.586160727658612
    },
    {
        "edge": "a11.h0->logits",
        "improvement": 0.5099353408813476,
        "stdev": 0.028151464302034995,
        "robustness": 18.113989929983347
    },
    {
        "edge": "m0->m1",
        "improvement": 0.4236577262878418,
        "stdev": 0.18703743262103728,
        "robustness": 2.265095924120327
    },
    {
        "edge": "m10->a11.h4<v>",
        "improvement": 0.3468938255310059,
        "stdev": 0.02393231597440829,
        "robustness": 14.494787128080388
    },
    {
        "edge": "a11.h6->logits",
        "improvement": 0.3434251937866213,
        "stdev": 0.01849099254805938,
        "robustness": 18.57256677239122
    },
    {
        "edge": "a11.h7->logits",
        "improvement": 0.3092118377685553,
        "stdev": 0.019653112898428117,
        "robustness": 15.733478933675006
    },
    {
        "edge": "a11.h5->logits",
        "improvement": 0.3069079132080077,
        "stdev": 0.027110902450867686,
        "robustness": 11.32046097558752
    },
    {
        "edge": "m10->a11.h2<v>",
        "improvement": 0.29966316223144585,
        "stdev": 0.02957970205016305,
        "robustness": 10.130702524429045
    },
    {
        "edge": "m9->a10.h6<v>",
        "improvement": 0.29833848571777377,
        "stdev": 0.05153308663180237,
        "robustness": 5.789260943156111
    },
    {
        "edge": "m10->a11.h0<v>",
        "improvement": 0.280781810760498,
        "stdev": 0.022586500864290367,
        "robustness": 12.431399287900266
    },
    {
        "edge": "a11.h1->logits",
        "improvement": 0.2740794143676757,
        "stdev": 0.019182760730312224,
        "robustness": 14.28779820699013
    },
    {
        "edge": "a11.h8->logits",
        "improvement": 0.26809771347045963,
        "stdev": 0.023181146286933615,
        "robustness": 11.565334610807264
    },
    {
        "edge": "m10->a11.h7<v>",
        "improvement": 0.233619968414307,
        "stdev": 0.022203402597437003,
        "robustness": 10.521809321300797
    },
    {
        "edge": "m9->a10.h4<v>",
        "improvement": 0.22142192077636746,
        "stdev": 0.03829973181392098,
        "robustness": 5.781291677240575
    },
    {
        "edge": "m10->a11.h5<v>",
        "improvement": 0.2184334373474126,
        "stdev": 0.022117308988362464,
        "robustness": 9.87613083772291
    },
    {
        "edge": "m10->a11.h6<v>",
        "improvement": 0.21471310806274424,
        "stdev": 0.02722153580594848,
        "robustness": 7.887619184800914
    },
    {
        "edge": "m10->a11.h9<v>",
        "improvement": 0.21124496459960973,
        "stdev": 0.018607521399957794,
        "robustness": 11.35266541196018
    },
    {
        "edge": "a11.h10->logits",
        "improvement": 0.2088736381530767,
        "stdev": 0.006501480359442755,
        "robustness": 32.127089002077575
    },
    {
        "edge": "m9->m10",
        "improvement": 0.19318279647827197,
        "stdev": 0.05776885338500713,
        "robustness": 3.3440649270080387
    },
    {
        "edge": "a11.h11->logits",
        "improvement": 0.1885720787048344,
        "stdev": 0.0072499167953524075,
        "robustness": 26.010240396926953
    },
    {
        "edge": "m9->a10.h10<v>",
        "improvement": 0.17237055206298812,
        "stdev": 0.029386379792237186,
        "robustness": 5.865661346571249
    },
    {
        "edge": "m2->m3",
        "improvement": 0.17121578216552802,
        "stdev": 0.2515398848974179,
        "robustness": 0.6806705116977875
    },
    {
        "edge": "m0->m2",
        "improvement": 0.15135616302490273,
        "stdev": 0.10708161853308802,
        "robustness": 1.4134654023569317
    },
    {
        "edge": "m1->a2.h7<v>",
        "improvement": 0.145290298461914,
        "stdev": 0.1274929509853488,
        "robustness": 1.139594756721965
    },
    {
        "edge": "m10->a11.h3<v>",
        "improvement": 0.13927573013305672,
        "stdev": 0.027584163465735802,
        "robustness": 5.049119227634391
    },
    {
        "edge": "m10->logits",
        "improvement": 0.1359577598571784,
        "stdev": 0.025501968407301432,
        "robustness": 5.331265323748599
    },
    {
        "edge": "m10->a11.h1<v>",
        "improvement": 0.13305084609985407,
        "stdev": 0.015132301919718741,
        "robustness": 8.792505383895158
    },
    {
        "edge": "m9->a11.h9<v>",
        "improvement": 0.09604167175293021,
        "stdev": 0.013798626143236152,
        "robustness": 6.960234356375267
    },
    {
        "edge": "m3->m4",
        "improvement": 0.09390232467651405,
        "stdev": 0.07481719701226008,
        "robustness": 1.2550901186678585
    },
    {
        "edge": "a0.h4->m1",
        "improvement": 0.08501145553588874,
        "stdev": 0.06402012473444127,
        "robustness": 1.3278864402173625
    },
    {
        "edge": "input->m1",
        "improvement": 0.0791640815734862,
        "stdev": 0.06511432114251155,
        "robustness": 1.2157706658758654
    },
    {
        "edge": "m1->a3.h8<v>",
        "improvement": 0.06697610473632842,
        "stdev": 0.056808735956691586,
        "robustness": 1.1789754446813951
    },
    {
        "edge": "a10.h4->logits",
        "improvement": 0.06475449752807627,
        "stdev": 0.011209784370031969,
        "robustness": 5.776605096989176
    },
    {
        "edge": "m4->m5",
        "improvement": 0.0632073135375979,
        "stdev": 0.04091992393719768,
        "robustness": 1.5446586272888985
    },
    {
        "edge": "a10.h8->logits",
        "improvement": 0.053414901733398246,
        "stdev": 0.00571935663152566,
        "robustness": 9.339319992561753
    },
    {
        "edge": "m9->a10.h1<v>",
        "improvement": 0.05199058532714851,
        "stdev": 0.024226238773292462,
        "robustness": 2.146044452614909
    },
    {
        "edge": "m0->a1.h4<v>",
        "improvement": 0.041352863311767685,
        "stdev": 0.027402260685724808,
        "robustness": 1.5091040767052637
    },
    {
        "edge": "m0->a1.h11<v>",
        "improvement": 0.04094488525390627,
        "stdev": 0.030513728833638305,
        "robustness": 1.3418512525014206
    },
    {
        "edge": "m0->a1.h3<v>",
        "improvement": 0.03724001312255876,
        "stdev": 0.026665144117753524,
        "robustness": 1.396580230660165
    },
    {
        "edge": "a10.h4->m10",
        "improvement": 0.03193987274169974,
        "stdev": 0.012652058361445529,
        "robustness": 2.5244803516738226
    },
    {
        "edge": "a1.h4->m1",
        "improvement": 0.0204015045166015,
        "stdev": 0.017545710433269354,
        "robustness": 1.162763092106953
    },
    {
        "edge": "a10.h9->logits",
        "improvement": 0.016031337738037443,
        "stdev": 0.002159896638858924,
        "robustness": 7.422270792785167
    },
    {
        "edge": "a10.h11->logits",
        "improvement": 0.011525066375732251,
        "stdev": 0.0028231982758435397,
        "robustness": 4.0822730993942296
    }
]