[
    {
        "edge": "full_attack",
        "improvement": 13.5036944065094,
        "stdev": 0.815672297393053,
        "robustness": 16.555293651222645
    },
    {
        "edge": "input->a0.h4<v>",
        "improvement": 6.076551332354546,
        "stdev": 1.567278676727657,
        "robustness": 3.8771352042138814
    },
    {
        "edge": "m11->logits",
        "improvement": 4.378552281618118,
        "stdev": 0.1800407249092412,
        "robustness": 24.319788113635695
    },
    {
        "edge": "input->m0",
        "improvement": 3.4964368965625763,
        "stdev": 1.398945600776331,
        "robustness": 2.499337282752284
    },
    {
        "edge": "a0.h4->m0",
        "improvement": 2.352611734867096,
        "stdev": 1.091541144073686,
        "robustness": 2.1553120078342003
    },
    {
        "edge": "a11.h4->logits",
        "improvement": 1.23632421875,
        "stdev": 0.10803837963099784,
        "robustness": 11.443379870862854
    },
    {
        "edge": "a11.h2->logits",
        "improvement": 1.1813863525390627,
        "stdev": 0.10593524167904962,
        "robustness": 11.151967313373303
    },
    {
        "edge": "a11.h3->logits",
        "improvement": 0.9946399250030522,
        "stdev": 0.1000819650305027,
        "robustness": 9.938253357634501
    },
    {
        "edge": "m0->m1",
        "improvement": 0.9798519544601438,
        "stdev": 0.4474500262061072,
        "robustness": 2.1898578546708998
    },
    {
        "edge": "m9->m10",
        "improvement": 0.8347202262878417,
        "stdev": 0.27965156274974173,
        "robustness": 2.9848580786756664
    },
    {
        "edge": "a11.h9->logits",
        "improvement": 0.7779783821105957,
        "stdev": 0.08673564973446571,
        "robustness": 8.96953426292781
    },
    {
        "edge": "m10->a11.h4<v>",
        "improvement": 0.7399763011932379,
        "stdev": 0.07207834847110178,
        "robustness": 10.266277139936342
    },
    {
        "edge": "a11.h0->logits",
        "improvement": 0.7290436305999757,
        "stdev": 0.056381409899335364,
        "robustness": 12.930567573631567
    },
    {
        "edge": "m10->a11.h7<v>",
        "improvement": 0.5875345726013181,
        "stdev": 0.05645574750324631,
        "robustness": 10.406993062443
    },
    {
        "edge": "m1->m3",
        "improvement": 0.5343287715911869,
        "stdev": 0.45508624041106704,
        "robustness": 1.1741264053787743
    },
    {
        "edge": "m10->a11.h0<v>",
        "improvement": 0.49962117767334036,
        "stdev": 0.05503040852254959,
        "robustness": 9.079001793501362
    },
    {
        "edge": "a11.h8->logits",
        "improvement": 0.48518011093139624,
        "stdev": 0.040239852216580274,
        "robustness": 12.05720409508573
    },
    {
        "edge": "m10->a11.h5<v>",
        "improvement": 0.4818900699615476,
        "stdev": 0.05335824464260988,
        "robustness": 9.031220445672764
    },
    {
        "edge": "a11.h5->logits",
        "improvement": 0.45861350631713904,
        "stdev": 0.04515306007534489,
        "robustness": 10.156864353199344
    },
    {
        "edge": "a11.h7->logits",
        "improvement": 0.45744936752319365,
        "stdev": 0.03134582768483687,
        "robustness": 14.593628604181946
    },
    {
        "edge": "a11.h1->logits",
        "improvement": 0.3888564147949216,
        "stdev": 0.03440474721695083,
        "robustness": 11.30240580879305
    },
    {
        "edge": "a11.h4->m11",
        "improvement": 0.3525268096923826,
        "stdev": 0.063615173732417,
        "robustness": 5.541552258824408
    },
    {
        "edge": "m0->m2",
        "improvement": 0.3274269599914552,
        "stdev": 0.22631826296772625,
        "robustness": 1.4467544761871356
    },
    {
        "edge": "m10->a11.h2<v>",
        "improvement": 0.3086882743835453,
        "stdev": 0.06344391147966533,
        "robustness": 4.865530311485985
    },
    {
        "edge": "m9->a10.h10<v>",
        "improvement": 0.28188376235961954,
        "stdev": 0.06039467386039412,
        "robustness": 4.667361281082677
    },
    {
        "edge": "m10->a11.h8<v>",
        "improvement": 0.27967065811157266,
        "stdev": 0.045304976687905056,
        "robustness": 6.17306703495635
    },
    {
        "edge": "a11.h6->logits",
        "improvement": 0.2789395484924322,
        "stdev": 0.029997167326610303,
        "robustness": 9.298862971137499
    },
    {
        "edge": "m3->m4",
        "improvement": 0.27890473556518547,
        "stdev": 0.23738062855228467,
        "robustness": 1.1749262661664697
    },
    {
        "edge": "a11.h0->m11",
        "improvement": 0.2574207763671881,
        "stdev": 0.05955137424640801,
        "robustness": 4.322667270482261
    },
    {
        "edge": "m10->a11.h3<v>",
        "improvement": 0.2556958255767823,
        "stdev": 0.07535111902052444,
        "robustness": 3.3933912183458728
    },
    {
        "edge": "m10->logits",
        "improvement": 0.2399026451110844,
        "stdev": 0.046441530696738405,
        "robustness": 5.165692032797979
    },
    {
        "edge": "m10->a11.h6<v>",
        "improvement": 0.2343390464782713,
        "stdev": 0.02954000546455371,
        "robustness": 7.932938494526162
    },
    {
        "edge": "a0.h4->m1",
        "improvement": 0.21977449417114236,
        "stdev": 0.149212596910118,
        "robustness": 1.4728950418544695
    },
    {
        "edge": "m9->a10.h1<v>",
        "improvement": 0.18545103645324712,
        "stdev": 0.05523094806554335,
        "robustness": 3.357737698675202
    },
    {
        "edge": "a11.h5->m11",
        "improvement": 0.17823782157897927,
        "stdev": 0.031141781869316962,
        "robustness": 5.7234304166323735
    },
    {
        "edge": "input->m1",
        "improvement": 0.17127711296081571,
        "stdev": 0.12372859161995232,
        "robustness": 1.3842969577065465
    },
    {
        "edge": "m2->m4",
        "improvement": 0.16876032829284693,
        "stdev": 0.18745827667823717,
        "robustness": 0.9002554130086007
    },
    {
        "edge": "a11.h10->logits",
        "improvement": 0.16834181785583535,
        "stdev": 0.01517904491214618,
        "robustness": 11.09040910216487
    },
    {
        "edge": "m9->a10.h5<v>",
        "improvement": 0.16694600296020567,
        "stdev": 0.06672310144431863,
        "robustness": 2.5020719862598786
    },
    {
        "edge": "m10->a11.h9<v>",
        "improvement": 0.1604943695068357,
        "stdev": 0.0260979687177557,
        "robustness": 6.149688170851538
    },
    {
        "edge": "a11.h8->m11",
        "improvement": 0.15320298767089824,
        "stdev": 0.031999752677319186,
        "robustness": 4.787630367514859
    },
    {
        "edge": "m10->a11.h1<v>",
        "improvement": 0.14828262519836422,
        "stdev": 0.03441089810755789,
        "robustness": 4.309176259651181
    },
    {
        "edge": "m0->a1.h4<v>",
        "improvement": 0.09599105262756336,
        "stdev": 0.07761176786893913,
        "robustness": 1.236810541278493
    },
    {
        "edge": "a10.h1->logits",
        "improvement": 0.08766149902343745,
        "stdev": 0.01204619007138102,
        "robustness": 7.277114050499754
    },
    {
        "edge": "a10.h8->logits",
        "improvement": 0.08426338958740232,
        "stdev": 0.01564958872839715,
        "robustness": 5.384383644184921
    },
    {
        "edge": "a11.h10->m11",
        "improvement": 0.08054025840759316,
        "stdev": 0.017758031104931443,
        "robustness": 4.535427262835853
    },
    {
        "edge": "m0->a1.h11<v>",
        "improvement": 0.07755187988281254,
        "stdev": 0.06117275917595447,
        "robustness": 1.2677518707264115
    },
    {
        "edge": "m9->a11.h2<v>",
        "improvement": 0.07703642272949196,
        "stdev": 0.03208138292000668,
        "robustness": 2.401281232843934
    },
    {
        "edge": "m0->a1.h3<v>",
        "improvement": 0.07434325599670455,
        "stdev": 0.0649725014053414,
        "robustness": 1.14422647102506
    },
    {
        "edge": "m10->a11.h6<k>",
        "improvement": 0.041269598007202646,
        "stdev": 0.013617727935487335,
        "robustness": 3.0305788309704353
    },
    {
        "edge": "a11.h11->logits",
        "improvement": 0.037263019561767585,
        "stdev": 0.0076006556428442435,
        "robustness": 4.902605947797338
    }
]