[
    {
        "edge": "full_attack",
        "improvement": 12.489324625015259,
        "stdev": 0.9919110257402005,
        "robustness": 12.591174309908759
    },
    {
        "edge": "input->a0.h4<v>",
        "improvement": 6.08886423265934,
        "stdev": 1.544764115215526,
        "robustness": 3.9416142391486217
    },
    {
        "edge": "input->m0",
        "improvement": 3.8484297075271607,
        "stdev": 1.2275039912914352,
        "robustness": 3.1351667569555484
    },
    {
        "edge": "m11->logits",
        "improvement": 3.7866476467847825,
        "stdev": 0.2203513527876323,
        "robustness": 17.18458996906742
    },
    {
        "edge": "a0.h4->m0",
        "improvement": 2.96645187830925,
        "stdev": 1.0609919514801363,
        "robustness": 2.7959230738469816
    },
    {
        "edge": "a11.h3->logits",
        "improvement": 1.0046141376495363,
        "stdev": 0.09817528825444966,
        "robustness": 10.232861604091125
    },
    {
        "edge": "m0->m1",
        "improvement": 0.9157559700012206,
        "stdev": 0.34070953853358366,
        "robustness": 2.6877908201297824
    },
    {
        "edge": "a11.h9->logits",
        "improvement": 0.8557312698364257,
        "stdev": 0.0855244080045744,
        "robustness": 10.005696500005653
    },
    {
        "edge": "a11.h0->logits",
        "improvement": 0.6984342508316042,
        "stdev": 0.08826296111003053,
        "robustness": 7.913106948235295
    },
    {
        "edge": "a11.h1->logits",
        "improvement": 0.6591617012023923,
        "stdev": 0.05940300020413549,
        "robustness": 11.096437872451146
    },
    {
        "edge": "a11.h5->logits",
        "improvement": 0.5274794797897338,
        "stdev": 0.0702929378520108,
        "robustness": 7.504018126262519
    },
    {
        "edge": "m9->a10.h10<v>",
        "improvement": 0.5145901212692259,
        "stdev": 0.09375581569032977,
        "robustness": 5.4886208122692715
    },
    {
        "edge": "m10->a11.h7<v>",
        "improvement": 0.5104702615737917,
        "stdev": 0.0581951747041249,
        "robustness": 8.771693944886627
    },
    {
        "edge": "m10->a11.h3<v>",
        "improvement": 0.43665383052825923,
        "stdev": 0.08261655006979796,
        "robustness": 5.285307001555446
    },
    {
        "edge": "a11.h8->logits",
        "improvement": 0.42796363258361847,
        "stdev": 0.05244201885178732,
        "robustness": 8.160700940845505
    },
    {
        "edge": "a11.h7->logits",
        "improvement": 0.39855196762084955,
        "stdev": 0.036439733051762714,
        "robustness": 10.937291089775703
    },
    {
        "edge": "m0->m2",
        "improvement": 0.3907694005966187,
        "stdev": 0.19540809365875636,
        "robustness": 1.9997605691759333
    },
    {
        "edge": "m10->a11.h9<v>",
        "improvement": 0.37244331550598186,
        "stdev": 0.06270825298778342,
        "robustness": 5.939303006552262
    },
    {
        "edge": "m10->a11.h5<v>",
        "improvement": 0.3595082511901859,
        "stdev": 0.058920778263533646,
        "robustness": 6.101552996843005
    },
    {
        "edge": "m1->a2.h7<v>",
        "improvement": 0.33279990005493154,
        "stdev": 0.2615496158406938,
        "robustness": 1.2724159390761074
    },
    {
        "edge": "m10->a11.h1<v>",
        "improvement": 0.32511794090271007,
        "stdev": 0.05166441722997414,
        "robustness": 6.2928792839278636
    },
    {
        "edge": "m10->a11.h2<v>",
        "improvement": 0.31774259376525915,
        "stdev": 0.06714230417261365,
        "robustness": 4.7323754774394775
    },
    {
        "edge": "m10->a11.h0<v>",
        "improvement": 0.305788009643555,
        "stdev": 0.06277728137763794,
        "robustness": 4.870997961891363
    },
    {
        "edge": "a11.h6->logits",
        "improvement": 0.2985431938171388,
        "stdev": 0.03378221866743416,
        "robustness": 8.837287945949285
    },
    {
        "edge": "a10.h10->logits",
        "improvement": 0.2970361766815186,
        "stdev": 0.05265214520518322,
        "robustness": 5.641482897306101
    },
    {
        "edge": "a11.h3->m11",
        "improvement": 0.2961835956573484,
        "stdev": 0.03713221893059547,
        "robustness": 7.976458293832393
    },
    {
        "edge": "m1->m3",
        "improvement": 0.2590967979431156,
        "stdev": 0.20413834709883683,
        "robustness": 1.2692215922453303
    },
    {
        "edge": "m10->a11.h6<v>",
        "improvement": 0.23958968544006343,
        "stdev": 0.04646192965466168,
        "robustness": 5.156688222397681
    },
    {
        "edge": "a1.h10->m2",
        "improvement": 0.2389880409240721,
        "stdev": 0.2255073547531595,
        "robustness": 1.0597793636738304
    },
    {
        "edge": "a11.h11->logits",
        "improvement": 0.21396976470947227,
        "stdev": 0.038506716338015994,
        "robustness": 5.556686860318684
    },
    {
        "edge": "m10->logits",
        "improvement": 0.21155418395996062,
        "stdev": 0.043621740107278276,
        "robustness": 4.849741973605103
    },
    {
        "edge": "a0.h4->m1",
        "improvement": 0.18392895317077596,
        "stdev": 0.08358580802505094,
        "robustness": 2.200480649964547
    },
    {
        "edge": "m3->m4",
        "improvement": 0.17693756866455068,
        "stdev": 0.1304695062446033,
        "robustness": 1.3561603301604392
    },
    {
        "edge": "m9->a10.h5<v>",
        "improvement": 0.17583993530273467,
        "stdev": 0.0446777209651306,
        "robustness": 3.9357409353975688
    },
    {
        "edge": "a11.h1->m11",
        "improvement": 0.15694857597351053,
        "stdev": 0.026765503332343357,
        "robustness": 5.863838016595575
    },
    {
        "edge": "m9->a10.h1<v>",
        "improvement": 0.15041146469116207,
        "stdev": 0.05949779986822255,
        "robustness": 2.5280172548278714
    },
    {
        "edge": "a11.h10->logits",
        "improvement": 0.14457866859436042,
        "stdev": 0.021259302663353605,
        "robustness": 6.800724881892879
    },
    {
        "edge": "m9->a11.h1<v>",
        "improvement": 0.14312198448181146,
        "stdev": 0.03814461977711052,
        "robustness": 3.7520883762405415
    },
    {
        "edge": "input->m1",
        "improvement": 0.14146018981933572,
        "stdev": 0.07732613727249825,
        "robustness": 1.829396822458987
    },
    {
        "edge": "m9->a11.h0<v>",
        "improvement": 0.1391607284545895,
        "stdev": 0.048603329156615534,
        "robustness": 2.863193342294906
    },
    {
        "edge": "m10->a11.h8<v>",
        "improvement": 0.1367150135040287,
        "stdev": 0.05270566865696328,
        "robustness": 2.593933764389619
    },
    {
        "edge": "a11.h7->m11",
        "improvement": 0.13142252159118684,
        "stdev": 0.027324158491850097,
        "robustness": 4.809755500078287
    },
    {
        "edge": "m0->a1.h4<v>",
        "improvement": 0.09089858818054175,
        "stdev": 0.045542432964103714,
        "robustness": 1.9959097980599214
    },
    {
        "edge": "m0->a1.h11<v>",
        "improvement": 0.08658664131164517,
        "stdev": 0.04896524976849404,
        "robustness": 1.7683283904610665
    },
    {
        "edge": "a10.h1->logits",
        "improvement": 0.08385807609558071,
        "stdev": 0.01332421875765208,
        "robustness": 6.293658008836063
    },
    {
        "edge": "a11.h6->m11",
        "improvement": 0.08121612739562956,
        "stdev": 0.025118855687617268,
        "robustness": 3.233273378598465
    },
    {
        "edge": "m0->a1.h3<v>",
        "improvement": 0.07847772979736334,
        "stdev": 0.04453636509036201,
        "robustness": 1.7621045102835857
    },
    {
        "edge": "a10.h8->logits",
        "improvement": 0.06354823112487828,
        "stdev": 0.015111846853250092,
        "robustness": 4.2051929020979335
    },
    {
        "edge": "a10.h0->logits",
        "improvement": 0.06237755775451692,
        "stdev": 0.015235110723498493,
        "robustness": 4.094329137910783
    },
    {
        "edge": "a11.h11->m11",
        "improvement": 0.06086078834533737,
        "stdev": 0.019612985514642953,
        "robustness": 3.1030863863076337
    },
    {
        "edge": "m10->a11.h8<k>",
        "improvement": 0.028256786346435803,
        "stdev": 0.020847880625126342,
        "robustness": 1.3553793239001992
    }
]