[
    {
        "edge": "full_attack",
        "improvement": 14.413157932281493,
        "stdev": 0.4508751617584801,
        "robustness": 31.96707016653576
    },
    {
        "edge": "m11->logits",
        "improvement": 4.375968266010284,
        "stdev": 0.1524211880623863,
        "robustness": 28.709711042399114
    },
    {
        "edge": "input->a0.h4<v>",
        "improvement": 4.1314748871326445,
        "stdev": 1.5611016612093664,
        "robustness": 2.646512389162434
    },
    {
        "edge": "input->m0",
        "improvement": 2.480994125843048,
        "stdev": 1.1973124012710679,
        "robustness": 2.0721359965947252
    },
    {
        "edge": "a0.h4->m0",
        "improvement": 1.4645153045654293,
        "stdev": 0.8139376982183469,
        "robustness": 1.7992965650456436
    },
    {
        "edge": "a11.h2->logits",
        "improvement": 1.1516322021484369,
        "stdev": 0.0941165949116718,
        "robustness": 12.236228937407276
    },
    {
        "edge": "a11.h4->logits",
        "improvement": 1.0447878608703611,
        "stdev": 0.09120482690696348,
        "robustness": 11.455400950830505
    },
    {
        "edge": "a11.h0->logits",
        "improvement": 1.0094916725158694,
        "stdev": 0.053258433902747725,
        "robustness": 18.954588006835614
    },
    {
        "edge": "a11.h3->logits",
        "improvement": 1.003685844421386,
        "stdev": 0.06299667473150573,
        "robustness": 15.932362282598788
    },
    {
        "edge": "a11.h5->logits",
        "improvement": 0.714704471588135,
        "stdev": 0.05996293045286851,
        "robustness": 11.919105123621337
    },
    {
        "edge": "m0->m1",
        "improvement": 0.600515230178833,
        "stdev": 0.32378528796155964,
        "robustness": 1.8546711432118164
    },
    {
        "edge": "m10->a11.h0<v>",
        "improvement": 0.572897079467773,
        "stdev": 0.08260709499674353,
        "robustness": 6.93520428832847
    },
    {
        "edge": "a11.h1->logits",
        "improvement": 0.5173741531372071,
        "stdev": 0.031156124049769134,
        "robustness": 16.605857400963867
    },
    {
        "edge": "m10->a11.h3<v>",
        "improvement": 0.5016523132324213,
        "stdev": 0.044984453863294235,
        "robustness": 11.15168175114275
    },
    {
        "edge": "m10->a11.h5<v>",
        "improvement": 0.48441720199584903,
        "stdev": 0.06937717242285854,
        "robustness": 6.982371651633387
    },
    {
        "edge": "a11.h8->logits",
        "improvement": 0.45877044677734347,
        "stdev": 0.04296164464395539,
        "robustness": 10.678605313632739
    },
    {
        "edge": "m9->m10",
        "improvement": 0.4525249099731443,
        "stdev": 0.1378511848398287,
        "robustness": 3.2827059883376384
    },
    {
        "edge": "a11.h0->m11",
        "improvement": 0.38090582656860317,
        "stdev": 0.040369415159029906,
        "robustness": 9.435505197884975
    },
    {
        "edge": "m9->a10.h10<v>",
        "improvement": 0.37596443557739256,
        "stdev": 0.059794606116867266,
        "robustness": 6.287597828516141
    },
    {
        "edge": "a11.h7->logits",
        "improvement": 0.36451413726806603,
        "stdev": 0.025727981331529964,
        "robustness": 14.168003799868643
    },
    {
        "edge": "m10->a11.h7<v>",
        "improvement": 0.33991936111450194,
        "stdev": 0.04225953832789359,
        "robustness": 8.04361274553103
    },
    {
        "edge": "a10.h10->logits",
        "improvement": 0.2530949897766108,
        "stdev": 0.02884462839076227,
        "robustness": 8.774423658640947
    },
    {
        "edge": "m0->m2",
        "improvement": 0.2505457801818842,
        "stdev": 0.14125108140322862,
        "robustness": 1.7737618550802643
    },
    {
        "edge": "m9->a10.h3<v>",
        "improvement": 0.23739849090576115,
        "stdev": 0.05117820491491187,
        "robustness": 4.638663886325368
    },
    {
        "edge": "m10->logits",
        "improvement": 0.22881067276000966,
        "stdev": 0.036853448560565924,
        "robustness": 6.208663821079761
    },
    {
        "edge": "a11.h3->m11",
        "improvement": 0.2255391845703123,
        "stdev": 0.029729605017032635,
        "robustness": 7.586349850295582
    },
    {
        "edge": "a11.h5->m11",
        "improvement": 0.21515755844116224,
        "stdev": 0.02729270464302468,
        "robustness": 7.88333590442276
    },
    {
        "edge": "m9->a11.h0<v>",
        "improvement": 0.18479205322265635,
        "stdev": 0.02990221780109235,
        "robustness": 6.179877842235025
    },
    {
        "edge": "m10->a11.h1<v>",
        "improvement": 0.18079729843139614,
        "stdev": 0.031428054674615284,
        "robustness": 5.752735901195555
    },
    {
        "edge": "m9->a10.h4<v>",
        "improvement": 0.17324551010131817,
        "stdev": 0.05127874367298098,
        "robustness": 3.378505355087357
    },
    {
        "edge": "m9->a10.h5<v>",
        "improvement": 0.17058969116210942,
        "stdev": 0.027659154030509028,
        "robustness": 6.167567199414087
    },
    {
        "edge": "m9->a10.h1<v>",
        "improvement": 0.17058843231201148,
        "stdev": 0.04093673995220512,
        "robustness": 4.167123041824499
    },
    {
        "edge": "a11.h6->logits",
        "improvement": 0.16920681762695278,
        "stdev": 0.025542824340527875,
        "robustness": 6.624436490309274
    },
    {
        "edge": "m10->a11.h8<v>",
        "improvement": 0.16361389160156214,
        "stdev": 0.026416017262612775,
        "robustness": 6.193738063350255
    },
    {
        "edge": "a0.h4->m1",
        "improvement": 0.1499683341979976,
        "stdev": 0.11721587548842509,
        "robustness": 1.2794199895969447
    },
    {
        "edge": "input->m1",
        "improvement": 0.13581072998046828,
        "stdev": 0.10912374672858545,
        "robustness": 1.2445570652761693
    },
    {
        "edge": "a11.h7->m11",
        "improvement": 0.1270131874084468,
        "stdev": 0.02109965761495552,
        "robustness": 6.019680021652074
    },
    {
        "edge": "m9->a11.h3<v>",
        "improvement": 0.11027274703979462,
        "stdev": 0.02440235233480982,
        "robustness": 4.518939220564042
    },
    {
        "edge": "a11.h11->logits",
        "improvement": 0.10904756546020522,
        "stdev": 0.010201937476466102,
        "robustness": 10.688907446429354
    },
    {
        "edge": "a10.h4->logits",
        "improvement": 0.09451860427856396,
        "stdev": 0.017014848170924423,
        "robustness": 5.555065982903139
    },
    {
        "edge": "a10.h5->logits",
        "improvement": 0.08133137130737289,
        "stdev": 0.009648588193047725,
        "robustness": 8.429354604021352
    },
    {
        "edge": "a11.h1->m11",
        "improvement": 0.07322926330566393,
        "stdev": 0.02527823675701656,
        "robustness": 2.896929244296972
    },
    {
        "edge": "a10.h8->logits",
        "improvement": 0.07208282470703065,
        "stdev": 0.011312470440975319,
        "robustness": 6.371979054719716
    },
    {
        "edge": "m0->a1.h4<v>",
        "improvement": 0.06672454833984354,
        "stdev": 0.04361031203547044,
        "robustness": 1.5300176775982053
    },
    {
        "edge": "m10->a11.h4<v>",
        "improvement": 0.06523447799682636,
        "stdev": 0.05031594845529147,
        "robustness": 1.2964970352251401
    },
    {
        "edge": "m0->a1.h11<v>",
        "improvement": 0.061864078521728594,
        "stdev": 0.05285112697129748,
        "robustness": 1.1705347088497449
    },
    {
        "edge": "a10.h1->logits",
        "improvement": 0.05615596389770516,
        "stdev": 0.009092353834995228,
        "robustness": 6.176174499673399
    },
    {
        "edge": "m0->a1.h3<v>",
        "improvement": 0.054528568267822486,
        "stdev": 0.037955744514577464,
        "robustness": 1.436635454400848
    },
    {
        "edge": "m10->a11.h6<v>",
        "improvement": 0.049065952301025284,
        "stdev": 0.017021934477601888,
        "robustness": 2.8825132869350507
    },
    {
        "edge": "a10.h0->logits",
        "improvement": 0.028030437469482195,
        "stdev": 0.007195766141915383,
        "robustness": 3.8954069541260825
    },
    {
        "edge": "m10->a11.h6<k>",
        "improvement": -0.0018477058410644176,
        "stdev": 0.006200505642203072,
        "robustness": -0.2979927682813813
    }
]