[
    {
        "edge": "full_attack",
        "improvement": 12.485560035705566,
        "stdev": 0.9759075031595532,
        "robustness": 12.793794489009349
    },
    {
        "edge": "input->a0.h4<v>",
        "improvement": 5.60614390528202,
        "stdev": 1.4822837482088322,
        "robustness": 3.7820990158303998
    },
    {
        "edge": "m11->logits",
        "improvement": 4.32005695092678,
        "stdev": 0.25565876217258604,
        "robustness": 16.897746489167716
    },
    {
        "edge": "input->m0",
        "improvement": 3.3852115021944043,
        "stdev": 1.144174228139983,
        "robustness": 2.9586503689193773
    },
    {
        "edge": "a0.h4->m0",
        "improvement": 2.363238892793655,
        "stdev": 0.9015902641724853,
        "robustness": 2.6211894545719474
    },
    {
        "edge": "a11.h3->logits",
        "improvement": 1.4937085676193234,
        "stdev": 0.11591076348047422,
        "robustness": 12.886711490524748
    },
    {
        "edge": "m0->m1",
        "improvement": 0.9713056411743164,
        "stdev": 0.2946453787853811,
        "robustness": 3.2965242664871823
    },
    {
        "edge": "a11.h0->logits",
        "improvement": 0.8089469499588011,
        "stdev": 0.08368856814063579,
        "robustness": 9.666158328810136
    },
    {
        "edge": "a11.h8->logits",
        "improvement": 0.663921224594116,
        "stdev": 0.06988611829973156,
        "robustness": 9.500044368563337
    },
    {
        "edge": "a11.h1->logits",
        "improvement": 0.6350291461944577,
        "stdev": 0.07886515896191448,
        "robustness": 8.052087316543997
    },
    {
        "edge": "a11.h5->logits",
        "improvement": 0.6294395923614502,
        "stdev": 0.06909745499244159,
        "robustness": 9.109446830282
    },
    {
        "edge": "m10->a11.h3<v>",
        "improvement": 0.5292871303558346,
        "stdev": 0.08111639439692367,
        "robustness": 6.52503275436399
    },
    {
        "edge": "m1->m3",
        "improvement": 0.4813902511596675,
        "stdev": 0.4606142262608298,
        "robustness": 1.0451050439051637
    },
    {
        "edge": "m10->logits",
        "improvement": 0.4420470180511469,
        "stdev": 0.06264187818711751,
        "robustness": 7.056733144729609
    },
    {
        "edge": "m9->a10.h6<v>",
        "improvement": 0.410346271514892,
        "stdev": 0.10173683511749194,
        "robustness": 4.033409050330678
    },
    {
        "edge": "a11.h3->m11",
        "improvement": 0.4030741882324218,
        "stdev": 0.05111861268431972,
        "robustness": 7.885076825570073
    },
    {
        "edge": "a11.h6->logits",
        "improvement": 0.3914175262451165,
        "stdev": 0.043438492846859744,
        "robustness": 9.010845003878003
    },
    {
        "edge": "m9->a10.h10<v>",
        "improvement": 0.3904472465515134,
        "stdev": 0.07561937147046915,
        "robustness": 5.163323087179992
    },
    {
        "edge": "a10.h10->logits",
        "improvement": 0.37517932891845707,
        "stdev": 0.03959014350244234,
        "robustness": 9.476584213323502
    },
    {
        "edge": "m10->a11.h5<v>",
        "improvement": 0.3397764701843258,
        "stdev": 0.05667444692584542,
        "robustness": 5.995232218655786
    },
    {
        "edge": "m10->a11.h0<v>",
        "improvement": 0.3310425300598139,
        "stdev": 0.05479602288992577,
        "robustness": 6.04136053313234
    },
    {
        "edge": "a11.h10->logits",
        "improvement": 0.3159501152038571,
        "stdev": 0.04517638243754308,
        "robustness": 6.993701092394065
    },
    {
        "edge": "m0->m2",
        "improvement": 0.30117630386352534,
        "stdev": 0.16755686050161397,
        "robustness": 1.7974573106818523
    },
    {
        "edge": "a2.h7->m3",
        "improvement": 0.2869291496276851,
        "stdev": 0.3226658814002714,
        "robustness": 0.8892453964531366
    },
    {
        "edge": "a11.h7->logits",
        "improvement": 0.2853382472991939,
        "stdev": 0.039046079538346025,
        "robustness": 7.307731036581315
    },
    {
        "edge": "m10->a11.h6<v>",
        "improvement": 0.2458007183074944,
        "stdev": 0.03825673060863195,
        "robustness": 6.425031998213507
    },
    {
        "edge": "m10->a11.h8<v>",
        "improvement": 0.23614616394042898,
        "stdev": 0.0384677791484916,
        "robustness": 6.138804193215005
    },
    {
        "edge": "a0.h4->m1",
        "improvement": 0.21764373397827086,
        "stdev": 0.14015233470535604,
        "robustness": 1.5529083724208086
    },
    {
        "edge": "m10->m11",
        "improvement": 0.18937973976135236,
        "stdev": 0.03646423477173226,
        "robustness": 5.193575045435013
    },
    {
        "edge": "m10->a11.h7<v>",
        "improvement": 0.18432411003112747,
        "stdev": 0.04540177911202998,
        "robustness": 4.05984332852471
    },
    {
        "edge": "m9->a10.h1<v>",
        "improvement": 0.18137965393066402,
        "stdev": 0.053170673910124554,
        "robustness": 3.4112724288064067
    },
    {
        "edge": "m9->a11.h3<v>",
        "improvement": 0.17263992118835425,
        "stdev": 0.043076863994762335,
        "robustness": 4.007717952944423
    },
    {
        "edge": "m9->a11.h5<v>",
        "improvement": 0.17108523559570266,
        "stdev": 0.041234181175921536,
        "robustness": 4.149111991960856
    },
    {
        "edge": "input->m1",
        "improvement": 0.17016763877868613,
        "stdev": 0.10390097526143295,
        "robustness": 1.6377867325163666
    },
    {
        "edge": "m9->a10.h8<v>",
        "improvement": 0.15520925903320304,
        "stdev": 0.04284452419276845,
        "robustness": 3.622616004203407
    },
    {
        "edge": "a10.h8->logits",
        "improvement": 0.1417992496490479,
        "stdev": 0.022799383528305097,
        "robustness": 6.2194334979718295
    },
    {
        "edge": "a10.h1->logits",
        "improvement": 0.13759485244750902,
        "stdev": 0.013752279545402013,
        "robustness": 10.005239639963033
    },
    {
        "edge": "m9->a11.h8<v>",
        "improvement": 0.1354749832153317,
        "stdev": 0.03251902372555224,
        "robustness": 4.166022459920299
    },
    {
        "edge": "a11.h5->m11",
        "improvement": 0.11989167404174772,
        "stdev": 0.028042876527980442,
        "robustness": 4.275298717024374
    },
    {
        "edge": "a10.h6->logits",
        "improvement": 0.11665660476684536,
        "stdev": 0.018657735843577185,
        "robustness": 6.252452373903862
    },
    {
        "edge": "m9->a10.h5<v>",
        "improvement": 0.11555464744567878,
        "stdev": 0.03823000196740877,
        "robustness": 3.02261683230332
    },
    {
        "edge": "m0->a1.h4<v>",
        "improvement": 0.09016257286071738,
        "stdev": 0.0482980353502098,
        "robustness": 1.8667958687542292
    },
    {
        "edge": "a11.h11->logits",
        "improvement": 0.08708310699462896,
        "stdev": 0.013754308455029252,
        "robustness": 6.331332998627574
    },
    {
        "edge": "m0->a1.h11<v>",
        "improvement": 0.0852508850097653,
        "stdev": 0.055903679117102124,
        "robustness": 1.5249601878829695
    },
    {
        "edge": "m0->a1.h3<v>",
        "improvement": 0.07633275794982897,
        "stdev": 0.04376474321622126,
        "robustness": 1.7441609921644983
    },
    {
        "edge": "a11.h6->m11",
        "improvement": 0.07621412658691362,
        "stdev": 0.02471050647359034,
        "robustness": 3.0842802298839325
    },
    {
        "edge": "m8->a10.h10<v>",
        "improvement": 0.07087604522705071,
        "stdev": 0.026831835308279012,
        "robustness": 2.641490766946597
    },
    {
        "edge": "a10.h9->logits",
        "improvement": 0.06538408660888617,
        "stdev": 0.011779733052879071,
        "robustness": 5.550557581855025
    },
    {
        "edge": "a11.h10->m11",
        "improvement": 0.05944081878662111,
        "stdev": 0.022458422057031684,
        "robustness": 2.6467050372316927
    },
    {
        "edge": "a10.h8->m10",
        "improvement": 0.05587000846862722,
        "stdev": 0.027174822013616838,
        "robustness": 2.055947539992413
    },
    {
        "edge": "a10.h5->m10",
        "improvement": 0.013108516693114858,
        "stdev": 0.05228110163664959,
        "robustness": 0.2507314552057115
    }
]