[
    {
        "edge": "full_attack",
        "improvement": 14.490361457824708,
        "stdev": 0.2033268153921411,
        "robustness": 71.26635721844283
    },
    {
        "edge": "m11->logits",
        "improvement": 4.508436231613159,
        "stdev": 0.0943331439143251,
        "robustness": 47.792706195690826
    },
    {
        "edge": "input->a0.h4<v>",
        "improvement": 2.2247171607017524,
        "stdev": 1.1390800960055554,
        "robustness": 1.95308228850915
    },
    {
        "edge": "input->m0",
        "improvement": 1.384031702041626,
        "stdev": 0.8750411167802289,
        "robustness": 1.5816761926962486
    },
    {
        "edge": "a11.h2->logits",
        "improvement": 1.1031299133300783,
        "stdev": 0.036051508480653846,
        "robustness": 30.598717219337598
    },
    {
        "edge": "a11.h3->logits",
        "improvement": 0.9673438568115236,
        "stdev": 0.0318229316987456,
        "robustness": 30.397697671885282
    },
    {
        "edge": "a11.h4->logits",
        "improvement": 0.9246720199584963,
        "stdev": 0.034070333360387485,
        "robustness": 27.14009311789076
    },
    {
        "edge": "a0.h4->m0",
        "improvement": 0.7567497596740722,
        "stdev": 0.5136225711653598,
        "robustness": 1.4733576796617025
    },
    {
        "edge": "a11.h0->logits",
        "improvement": 0.6278068809509278,
        "stdev": 0.028447757197739097,
        "robustness": 22.06876544210744
    },
    {
        "edge": "a11.h5->logits",
        "improvement": 0.5555469055175788,
        "stdev": 0.0362114925867869,
        "robustness": 15.341728988003398
    },
    {
        "edge": "m10->a11.h2<v>",
        "improvement": 0.5282894287109379,
        "stdev": 0.03359450001802976,
        "robustness": 15.725473765866775
    },
    {
        "edge": "m10->a11.h0<v>",
        "improvement": 0.4832812767028809,
        "stdev": 0.024473384719722185,
        "robustness": 19.74721854935834
    },
    {
        "edge": "a11.h1->logits",
        "improvement": 0.45962643432617245,
        "stdev": 0.015389115272768391,
        "robustness": 29.866982355996672
    },
    {
        "edge": "m10->a11.h5<v>",
        "improvement": 0.4588076362609863,
        "stdev": 0.027981804609869904,
        "robustness": 16.39664212718979
    },
    {
        "edge": "m0->m1",
        "improvement": 0.44902853012084964,
        "stdev": 0.11263243572578058,
        "robustness": 3.986671576685711
    },
    {
        "edge": "a11.h10->logits",
        "improvement": 0.3621293945312507,
        "stdev": 0.011801917315095195,
        "robustness": 30.683946079512907
    },
    {
        "edge": "m10->a11.h3<v>",
        "improvement": 0.34469234848022534,
        "stdev": 0.030603564188094484,
        "robustness": 11.263143938454034
    },
    {
        "edge": "a11.h6->logits",
        "improvement": 0.30812493133544994,
        "stdev": 0.01698407011236502,
        "robustness": 18.14199595838478
    },
    {
        "edge": "m10->a11.h7<v>",
        "improvement": 0.26524272155761786,
        "stdev": 0.02376754006174839,
        "robustness": 11.159872703212603
    },
    {
        "edge": "a11.h7->logits",
        "improvement": 0.24464293670654325,
        "stdev": 0.01893494423312026,
        "robustness": 12.9201825838295
    },
    {
        "edge": "m10->a11.h1<v>",
        "improvement": 0.2212465019226073,
        "stdev": 0.018422787949390697,
        "robustness": 12.009393069626286
    },
    {
        "edge": "m10->a11.h6<v>",
        "improvement": 0.19880048370361347,
        "stdev": 0.017004354511555006,
        "robustness": 11.69115143821085
    },
    {
        "edge": "m9->a10.h10<v>",
        "improvement": 0.18743476867675835,
        "stdev": 0.023650785803851573,
        "robustness": 7.9250968754803175
    },
    {
        "edge": "m0->m2",
        "improvement": 0.18596901702880864,
        "stdev": 0.07857745383061257,
        "robustness": 2.3666969081194376
    },
    {
        "edge": "a11.h5->m11",
        "improvement": 0.17857149505615233,
        "stdev": 0.018301318286642672,
        "robustness": 9.757302302451285
    },
    {
        "edge": "m9->a10.h4<v>",
        "improvement": 0.17741307067871137,
        "stdev": 0.02378829027085223,
        "robustness": 7.45800007729414
    },
    {
        "edge": "m9->a10.h3<v>",
        "improvement": 0.17689240646362325,
        "stdev": 0.029513682524854333,
        "robustness": 5.993572856069621
    },
    {
        "edge": "a11.h10->m11",
        "improvement": 0.1367531967163087,
        "stdev": 0.00881446702632623,
        "robustness": 15.514630244558969
    },
    {
        "edge": "m8->m9",
        "improvement": 0.13386148834228528,
        "stdev": 0.09469075298308108,
        "robustness": 1.413670122215662
    },
    {
        "edge": "a10.h10->m10",
        "improvement": 0.12953390884399418,
        "stdev": 0.022685400890652765,
        "robustness": 5.710011891276165
    },
    {
        "edge": "a11.h1->m11",
        "improvement": 0.12892979431152352,
        "stdev": 0.009614141952069366,
        "robustness": 13.410431732160188
    },
    {
        "edge": "a1.h10->m2",
        "improvement": 0.12368498229980496,
        "stdev": 0.13637045096157824,
        "robustness": 0.9069778784749538
    },
    {
        "edge": "m9->a11.h1<v>",
        "improvement": 0.09966011428832999,
        "stdev": 0.010446867421855438,
        "robustness": 9.539712744878468
    },
    {
        "edge": "a0.h4->m1",
        "improvement": 0.09076640319824225,
        "stdev": 0.061153049859728796,
        "robustness": 1.4842498192067242
    },
    {
        "edge": "m1->a3.h8<v>",
        "improvement": 0.08233416748046896,
        "stdev": 0.04222234915661262,
        "robustness": 1.9500138937099918
    },
    {
        "edge": "input->m1",
        "improvement": 0.07765428924560602,
        "stdev": 0.056217965424212396,
        "robustness": 1.381307357170227
    },
    {
        "edge": "m2->m4",
        "improvement": 0.07748259353637721,
        "stdev": 0.09972124151320576,
        "robustness": 0.7769918661323169
    },
    {
        "edge": "m9->a10.h5<v>",
        "improvement": 0.07602330017089898,
        "stdev": 0.011663450397534162,
        "robustness": 6.51807977740202
    },
    {
        "edge": "a11.h7->m11",
        "improvement": 0.058730583190918395,
        "stdev": 0.007644406003530137,
        "robustness": 7.682818411763712
    },
    {
        "edge": "m9->a10.h6<v>",
        "improvement": 0.04819444656372074,
        "stdev": 0.023814521997642765,
        "robustness": 2.0237419238770014
    },
    {
        "edge": "m0->a1.h4<v>",
        "improvement": 0.04344298171997085,
        "stdev": 0.01757628083774429,
        "robustness": 2.471682270044238
    },
    {
        "edge": "m8->a9.h6<v>",
        "improvement": 0.03789202499389699,
        "stdev": 0.014714962969819289,
        "robustness": 2.575067641802046
    },
    {
        "edge": "m0->a1.h11<v>",
        "improvement": 0.03374888229370132,
        "stdev": 0.02105304293869383,
        "robustness": 1.6030405861982804
    },
    {
        "edge": "m0->a1.h3<v>",
        "improvement": 0.02882451629638716,
        "stdev": 0.015989938874065374,
        "robustness": 1.8026658215147164
    },
    {
        "edge": "m4->m5",
        "improvement": 0.02874549865722731,
        "stdev": 0.022047296625272873,
        "robustness": 1.3038105825761999
    },
    {
        "edge": "a1.h4->m1",
        "improvement": 0.02191031265258836,
        "stdev": 0.009422868983970569,
        "robustness": 2.325227347409842
    },
    {
        "edge": "m10->a11.h9<v>",
        "improvement": 0.016806095123291342,
        "stdev": 0.004559780918171784,
        "robustness": 3.685724254056847
    },
    {
        "edge": "m8->a10.h4<v>",
        "improvement": 0.01450648117065434,
        "stdev": 0.007101729295539412,
        "robustness": 2.0426688440188565
    },
    {
        "edge": "m10->a11.h4<k>",
        "improvement": 0.008964649200439823,
        "stdev": 0.005917553717125309,
        "robustness": 1.5149248539132423
    },
    {
        "edge": "m9->a10.h5<k>",
        "improvement": 0.0072191963195802344,
        "stdev": 0.003803691504277926,
        "robustness": 1.8979447495836526
    },
    {
        "edge": "a10.h9->logits",
        "improvement": 0.00257938385009826,
        "stdev": 0.0023424438802155507,
        "robustness": 1.1011507562182905
    }
]