[
    {
        "edge": "full_attack",
        "improvement": 13.873759651184082,
        "stdev": 0.7627728371466069,
        "robustness": 18.188586398911724
    },
    {
        "edge": "input->a0.h4<v>",
        "improvement": 5.49687485575676,
        "stdev": 1.5363968438605884,
        "robustness": 3.5777702080827383
    },
    {
        "edge": "m11->logits",
        "improvement": 4.6159619715213775,
        "stdev": 0.21476067844908694,
        "robustness": 21.493515502260244
    },
    {
        "edge": "input->m0",
        "improvement": 3.1263662562370302,
        "stdev": 1.1790374957277552,
        "robustness": 2.6516258113634423
    },
    {
        "edge": "a0.h4->m0",
        "improvement": 1.9777062492370607,
        "stdev": 0.920409480229886,
        "robustness": 2.148724335980437
    },
    {
        "edge": "a11.h2->logits",
        "improvement": 1.2064225559234618,
        "stdev": 0.12046090099168125,
        "robustness": 10.01505505929077
    },
    {
        "edge": "a11.h4->logits",
        "improvement": 1.1309747695922852,
        "stdev": 0.0848079209115839,
        "robustness": 13.335720973178644
    },
    {
        "edge": "a11.h3->logits",
        "improvement": 1.0040765285491942,
        "stdev": 0.10101268979730968,
        "robustness": 9.94010287780631
    },
    {
        "edge": "m0->m1",
        "improvement": 0.9219201431274415,
        "stdev": 0.42273346343407153,
        "robustness": 2.1808544221652846
    },
    {
        "edge": "a11.h9->logits",
        "improvement": 0.8884054832458492,
        "stdev": 0.09521979437371192,
        "robustness": 9.330050427950917
    },
    {
        "edge": "m1->m3",
        "improvement": 0.6799694137573242,
        "stdev": 0.5617581081713547,
        "robustness": 1.210430973521278
    },
    {
        "edge": "m0->a2.h7<v>",
        "improvement": 0.6345091629028321,
        "stdev": 0.589776972374208,
        "robustness": 1.0758459428291174
    },
    {
        "edge": "m9->m10",
        "improvement": 0.6065005245208743,
        "stdev": 0.1764218333075548,
        "robustness": 3.437786090021901
    },
    {
        "edge": "a11.h0->logits",
        "improvement": 0.5690609188079838,
        "stdev": 0.05846064276123775,
        "robustness": 9.734085906857304
    },
    {
        "edge": "a11.h8->logits",
        "improvement": 0.4985110893249516,
        "stdev": 0.04347339897732965,
        "robustness": 11.467037338969362
    },
    {
        "edge": "m10->a11.h4<v>",
        "improvement": 0.48243835830688475,
        "stdev": 0.0729864605109945,
        "robustness": 6.609970601796911
    },
    {
        "edge": "a11.h5->logits",
        "improvement": 0.4358227100372316,
        "stdev": 0.06977059047810888,
        "robustness": 6.246510271028518
    },
    {
        "edge": "a11.h1->logits",
        "improvement": 0.4350254039764403,
        "stdev": 0.05255604696928119,
        "robustness": 8.277361579928394
    },
    {
        "edge": "m0->m2",
        "improvement": 0.40031549453735327,
        "stdev": 0.2561524223089726,
        "robustness": 1.56280190883571
    },
    {
        "edge": "m9->a10.h10<v>",
        "improvement": 0.372171657562256,
        "stdev": 0.08340989551482715,
        "robustness": 4.461960481608538
    },
    {
        "edge": "m9->a10.h6<v>",
        "improvement": 0.3668576431274415,
        "stdev": 0.09723111411505152,
        "robustness": 3.7730478197889066
    },
    {
        "edge": "a11.h7->logits",
        "improvement": 0.3495008563995361,
        "stdev": 0.028054776650323042,
        "robustness": 12.457802133153383
    },
    {
        "edge": "a0.h4->m1",
        "improvement": 0.34530887031555135,
        "stdev": 0.29182679020990904,
        "robustness": 1.1832665193869727
    },
    {
        "edge": "m10->a11.h2<v>",
        "improvement": 0.3401080513000485,
        "stdev": 0.07210054171058974,
        "robustness": 4.717135866540865
    },
    {
        "edge": "a11.h6->logits",
        "improvement": 0.328661756515503,
        "stdev": 0.02958939187374815,
        "robustness": 11.107418426097945
    },
    {
        "edge": "a2.h7->m3",
        "improvement": 0.3127779922485354,
        "stdev": 0.2943563300259257,
        "robustness": 1.0625828641802513
    },
    {
        "edge": "input->m1",
        "improvement": 0.2924729728698727,
        "stdev": 0.279936410881409,
        "robustness": 1.0447836062089637
    },
    {
        "edge": "m10->a11.h0<v>",
        "improvement": 0.28436505508422893,
        "stdev": 0.04778693362647659,
        "robustness": 5.9506863802341785
    },
    {
        "edge": "m2->m4",
        "improvement": 0.26269907379150403,
        "stdev": 0.2900433718411209,
        "robustness": 0.9057234168943691
    },
    {
        "edge": "m9->a10.h4<v>",
        "improvement": 0.2576092796325682,
        "stdev": 0.08478340197041857,
        "robustness": 3.038439997046233
    },
    {
        "edge": "m9->a11.h4<v>",
        "improvement": 0.25571495819091794,
        "stdev": 0.05012328888134667,
        "robustness": 5.101719458119637
    },
    {
        "edge": "m10->logits",
        "improvement": 0.24553747558593741,
        "stdev": 0.05234500308439348,
        "robustness": 4.690752910837897
    },
    {
        "edge": "m10->a11.h6<v>",
        "improvement": 0.240936279296875,
        "stdev": 0.029422951588315465,
        "robustness": 8.18871888408899
    },
    {
        "edge": "m10->a11.h9<v>",
        "improvement": 0.2292856884002683,
        "stdev": 0.03142496763912283,
        "robustness": 7.296290358460602
    },
    {
        "edge": "a11.h11->logits",
        "improvement": 0.22551937866210903,
        "stdev": 0.020422412173137977,
        "robustness": 11.042739552516688
    },
    {
        "edge": "m10->a11.h8<v>",
        "improvement": 0.2227263545989988,
        "stdev": 0.029073999276456753,
        "robustness": 7.660671395123679
    },
    {
        "edge": "m9->a10.h3<v>",
        "improvement": 0.21795856666564983,
        "stdev": 0.06968972666692444,
        "robustness": 3.1275566297936925
    },
    {
        "edge": "a10.h3->logits",
        "improvement": 0.1884427890777589,
        "stdev": 0.018477059736737023,
        "robustness": 10.198743293722618
    },
    {
        "edge": "m9->a10.h2<v>",
        "improvement": 0.18666744232177734,
        "stdev": 0.0656559022178172,
        "robustness": 2.843117465700151
    },
    {
        "edge": "a11.h9->m11",
        "improvement": 0.17709339141845692,
        "stdev": 0.04257863336479248,
        "robustness": 4.159207974131277
    },
    {
        "edge": "a11.h11->m11",
        "improvement": 0.1433508415222171,
        "stdev": 0.024944064287231553,
        "robustness": 5.746891920720233
    },
    {
        "edge": "m10->m11",
        "improvement": 0.11581147766113276,
        "stdev": 0.024798042957203892,
        "robustness": 4.670186186103417
    },
    {
        "edge": "a10.h2->logits",
        "improvement": 0.11341637420654305,
        "stdev": 0.010827175085998543,
        "robustness": 10.475158414424325
    },
    {
        "edge": "m9->a11.h9<v>",
        "improvement": 0.10936917495727538,
        "stdev": 0.022971754834289,
        "robustness": 4.761028303942392
    },
    {
        "edge": "m0->a1.h11<v>",
        "improvement": 0.10624565887451176,
        "stdev": 0.08661914833674807,
        "robustness": 1.226583970341777
    },
    {
        "edge": "m0->a1.h4<v>",
        "improvement": 0.09622716903686523,
        "stdev": 0.07974174087869773,
        "robustness": 1.2067352427537914
    },
    {
        "edge": "m0->a1.h3<v>",
        "improvement": 0.09482867431640596,
        "stdev": 0.08187300639965109,
        "robustness": 1.158241018456238
    },
    {
        "edge": "a10.h6->logits",
        "improvement": 0.07486745834350561,
        "stdev": 0.014079986920480469,
        "robustness": 5.317296014998771
    },
    {
        "edge": "a11.h10->logits",
        "improvement": 0.0529780235290529,
        "stdev": 0.012027952279298235,
        "robustness": 4.404575467117157
    },
    {
        "edge": "m10->a11.h5<k>",
        "improvement": 0.008493480682372656,
        "stdev": 0.010266926486841974,
        "robustness": 0.8272661436952768
    },
    {
        "edge": "m0->a1.h10<v>",
        "improvement": -0.13670862960815455,
        "stdev": 0.35146582860013775,
        "robustness": -0.38896705876828724
    }
]