[
    {
        "edge": "full_attack",
        "improvement": 14.89575841140747,
        "stdev": 0.2157937059519882,
        "robustness": 69.02777050745686
    },
    {
        "edge": "m11->logits",
        "improvement": 3.7949019985198977,
        "stdev": 0.090833986998164,
        "robustness": 41.778436947798
    },
    {
        "edge": "input->a0.h4<v>",
        "improvement": 1.821024440765381,
        "stdev": 0.8997923455695559,
        "robustness": 2.023827441666775
    },
    {
        "edge": "input->m0",
        "improvement": 1.1889749183654788,
        "stdev": 0.7596673113191419,
        "robustness": 1.5651258131679455
    },
    {
        "edge": "a11.h4->logits",
        "improvement": 0.7700801353454594,
        "stdev": 0.028434695202413974,
        "robustness": 27.082412168078495
    },
    {
        "edge": "a11.h2->logits",
        "improvement": 0.7557623252868657,
        "stdev": 0.027449137310110918,
        "robustness": 27.53319045143469
    },
    {
        "edge": "a11.h3->logits",
        "improvement": 0.7473774452209474,
        "stdev": 0.024882394151223806,
        "robustness": 30.03639604286988
    },
    {
        "edge": "a11.h0->logits",
        "improvement": 0.5527567863464355,
        "stdev": 0.02132665279698632,
        "robustness": 25.918590770350324
    },
    {
        "edge": "a11.h9->logits",
        "improvement": 0.49811365509033223,
        "stdev": 0.026915051847445103,
        "robustness": 18.506880756301253
    },
    {
        "edge": "a0.h4->m0",
        "improvement": 0.443144878387451,
        "stdev": 0.24518714340975215,
        "robustness": 1.8073740418227215
    },
    {
        "edge": "m9->m10",
        "improvement": 0.4336931533813475,
        "stdev": 0.06995939918018065,
        "robustness": 6.199212092493382
    },
    {
        "edge": "m10->a11.h4<v>",
        "improvement": 0.4230298118591307,
        "stdev": 0.02880798835709193,
        "robustness": 14.684462053213428
    },
    {
        "edge": "m10->a11.h3<v>",
        "improvement": 0.4007563629150397,
        "stdev": 0.025551252468570426,
        "robustness": 15.684411690111633
    },
    {
        "edge": "a11.h5->logits",
        "improvement": 0.40055226516723685,
        "stdev": 0.025967673746217463,
        "robustness": 15.42503456727935
    },
    {
        "edge": "m10->a11.h5<v>",
        "improvement": 0.3305293350219731,
        "stdev": 0.021753684456928445,
        "robustness": 15.194177137045909
    },
    {
        "edge": "m10->a11.h0<v>",
        "improvement": 0.3201028709411622,
        "stdev": 0.021163402777502418,
        "robustness": 15.12530259460189
    },
    {
        "edge": "a11.h8->logits",
        "improvement": 0.2784025154113774,
        "stdev": 0.017259268186414687,
        "robustness": 16.130609502349397
    },
    {
        "edge": "a11.h4->m11",
        "improvement": 0.27683998489379924,
        "stdev": 0.01947695407676605,
        "robustness": 14.213720677405105
    },
    {
        "edge": "m10->a11.h7<v>",
        "improvement": 0.27545248031616243,
        "stdev": 0.01897681482920287,
        "robustness": 14.515211472279141
    },
    {
        "edge": "a11.h1->logits",
        "improvement": 0.2751731567382816,
        "stdev": 0.010635715405444123,
        "robustness": 25.872557345548017
    },
    {
        "edge": "m0->m1",
        "improvement": 0.2715005073547365,
        "stdev": 0.11779405026850916,
        "robustness": 2.304874539383412
    },
    {
        "edge": "a11.h7->logits",
        "improvement": 0.2556222000122075,
        "stdev": 0.014227561956602523,
        "robustness": 17.96669034314639
    },
    {
        "edge": "m9->a10.h10<v>",
        "improvement": 0.24700303268432666,
        "stdev": 0.02921455701439329,
        "robustness": 8.454793018515884
    },
    {
        "edge": "m9->a10.h6<v>",
        "improvement": 0.23681845092773468,
        "stdev": 0.032546243574590926,
        "robustness": 7.276368173948666
    },
    {
        "edge": "m2->m3",
        "improvement": 0.23026010513305728,
        "stdev": 0.30217967238105997,
        "robustness": 0.7619973352896173
    },
    {
        "edge": "m10->a11.h9<v>",
        "improvement": 0.22777463912963913,
        "stdev": 0.015990903012777186,
        "robustness": 14.244013546179394
    },
    {
        "edge": "m10->logits",
        "improvement": 0.22454016494751006,
        "stdev": 0.023666500481448936,
        "robustness": 9.487679225051316
    },
    {
        "edge": "m9->a10.h4<v>",
        "improvement": 0.21553895187377936,
        "stdev": 0.026085583557112626,
        "robustness": 8.262761360192359
    },
    {
        "edge": "a11.h3->m11",
        "improvement": 0.19514738082885774,
        "stdev": 0.014181087277882275,
        "robustness": 13.76110145892847
    },
    {
        "edge": "a11.h0->m11",
        "improvement": 0.1876540260314945,
        "stdev": 0.014695007809933604,
        "robustness": 12.769916726729686
    },
    {
        "edge": "m1->a2.h7<v>",
        "improvement": 0.18193552017211978,
        "stdev": 0.13551638075551425,
        "robustness": 1.3425352651673197
    },
    {
        "edge": "a11.h5->m11",
        "improvement": 0.15226378631591775,
        "stdev": 0.0108674784461866,
        "robustness": 14.010958206164847
    },
    {
        "edge": "m9->a10.h3<v>",
        "improvement": 0.14345293426513717,
        "stdev": 0.023166163708035384,
        "robustness": 6.192347428477304
    },
    {
        "edge": "a11.h6->logits",
        "improvement": 0.13347217559814517,
        "stdev": 0.013368999481196273,
        "robustness": 9.983707141725608
    },
    {
        "edge": "a11.h11->logits",
        "improvement": 0.13266458129882874,
        "stdev": 0.0052131943425178535,
        "robustness": 25.44784878185738
    },
    {
        "edge": "m0->m2",
        "improvement": 0.11890863037109423,
        "stdev": 0.10863455802344323,
        "robustness": 1.0945746227957578
    },
    {
        "edge": "m10->a11.h1<v>",
        "improvement": 0.11744932556152321,
        "stdev": 0.012024467997018827,
        "robustness": 9.767527810015537
    },
    {
        "edge": "a10.h6->m10",
        "improvement": 0.11336510848999026,
        "stdev": 0.019238909911242167,
        "robustness": 5.8924912592758645
    },
    {
        "edge": "m9->a10.h5<v>",
        "improvement": 0.11043604278564434,
        "stdev": 0.014259883467058369,
        "robustness": 7.744526316835735
    },
    {
        "edge": "m9->a11.h3<v>",
        "improvement": 0.09955894851684555,
        "stdev": 0.01169603011377487,
        "robustness": 8.512200083991841
    },
    {
        "edge": "a0.h4->m1",
        "improvement": 0.07320011520385794,
        "stdev": 0.06427529704537356,
        "robustness": 1.1388530052561892
    },
    {
        "edge": "input->m1",
        "improvement": 0.06820181274414061,
        "stdev": 0.06735847211226091,
        "robustness": 1.0125201864803905
    },
    {
        "edge": "m3->m4",
        "improvement": 0.06780895614624072,
        "stdev": 0.09377813539477345,
        "robustness": 0.7230785284948194
    },
    {
        "edge": "m9->a10.h8<v>",
        "improvement": 0.0668363876342779,
        "stdev": 0.012639409176197708,
        "robustness": 5.287936065883752
    },
    {
        "edge": "m1->a3.h8<v>",
        "improvement": 0.0629887962341309,
        "stdev": 0.07577284402870789,
        "robustness": 0.8312845722178049
    },
    {
        "edge": "a10.h1->logits",
        "improvement": 0.04767177200317363,
        "stdev": 0.0035453611089059246,
        "robustness": 13.44623877196104
    },
    {
        "edge": "m0->a1.h4<v>",
        "improvement": 0.030259651184081804,
        "stdev": 0.014720547536031152,
        "robustness": 2.0556063631475623
    },
    {
        "edge": "m0->a1.h11<v>",
        "improvement": 0.029453540802002465,
        "stdev": 0.02248784973982598,
        "robustness": 1.3097535399233946
    },
    {
        "edge": "m0->a1.h3<v>",
        "improvement": 0.026326564788818452,
        "stdev": 0.021974467117116304,
        "robustness": 1.19805247829251
    },
    {
        "edge": "m10->a11.h2<v>",
        "improvement": 0.01641362380981448,
        "stdev": 0.005051504005534121,
        "robustness": 3.2492548341707166
    },
    {
        "edge": "m10->a11.h5<k>",
        "improvement": -0.0012294654846192188,
        "stdev": 0.002469611858427926,
        "robustness": -0.4978375368677798
    }
]