[
    {
        "edge": "full_attack",
        "improvement": 13.050190315246581,
        "stdev": 0.997641826052679,
        "robustness": 13.08103767750159
    },
    {
        "edge": "input->a0.h4<v>",
        "improvement": 7.154639229536057,
        "stdev": 1.602586575504028,
        "robustness": 4.464432273985484
    },
    {
        "edge": "m11->logits",
        "improvement": 6.229644399404526,
        "stdev": 0.35946175881796766,
        "robustness": 17.33047882447833
    },
    {
        "edge": "input->m0",
        "improvement": 5.6265992766618735,
        "stdev": 1.6059545858346174,
        "robustness": 3.5035855473694606
    },
    {
        "edge": "a0.h4->m0",
        "improvement": 3.2207675750255587,
        "stdev": 1.0828468430726936,
        "robustness": 2.974351909164076
    },
    {
        "edge": "a11.h6->logits",
        "improvement": 1.4575959482193,
        "stdev": 0.12058411598918563,
        "robustness": 12.087793954139215
    },
    {
        "edge": "m0->m1",
        "improvement": 1.405619525671006,
        "stdev": 0.5412845123818792,
        "robustness": 2.596821991979208
    },
    {
        "edge": "a11.h11->logits",
        "improvement": 1.2168272151947024,
        "stdev": 0.1307999385636848,
        "robustness": 9.302964730386666
    },
    {
        "edge": "a11.h7->logits",
        "improvement": 1.0775774612426758,
        "stdev": 0.11652399816629569,
        "robustness": 9.247686984657232
    },
    {
        "edge": "a11.h0->logits",
        "improvement": 0.70622472190857,
        "stdev": 0.0969451027915038,
        "robustness": 7.284790067502647
    },
    {
        "edge": "m10->logits",
        "improvement": 0.6479687461853034,
        "stdev": 0.06810913598606347,
        "robustness": 9.513683249746277
    },
    {
        "edge": "a11.h5->logits",
        "improvement": 0.6473333892822266,
        "stdev": 0.05394456919665374,
        "robustness": 11.999973285955571
    },
    {
        "edge": "m10->a11.h6<v>",
        "improvement": 0.5459924488067633,
        "stdev": 0.08091205308590539,
        "robustness": 6.74797422612767
    },
    {
        "edge": "a11.h3->logits",
        "improvement": 0.5078308753967287,
        "stdev": 0.07438862467716983,
        "robustness": 6.826727575628697
    },
    {
        "edge": "m9->a10.h8<v>",
        "improvement": 0.48450870132446333,
        "stdev": 0.10295918700389421,
        "robustness": 4.705832625758183
    },
    {
        "edge": "m10->a11.h5<v>",
        "improvement": 0.4801169071197515,
        "stdev": 0.07211778685670668,
        "robustness": 6.657399346900542
    },
    {
        "edge": "m1->m3",
        "improvement": 0.47066005706787184,
        "stdev": 0.4990243420459887,
        "robustness": 0.943160518258841
    },
    {
        "edge": "a11.h6->m11",
        "improvement": 0.4480324668884279,
        "stdev": 0.0512022431797738,
        "robustness": 8.75025075201026
    },
    {
        "edge": "a11.h10->logits",
        "improvement": 0.44437932014465353,
        "stdev": 0.052550027177701485,
        "robustness": 8.456309996604848
    },
    {
        "edge": "m9->m10",
        "improvement": 0.4205338420867921,
        "stdev": 0.1536434893087246,
        "robustness": 2.7370755765757804
    },
    {
        "edge": "m10->a11.h3<v>",
        "improvement": 0.4160368537902839,
        "stdev": 0.060204913754826575,
        "robustness": 6.910347143499239
    },
    {
        "edge": "m9->a10.h1<v>",
        "improvement": 0.41408856391906745,
        "stdev": 0.10023910991282321,
        "robustness": 4.131007989588051
    },
    {
        "edge": "m9->a10.h10<v>",
        "improvement": 0.4092443714141849,
        "stdev": 0.08832394378913361,
        "robustness": 4.6334476684060135
    },
    {
        "edge": "m10->a11.h10<v>",
        "improvement": 0.3792505474090584,
        "stdev": 0.04349548477145305,
        "robustness": 8.719308438607587
    },
    {
        "edge": "m0->a2.h7<v>",
        "improvement": 0.3761962604522706,
        "stdev": 0.4775697874066261,
        "robustness": 0.787730443534023
    },
    {
        "edge": "a11.h8->logits",
        "improvement": 0.34524202728271547,
        "stdev": 0.03709944740299547,
        "robustness": 9.305853629907169
    },
    {
        "edge": "a10.h8->logits",
        "improvement": 0.34458942794799885,
        "stdev": 0.05491442901297172,
        "robustness": 6.275025237294209
    },
    {
        "edge": "a0.h4->m1",
        "improvement": 0.342903289794922,
        "stdev": 0.2922136323692427,
        "robustness": 1.173467805094143
    },
    {
        "edge": "input->m1",
        "improvement": 0.33713063621521044,
        "stdev": 0.3009203565392244,
        "robustness": 1.1203317718097483
    },
    {
        "edge": "m0->m2",
        "improvement": 0.3338151473999025,
        "stdev": 0.20746471579221654,
        "robustness": 1.6090213033344452
    },
    {
        "edge": "a10.h1->logits",
        "improvement": 0.2911085586547859,
        "stdev": 0.03885499923301159,
        "robustness": 7.492177696595016
    },
    {
        "edge": "m1->m2",
        "improvement": 0.28946888732910203,
        "stdev": 0.27347419681302537,
        "robustness": 1.0584870188941893
    },
    {
        "edge": "a10.h10->logits",
        "improvement": 0.2878335628509525,
        "stdev": 0.03657671737034991,
        "robustness": 7.869310959115163
    },
    {
        "edge": "m10->a11.h7<v>",
        "improvement": 0.2776361541748047,
        "stdev": 0.07003909026680138,
        "robustness": 3.9640171383894254
    },
    {
        "edge": "m10->a11.h11<v>",
        "improvement": 0.27182427978515644,
        "stdev": 0.04600908282266035,
        "robustness": 5.9080569119990765
    },
    {
        "edge": "a10.h8->m10",
        "improvement": 0.23527657890319897,
        "stdev": 0.07930329726793707,
        "robustness": 2.966794408412613
    },
    {
        "edge": "m10->m11",
        "improvement": 0.2274223480224613,
        "stdev": 0.0439285606244033,
        "robustness": 5.177095374623386
    },
    {
        "edge": "m10->a11.h9<v>",
        "improvement": 0.2201653919219977,
        "stdev": 0.076985990141496,
        "robustness": 2.8598111359917024
    },
    {
        "edge": "m9->a11.h6<v>",
        "improvement": 0.18314721107482956,
        "stdev": 0.030605073907452783,
        "robustness": 5.984210710572097
    },
    {
        "edge": "m0->a1.h11<v>",
        "improvement": 0.17890520668029808,
        "stdev": 0.16599357398466136,
        "robustness": 1.0777839309419883
    },
    {
        "edge": "m0->a1.h4<v>",
        "improvement": 0.17552663421630932,
        "stdev": 0.17339261760324542,
        "robustness": 1.012307424863652
    },
    {
        "edge": "m0->a1.h3<v>",
        "improvement": 0.1681707439422615,
        "stdev": 0.15994169299384034,
        "robustness": 1.0514503178901455
    },
    {
        "edge": "a11.h10->m11",
        "improvement": 0.16361112785339404,
        "stdev": 0.03658322018353243,
        "robustness": 4.472299787514111
    },
    {
        "edge": "a11.h5->m11",
        "improvement": 0.16150697898864763,
        "stdev": 0.03196843260434872,
        "robustness": 5.052076871816279
    },
    {
        "edge": "m8->m10",
        "improvement": 0.13546023559570308,
        "stdev": 0.05291600295334818,
        "robustness": 2.559910575920248
    },
    {
        "edge": "m9->a10.h5<v>",
        "improvement": 0.12412007522583046,
        "stdev": 0.04077616684123656,
        "robustness": 3.0439368101738533
    },
    {
        "edge": "m9->a10.h6<v>",
        "improvement": 0.09744367599487358,
        "stdev": 0.03395988664119046,
        "robustness": 2.8693757733773664
    },
    {
        "edge": "m8->a10.h10<v>",
        "improvement": 0.09210503578186113,
        "stdev": 0.02412749695652833,
        "robustness": 3.8174302103451176
    },
    {
        "edge": "a11.h2->logits",
        "improvement": 0.08138016891479527,
        "stdev": 0.017979514001540135,
        "robustness": 4.526271895214976
    },
    {
        "edge": "a10.h6->logits",
        "improvement": 0.04027175331115718,
        "stdev": 0.006802361437977447,
        "robustness": 5.920260732739191
    },
    {
        "edge": "a10.h9->logits",
        "improvement": 0.030548547744751353,
        "stdev": 0.00871089594508236,
        "robustness": 3.5069352150851025
    }
]