[
    {
        "edge": "full_attack",
        "improvement": 14.557856029510496,
        "stdev": 0.36617316404883155,
        "robustness": 39.7567529759475
    },
    {
        "edge": "m11->logits",
        "improvement": 6.081010545253753,
        "stdev": 0.19251597366714082,
        "robustness": 31.58704407441946
    },
    {
        "edge": "input->a0.h4<v>",
        "improvement": 2.6418166542053223,
        "stdev": 1.1085191704561252,
        "robustness": 2.3831943773406166
    },
    {
        "edge": "input->m0",
        "improvement": 2.338203205108642,
        "stdev": 1.1815165703148487,
        "robustness": 1.978984691247759
    },
    {
        "edge": "a11.h6->logits",
        "improvement": 0.9928413925170894,
        "stdev": 0.04825702566820176,
        "robustness": 20.574027901004833
    },
    {
        "edge": "a11.h7->logits",
        "improvement": 0.8867306556701653,
        "stdev": 0.0397883372636855,
        "robustness": 22.286195318834732
    },
    {
        "edge": "a11.h11->logits",
        "improvement": 0.8286631813049317,
        "stdev": 0.04240521871720629,
        "robustness": 19.541537725136042
    },
    {
        "edge": "a11.h3->logits",
        "improvement": 0.7991061859130859,
        "stdev": 0.051387212339204444,
        "robustness": 15.550681765693486
    },
    {
        "edge": "m10->a11.h3<v>",
        "improvement": 0.7252004852294922,
        "stdev": 0.04518206979460106,
        "robustness": 16.05062558059588
    },
    {
        "edge": "a11.h0->logits",
        "improvement": 0.6382862472534176,
        "stdev": 0.03314516504474535,
        "robustness": 19.257295789347953
    },
    {
        "edge": "a0.h4->m0",
        "improvement": 0.6358948822021482,
        "stdev": 0.4219634961555472,
        "robustness": 1.5069902681054195
    },
    {
        "edge": "a11.h1->logits",
        "improvement": 0.6139713783264158,
        "stdev": 0.03098636719324555,
        "robustness": 19.814242001890758
    },
    {
        "edge": "a11.h5->logits",
        "improvement": 0.585845958709716,
        "stdev": 0.0245793190087029,
        "robustness": 23.83491416105886
    },
    {
        "edge": "m10->a11.h7<v>",
        "improvement": 0.5586166381835938,
        "stdev": 0.03968963418625235,
        "robustness": 14.074623000105321
    },
    {
        "edge": "m1->a2.h7<v>",
        "improvement": 0.45243664169311515,
        "stdev": 0.3220731390191763,
        "robustness": 1.404763660424898
    },
    {
        "edge": "m10->logits",
        "improvement": 0.41302663040161125,
        "stdev": 0.03821167667484588,
        "robustness": 10.808911472693893
    },
    {
        "edge": "m10->a11.h5<v>",
        "improvement": 0.3909375305175775,
        "stdev": 0.034568651854309,
        "robustness": 11.309018707619835
    },
    {
        "edge": "m9->a10.h10<v>",
        "improvement": 0.36142088317871046,
        "stdev": 0.04611493392471529,
        "robustness": 7.8373934953207645
    },
    {
        "edge": "m10->a11.h0<v>",
        "improvement": 0.3539610481262203,
        "stdev": 0.02998762869801068,
        "robustness": 11.803569121479132
    },
    {
        "edge": "m0->m1",
        "improvement": 0.3473211174011226,
        "stdev": 0.16655987414149778,
        "robustness": 2.0852628473173707
    },
    {
        "edge": "m10->a11.h1<v>",
        "improvement": 0.34463823699951135,
        "stdev": 0.023980104608494292,
        "robustness": 14.37184043298263
    },
    {
        "edge": "m9->a10.h1<v>",
        "improvement": 0.28923402404785126,
        "stdev": 0.05132794607952409,
        "robustness": 5.635020415578901
    },
    {
        "edge": "a11.h7->m11",
        "improvement": 0.28540604782104495,
        "stdev": 0.024104036606809005,
        "robustness": 11.840591369680475
    },
    {
        "edge": "m10->a11.h11<v>",
        "improvement": 0.27550704956054695,
        "stdev": 0.02742626365966446,
        "robustness": 10.045373040212272
    },
    {
        "edge": "a11.h0->m11",
        "improvement": 0.27334813308715766,
        "stdev": 0.021887620704118316,
        "robustness": 12.488709338595456
    },
    {
        "edge": "m9->m10",
        "improvement": 0.2729965820312499,
        "stdev": 0.08859112820769803,
        "robustness": 3.0815340943759213
    },
    {
        "edge": "a11.h6->m11",
        "improvement": 0.26563401031494127,
        "stdev": 0.02872479085851546,
        "robustness": 9.247552458199852
    },
    {
        "edge": "a11.h11->m11",
        "improvement": 0.23792718124389634,
        "stdev": 0.021192422991454168,
        "robustness": 11.226992842670247
    },
    {
        "edge": "m9->a10.h8<v>",
        "improvement": 0.23340802764892565,
        "stdev": 0.050204610427219055,
        "robustness": 4.649135321691105
    },
    {
        "edge": "a11.h5->m11",
        "improvement": 0.20543181610107375,
        "stdev": 0.017740828611277393,
        "robustness": 11.579606601378583
    },
    {
        "edge": "m8->m9",
        "improvement": 0.20085754776000897,
        "stdev": 0.15388086235319612,
        "robustness": 1.30527958245379
    },
    {
        "edge": "a11.h3->m11",
        "improvement": 0.1735942726135251,
        "stdev": 0.01972842585865841,
        "robustness": 8.79919532644
    },
    {
        "edge": "m9->a11.h0<v>",
        "improvement": 0.153527530670166,
        "stdev": 0.01686731093781883,
        "robustness": 9.102075086902927
    },
    {
        "edge": "a10.h1->logits",
        "improvement": 0.1520302658081052,
        "stdev": 0.013459929927584569,
        "robustness": 11.295026543677375
    },
    {
        "edge": "m9->a10.h4<v>",
        "improvement": 0.14623763656616173,
        "stdev": 0.01564834788685678,
        "robustness": 9.34524447075901
    },
    {
        "edge": "m9->a10.h5<v>",
        "improvement": 0.14604676437377861,
        "stdev": 0.019541925458663005,
        "robustness": 7.473509439113921
    },
    {
        "edge": "a9.h0->m9",
        "improvement": 0.127987339019775,
        "stdev": 0.11714807982185199,
        "robustness": 1.092526136274759
    },
    {
        "edge": "input->m1",
        "improvement": 0.1271027679443355,
        "stdev": 0.11051616371640387,
        "robustness": 1.1500830617908038
    },
    {
        "edge": "a0.h4->m1",
        "improvement": 0.11533552551269466,
        "stdev": 0.09583157055311375,
        "robustness": 1.2035232736665942
    },
    {
        "edge": "m10->a11.h6<v>",
        "improvement": 0.1117460365295404,
        "stdev": 0.01801549245121674,
        "robustness": 6.202774463819514
    },
    {
        "edge": "a11.h8->logits",
        "improvement": 0.10937097549438413,
        "stdev": 0.008448068537075366,
        "robustness": 12.946269909435088
    },
    {
        "edge": "m9->a11.h11<v>",
        "improvement": 0.07659976196288998,
        "stdev": 0.008557340080542064,
        "robustness": 8.95135185021626
    },
    {
        "edge": "m0->a1.h11<v>",
        "improvement": 0.06623810577392497,
        "stdev": 0.06341336932711089,
        "robustness": 1.0445448093483725
    },
    {
        "edge": "a10.h4->logits",
        "improvement": 0.0582433166503904,
        "stdev": 0.004855903107557452,
        "robustness": 11.994332539243588
    },
    {
        "edge": "m0->m2",
        "improvement": 0.05784973144531236,
        "stdev": 0.07514683119276214,
        "robustness": 0.7698226329320488
    },
    {
        "edge": "m0->a1.h3<v>",
        "improvement": 0.05345768356323166,
        "stdev": 0.04924459880198097,
        "robustness": 1.0855542508974856
    },
    {
        "edge": "m0->a1.h4<v>",
        "improvement": 0.051918319702148,
        "stdev": 0.057765052305381495,
        "robustness": 0.8987842584764906
    },
    {
        "edge": "a10.h0->logits",
        "improvement": 0.047769966125487784,
        "stdev": 0.00372332089946393,
        "robustness": 12.829935268906187
    },
    {
        "edge": "a10.h5->logits",
        "improvement": 0.022728290557861186,
        "stdev": 0.004746593201291991,
        "robustness": 4.788337570549483
    },
    {
        "edge": "m10->a11.h3<k>",
        "improvement": 0.004433273315429531,
        "stdev": 0.005052626833966591,
        "robustness": 0.8774195010062057
    },
    {
        "edge": "m10->a11.h10<k>",
        "improvement": 0.002093769073486129,
        "stdev": 0.0040000078679181495,
        "robustness": 0.5234412387733266
    }
]