[
    {
        "edge": "full_attack",
        "improvement": 14.004259922027588,
        "stdev": 0.7652722589102546,
        "robustness": 18.299709363527185
    },
    {
        "edge": "input->a0.h4<v>",
        "improvement": 6.493051367759705,
        "stdev": 1.545638250974676,
        "robustness": 4.200886826956567
    },
    {
        "edge": "m11->logits",
        "improvement": 5.777992136001587,
        "stdev": 0.271219478562699,
        "robustness": 21.303750625218694
    },
    {
        "edge": "input->m0",
        "improvement": 5.094830571174622,
        "stdev": 1.6588953740949457,
        "robustness": 3.071218746362616
    },
    {
        "edge": "a0.h4->m0",
        "improvement": 2.4139525222778317,
        "stdev": 1.1277001341249782,
        "robustness": 2.1405978852267333
    },
    {
        "edge": "m0->m1",
        "improvement": 0.9239291534423826,
        "stdev": 0.49123848310705714,
        "robustness": 1.8808159075782909
    },
    {
        "edge": "a11.h6->logits",
        "improvement": 0.8680082359313968,
        "stdev": 0.0676201412890969,
        "robustness": 12.836533899277061
    },
    {
        "edge": "a11.h7->logits",
        "improvement": 0.8557361774444585,
        "stdev": 0.05503119889255154,
        "robustness": 15.550018801430877
    },
    {
        "edge": "a11.h11->logits",
        "improvement": 0.815967195510864,
        "stdev": 0.06439986003886987,
        "robustness": 12.670325603477556
    },
    {
        "edge": "a11.h9->logits",
        "improvement": 0.8121104030609132,
        "stdev": 0.0684386283914191,
        "robustness": 11.866257728255938
    },
    {
        "edge": "a11.h0->logits",
        "improvement": 0.754066246032715,
        "stdev": 0.05278600348420538,
        "robustness": 14.285344528087764
    },
    {
        "edge": "a11.h1->logits",
        "improvement": 0.6868779201507573,
        "stdev": 0.0566360471303651,
        "robustness": 12.127928323982404
    },
    {
        "edge": "m10->a11.h7<v>",
        "improvement": 0.6804768657684326,
        "stdev": 0.06907171075576574,
        "robustness": 9.851744778329962
    },
    {
        "edge": "m10->a11.h0<v>",
        "improvement": 0.619727991104126,
        "stdev": 0.06938641363828195,
        "robustness": 8.931546661783496
    },
    {
        "edge": "m1->m3",
        "improvement": 0.5346892604827884,
        "stdev": 0.6306479870715892,
        "robustness": 0.8478410641816448
    },
    {
        "edge": "m10->a11.h5<v>",
        "improvement": 0.41634569931030274,
        "stdev": 0.04159120259931625,
        "robustness": 10.01042704442375
    },
    {
        "edge": "m10->a11.h1<v>",
        "improvement": 0.3958142833709717,
        "stdev": 0.055305665902381076,
        "robustness": 7.156848704608594
    },
    {
        "edge": "m10->logits",
        "improvement": 0.36878890609741255,
        "stdev": 0.051379252017780375,
        "robustness": 7.177778803976923
    },
    {
        "edge": "m9->m10",
        "improvement": 0.36216302299499503,
        "stdev": 0.16808775097168535,
        "robustness": 2.154606869931896
    },
    {
        "edge": "a11.h3->logits",
        "improvement": 0.3526418647766114,
        "stdev": 0.047609296741885465,
        "robustness": 7.406995879154962
    },
    {
        "edge": "a11.h5->logits",
        "improvement": 0.3499936981201177,
        "stdev": 0.025465280158782307,
        "robustness": 13.743956317692978
    },
    {
        "edge": "a0.h4->m1",
        "improvement": 0.3352897644042967,
        "stdev": 0.3721133888608268,
        "robustness": 0.9010419255021689
    },
    {
        "edge": "m10->a11.h6<v>",
        "improvement": 0.334875286102295,
        "stdev": 0.04254253061604919,
        "robustness": 7.8715412847575905
    },
    {
        "edge": "m10->a11.h10<v>",
        "improvement": 0.33389590835571337,
        "stdev": 0.03912036557251879,
        "robustness": 8.535091721900166
    },
    {
        "edge": "m10->a11.h9<v>",
        "improvement": 0.33054190254211413,
        "stdev": 0.05983781813732289,
        "robustness": 5.5239631529269255
    },
    {
        "edge": "input->m1",
        "improvement": 0.3294114170074467,
        "stdev": 0.3583296896736301,
        "robustness": 0.9192970231059491
    },
    {
        "edge": "a11.h10->logits",
        "improvement": 0.3245068340301511,
        "stdev": 0.02688883290988773,
        "robustness": 12.068461101218768
    },
    {
        "edge": "a11.h7->m11",
        "improvement": 0.30263154792785674,
        "stdev": 0.04357778648595194,
        "robustness": 6.944628727882159
    },
    {
        "edge": "m9->a10.h1<v>",
        "improvement": 0.29419266510009745,
        "stdev": 0.07277648763452216,
        "robustness": 4.042413623717457
    },
    {
        "edge": "m1->m2",
        "improvement": 0.28084583473205615,
        "stdev": 0.26992918132985116,
        "robustness": 1.040442657397849
    },
    {
        "edge": "m10->a11.h8<v>",
        "improvement": 0.26150605583190956,
        "stdev": 0.030665713411261966,
        "robustness": 8.527636462417066
    },
    {
        "edge": "a11.h0->m11",
        "improvement": 0.2555119476318364,
        "stdev": 0.04238515147832409,
        "robustness": 6.0283363092970434
    },
    {
        "edge": "m9->a10.h8<v>",
        "improvement": 0.22068795394897478,
        "stdev": 0.056644311243354624,
        "robustness": 3.896030318046552
    },
    {
        "edge": "m0->m2",
        "improvement": 0.21526107597351096,
        "stdev": 0.24504454370071266,
        "robustness": 0.8784569234743786
    },
    {
        "edge": "a10.h8->m10",
        "improvement": 0.19388910293579098,
        "stdev": 0.07028366357333238,
        "robustness": 2.758665286898306
    },
    {
        "edge": "m10->a11.h3<v>",
        "improvement": 0.16847052764892556,
        "stdev": 0.03452496775500386,
        "robustness": 4.879672266298014
    },
    {
        "edge": "a11.h5->m11",
        "improvement": 0.16594010162353534,
        "stdev": 0.024932827832392084,
        "robustness": 6.655486603406866
    },
    {
        "edge": "a11.h4->logits",
        "improvement": 0.16426086997985845,
        "stdev": 0.01532052233923813,
        "robustness": 10.721623345645467
    },
    {
        "edge": "a11.h8->logits",
        "improvement": 0.15274966049194383,
        "stdev": 0.016051672055504423,
        "robustness": 9.516121433565113
    },
    {
        "edge": "m0->a1.h4<v>",
        "improvement": 0.1252919120788576,
        "stdev": 0.13847744059716682,
        "robustness": 0.9047821185786777
    },
    {
        "edge": "a11.h2->logits",
        "improvement": 0.11124276351928764,
        "stdev": 0.013634574893851921,
        "robustness": 8.15887289375256
    },
    {
        "edge": "m9->a11.h7<v>",
        "improvement": 0.10102416229248057,
        "stdev": 0.01910197225840327,
        "robustness": 5.288677049985684
    },
    {
        "edge": "m9->a11.h6<v>",
        "improvement": 0.07590466117858874,
        "stdev": 0.020541115467837486,
        "robustness": 3.6952550749951936
    },
    {
        "edge": "a10.h1->m10",
        "improvement": 0.07130342674255363,
        "stdev": 0.05280003162938797,
        "robustness": 1.3504428793346945
    },
    {
        "edge": "a11.h4->m11",
        "improvement": 0.06422197723388656,
        "stdev": 0.012904572713677164,
        "robustness": 4.976683742951027
    },
    {
        "edge": "m2->m4",
        "improvement": 0.06040521430969292,
        "stdev": 0.17179141280168608,
        "robustness": 0.35161952116561246
    },
    {
        "edge": "a11.h8->m11",
        "improvement": 0.05644532966613802,
        "stdev": 0.016377164216108516,
        "robustness": 3.4465875118122473
    },
    {
        "edge": "m10->a11.h0<k>",
        "improvement": 0.010184364318847727,
        "stdev": 0.012087309432500916,
        "robustness": 0.8425666915966872
    },
    {
        "edge": "m5->m10",
        "improvement": -0.0057793426513672586,
        "stdev": 0.017981967817130632,
        "robustness": -0.3213965629424346
    },
    {
        "edge": "m6->m10",
        "improvement": -0.006645280838012191,
        "stdev": 0.014438987389979918,
        "robustness": -0.4602317779308922
    },
    {
        "edge": "m10->a11.h2<k>",
        "improvement": -0.011340368270873924,
        "stdev": 0.005643525625248796,
        "robustness": -2.0094474666931244
    }
]