[
    {
        "edge": "full_attack",
        "improvement": 14.25547108078003,
        "stdev": 0.6538828082400471,
        "robustness": 21.801263010950276
    },
    {
        "edge": "input->a0.h4<v>",
        "improvement": 6.323342972278595,
        "stdev": 1.6879078621909158,
        "robustness": 3.746260749132866
    },
    {
        "edge": "m11->logits",
        "improvement": 5.35387177491188,
        "stdev": 0.2471714490819224,
        "robustness": 21.660559076697385
    },
    {
        "edge": "input->m0",
        "improvement": 5.107779126644134,
        "stdev": 1.7106209410274213,
        "robustness": 2.98592107938088
    },
    {
        "edge": "a0.h4->m0",
        "improvement": 2.3806182255744934,
        "stdev": 1.3679912992306176,
        "robustness": 1.7402290693759492
    },
    {
        "edge": "a11.h9->logits",
        "improvement": 1.012755613327026,
        "stdev": 0.07182540019772056,
        "robustness": 14.100243236224483
    },
    {
        "edge": "a11.h6->logits",
        "improvement": 0.9512053909301761,
        "stdev": 0.08278615759562993,
        "robustness": 11.489908682274532
    },
    {
        "edge": "a11.h1->logits",
        "improvement": 0.8941025600433345,
        "stdev": 0.06007117516164689,
        "robustness": 14.88405308598298
    },
    {
        "edge": "a11.h7->logits",
        "improvement": 0.8633202114105227,
        "stdev": 0.07109932137911681,
        "robustness": 12.142453608060679
    },
    {
        "edge": "m0->m1",
        "improvement": 0.83107905960083,
        "stdev": 0.5401575641400608,
        "robustness": 1.5385863584525021
    },
    {
        "edge": "a11.h0->logits",
        "improvement": 0.7282538719177243,
        "stdev": 0.051997323697666235,
        "robustness": 14.005602983570673
    },
    {
        "edge": "m10->a11.h9<v>",
        "improvement": 0.6511740055084232,
        "stdev": 0.07519578383547217,
        "robustness": 8.659714312350108
    },
    {
        "edge": "a11.h3->logits",
        "improvement": 0.6469644050598147,
        "stdev": 0.047310856126231295,
        "robustness": 13.67475581785357
    },
    {
        "edge": "m10->a11.h3<v>",
        "improvement": 0.6176407699584958,
        "stdev": 0.04841944690821625,
        "robustness": 12.756047608914114
    },
    {
        "edge": "m10->a11.h1<v>",
        "improvement": 0.45222004699706986,
        "stdev": 0.052871907548150514,
        "robustness": 8.553125241135522
    },
    {
        "edge": "a11.h5->logits",
        "improvement": 0.42281394958496055,
        "stdev": 0.03248321301254526,
        "robustness": 13.016383244529
    },
    {
        "edge": "m10->a11.h0<v>",
        "improvement": 0.4165269069671629,
        "stdev": 0.04008882958747336,
        "robustness": 10.390098969048372
    },
    {
        "edge": "m9->a10.h10<v>",
        "improvement": 0.40624254035949736,
        "stdev": 0.08793066335647845,
        "robustness": 4.620032703637811
    },
    {
        "edge": "m10->a11.h2<v>",
        "improvement": 0.40228062057495073,
        "stdev": 0.04776508557053792,
        "robustness": 8.422064270792017
    },
    {
        "edge": "a11.h2->logits",
        "improvement": 0.34250453186035124,
        "stdev": 0.02379246214551649,
        "robustness": 14.395506012180148
    },
    {
        "edge": "m10->a11.h7<v>",
        "improvement": 0.3362118148803708,
        "stdev": 0.05650171360322471,
        "robustness": 5.950471117413724
    },
    {
        "edge": "input->m1",
        "improvement": 0.29921321487426766,
        "stdev": 0.3261660659100235,
        "robustness": 0.9173646376714398
    },
    {
        "edge": "m9->m10",
        "improvement": 0.2929194412231446,
        "stdev": 0.15059252290800818,
        "robustness": 1.9451127822732546
    },
    {
        "edge": "m10->a11.h5<v>",
        "improvement": 0.2899795684814457,
        "stdev": 0.05377848342409587,
        "robustness": 5.39211130582976
    },
    {
        "edge": "a11.h4->logits",
        "improvement": 0.28224937438964837,
        "stdev": 0.02105584985775441,
        "robustness": 13.404796115873806
    },
    {
        "edge": "a0.h4->m1",
        "improvement": 0.2786583824157711,
        "stdev": 0.30549117973909634,
        "robustness": 0.9121650669382937
    },
    {
        "edge": "m9->a10.h1<v>",
        "improvement": 0.2627439880371094,
        "stdev": 0.09341156739037505,
        "robustness": 2.8127564430974537
    },
    {
        "edge": "a11.h10->logits",
        "improvement": 0.2507274742126464,
        "stdev": 0.037285513129739746,
        "robustness": 6.72452792429617
    },
    {
        "edge": "m1->m3",
        "improvement": 0.2469000282287599,
        "stdev": 0.31807230654095553,
        "robustness": 0.7762386826876065
    },
    {
        "edge": "m10->a11.h6<v>",
        "improvement": 0.22286414718627956,
        "stdev": 0.036125398902766954,
        "robustness": 6.169181627201623
    },
    {
        "edge": "a10.h10->logits",
        "improvement": 0.20188074874877948,
        "stdev": 0.016845157997234586,
        "robustness": 11.98449719390709
    },
    {
        "edge": "a11.h1->m11",
        "improvement": 0.19044804000854487,
        "stdev": 0.026491106991166448,
        "robustness": 7.189131057152517
    },
    {
        "edge": "a11.h8->logits",
        "improvement": 0.17999490356445325,
        "stdev": 0.016067713895841152,
        "robustness": 11.202272129767122
    },
    {
        "edge": "m9->a10.h8<v>",
        "improvement": 0.17388358116149938,
        "stdev": 0.07301209618112,
        "robustness": 2.381572236060022
    },
    {
        "edge": "a11.h3->m11",
        "improvement": 0.16865953826904256,
        "stdev": 0.021492985526239374,
        "robustness": 7.847189868673071
    },
    {
        "edge": "a11.h0->m11",
        "improvement": 0.16041426467895548,
        "stdev": 0.03291107229163086,
        "robustness": 4.8741731432356925
    },
    {
        "edge": "m0->m2",
        "improvement": 0.15847602081298806,
        "stdev": 0.17752591060632253,
        "robustness": 0.8926923414825959
    },
    {
        "edge": "m0->a1.h11<v>",
        "improvement": 0.14967558288574256,
        "stdev": 0.17352587418930396,
        "robustness": 0.8625548413745925
    },
    {
        "edge": "m0->a1.h3<v>",
        "improvement": 0.12630667114257843,
        "stdev": 0.14555120800450594,
        "robustness": 0.8677816754270309
    },
    {
        "edge": "m9->a10.h6<v>",
        "improvement": 0.1258796310424808,
        "stdev": 0.05969017298075543,
        "robustness": 2.1088836697301137
    },
    {
        "edge": "m0->a1.h4<v>",
        "improvement": 0.12062599182128864,
        "stdev": 0.1434454331989702,
        "robustness": 0.840919011021918
    },
    {
        "edge": "a11.h4->m11",
        "improvement": 0.10447454833984349,
        "stdev": 0.021874086126329875,
        "robustness": 4.776178887495889
    },
    {
        "edge": "a11.h5->m11",
        "improvement": 0.072639251708984,
        "stdev": 0.03075616403338763,
        "robustness": 2.361778654520434
    },
    {
        "edge": "a10.h3->logits",
        "improvement": 0.06617993164062508,
        "stdev": 0.008282323138513204,
        "robustness": 7.99050345341939
    },
    {
        "edge": "m9->a11.h9<v>",
        "improvement": 0.06574777603149418,
        "stdev": 0.010147592177172265,
        "robustness": 6.479150411601927
    },
    {
        "edge": "m3->m4",
        "improvement": 0.06017886734008826,
        "stdev": 0.18249098210572023,
        "robustness": 0.329763512945673
    },
    {
        "edge": "a9.h6->m9",
        "improvement": 0.05678369903564473,
        "stdev": 0.03682567959398167,
        "robustness": 1.541959297471451
    },
    {
        "edge": "m9->a11.h3<v>",
        "improvement": 0.05092750167846649,
        "stdev": 0.01253271934674112,
        "robustness": 4.063563562660418
    },
    {
        "edge": "a10.h10->a11.h9<v>",
        "improvement": 0.04981393814086932,
        "stdev": 0.010729709131956793,
        "robustness": 4.642617756757836
    },
    {
        "edge": "a11.h2->m11",
        "improvement": 0.04238971710205064,
        "stdev": 0.015737419021965363,
        "robustness": 2.6935622062858955
    },
    {
        "edge": "m2->m4",
        "improvement": 0.010102859497070682,
        "stdev": 0.15469029437737336,
        "robustness": 0.06531023512324786
    }
]