[
    {
        "edge": "full_attack",
        "improvement": 14.60601741027832,
        "stdev": 0.2982841883584462,
        "robustness": 48.96678396082584
    },
    {
        "edge": "m11->logits",
        "improvement": 5.101433072090149,
        "stdev": 0.1582111303905087,
        "robustness": 32.24446383448753
    },
    {
        "edge": "input->a0.h4<v>",
        "improvement": 2.405242712974548,
        "stdev": 1.3135518356431186,
        "robustness": 1.831098436855318
    },
    {
        "edge": "input->m0",
        "improvement": 2.042021835327148,
        "stdev": 1.2024567941189073,
        "robustness": 1.698208073100395
    },
    {
        "edge": "a11.h6->logits",
        "improvement": 0.8386694793701173,
        "stdev": 0.04100453102472069,
        "robustness": 20.453092826851325
    },
    {
        "edge": "a11.h11->logits",
        "improvement": 0.8105020942687986,
        "stdev": 0.038888941706877955,
        "robustness": 20.841454117674076
    },
    {
        "edge": "a11.h9->logits",
        "improvement": 0.6291113700866697,
        "stdev": 0.03597251338199721,
        "robustness": 17.48866873454315
    },
    {
        "edge": "a0.h4->m0",
        "improvement": 0.621027820587158,
        "stdev": 0.5062555898160844,
        "robustness": 1.2267080760782685
    },
    {
        "edge": "a11.h7->logits",
        "improvement": 0.553237854003906,
        "stdev": 0.02808533658530752,
        "robustness": 19.69845909887814
    },
    {
        "edge": "a11.h1->logits",
        "improvement": 0.5039624252319328,
        "stdev": 0.03020111480999093,
        "robustness": 16.686881540717675
    },
    {
        "edge": "a11.h0->logits",
        "improvement": 0.41493195343017586,
        "stdev": 0.028979478440620918,
        "robustness": 14.318130475687246
    },
    {
        "edge": "m10->a11.h7<v>",
        "improvement": 0.39965308380126885,
        "stdev": 0.026131747494837845,
        "robustness": 15.293775660438236
    },
    {
        "edge": "m10->a11.h6<v>",
        "improvement": 0.3644837837219237,
        "stdev": 0.027618729201107434,
        "robustness": 13.196978798985034
    },
    {
        "edge": "a11.h3->logits",
        "improvement": 0.36374415206909116,
        "stdev": 0.03237949479638908,
        "robustness": 11.23378095786891
    },
    {
        "edge": "m10->a11.h11<v>",
        "improvement": 0.3622072029113763,
        "stdev": 0.026092504056240726,
        "robustness": 13.881657434283111
    },
    {
        "edge": "m10->a11.h9<v>",
        "improvement": 0.3597747230529782,
        "stdev": 0.02979258430687672,
        "robustness": 12.075982376927774
    },
    {
        "edge": "m10->a11.h1<v>",
        "improvement": 0.32677460479736276,
        "stdev": 0.024810583072182157,
        "robustness": 13.1707749006409
    },
    {
        "edge": "a11.h5->logits",
        "improvement": 0.305435123443603,
        "stdev": 0.018290286123430137,
        "robustness": 16.69930811264543
    },
    {
        "edge": "m0->m1",
        "improvement": 0.27901413345336845,
        "stdev": 0.10076281808560517,
        "robustness": 2.769018758648911
    },
    {
        "edge": "m10->a11.h5<v>",
        "improvement": 0.2295966377258294,
        "stdev": 0.018373693582947413,
        "robustness": 12.495943545010327
    },
    {
        "edge": "m9->a10.h8<v>",
        "improvement": 0.21309807968139616,
        "stdev": 0.030938761748329758,
        "robustness": 6.887737829161839
    },
    {
        "edge": "m10->a11.h0<v>",
        "improvement": 0.1824296302795405,
        "stdev": 0.016247692487346435,
        "robustness": 11.228033175887294
    },
    {
        "edge": "m9->a10.h10<v>",
        "improvement": 0.17407468414306582,
        "stdev": 0.022132302491473462,
        "robustness": 7.865186381314309
    },
    {
        "edge": "a11.h2->logits",
        "improvement": 0.16858635330200133,
        "stdev": 0.0074028190232256295,
        "robustness": 22.77326418126364
    },
    {
        "edge": "m9->m10",
        "improvement": 0.1629171638488769,
        "stdev": 0.03642353912483164,
        "robustness": 4.472853757854864
    },
    {
        "edge": "a11.h6->m11",
        "improvement": 0.15818679809570302,
        "stdev": 0.01720861969478047,
        "robustness": 9.192300190333249
    },
    {
        "edge": "a11.h4->logits",
        "improvement": 0.14386228179931582,
        "stdev": 0.005386374646827672,
        "robustness": 26.70855468325882
    },
    {
        "edge": "a2.h7->m3",
        "improvement": 0.14218671035766572,
        "stdev": 0.2176560689259879,
        "robustness": 0.6532632471921337
    },
    {
        "edge": "m9->a10.h1<v>",
        "improvement": 0.1415695495605469,
        "stdev": 0.02751154103430475,
        "robustness": 5.1458240519504415
    },
    {
        "edge": "a11.h8->logits",
        "improvement": 0.1335134658813475,
        "stdev": 0.008815526263266968,
        "robustness": 15.145263242839958
    },
    {
        "edge": "a10.h1->logits",
        "improvement": 0.12950009536743146,
        "stdev": 0.010070724262102903,
        "robustness": 12.859064750164263
    },
    {
        "edge": "a11.h10->logits",
        "improvement": 0.12506509399414067,
        "stdev": 0.01385378966757341,
        "robustness": 9.027500560866153
    },
    {
        "edge": "m9->a10.h6<v>",
        "improvement": 0.10526473999023445,
        "stdev": 0.012069392687915112,
        "robustness": 8.72162690469375
    },
    {
        "edge": "m1->m3",
        "improvement": 0.09912442016601553,
        "stdev": 0.11955695708439412,
        "robustness": 0.8290978842498019
    },
    {
        "edge": "a8.h5->m8",
        "improvement": 0.08051974868774359,
        "stdev": 0.08278670633045027,
        "robustness": 0.9726168881069152
    },
    {
        "edge": "m9->a10.h9<v>",
        "improvement": 0.07970783996581954,
        "stdev": 0.01245039470953707,
        "robustness": 6.402033174479432
    },
    {
        "edge": "input->m1",
        "improvement": 0.07311145782470696,
        "stdev": 0.06543891612256147,
        "robustness": 1.1172473836176546
    },
    {
        "edge": "a0.h4->m1",
        "improvement": 0.06893247985839768,
        "stdev": 0.05371486060587643,
        "robustness": 1.2833037092691708
    },
    {
        "edge": "m0->m2",
        "improvement": 0.05686811447143558,
        "stdev": 0.037840199948011535,
        "robustness": 1.502849206652354
    },
    {
        "edge": "m8->m9",
        "improvement": 0.05190319061279247,
        "stdev": 0.0674143080143574,
        "robustness": 0.76991357089564
    },
    {
        "edge": "a11.h4->m11",
        "improvement": 0.04207171249389585,
        "stdev": 0.004905786347369521,
        "robustness": 8.575936560395597
    },
    {
        "edge": "m0->a1.h11<v>",
        "improvement": 0.035575317382812166,
        "stdev": 0.029729827065153955,
        "robustness": 1.1966203942205118
    },
    {
        "edge": "m3->m4",
        "improvement": 0.033550140380858906,
        "stdev": 0.039524336719777904,
        "robustness": 0.8488476509732414
    },
    {
        "edge": "m1->a2.h6<v>",
        "improvement": 0.03350177383422803,
        "stdev": 0.03440932825759333,
        "robustness": 0.9736247561541681
    },
    {
        "edge": "m0->a1.h3<v>",
        "improvement": 0.03280069732665947,
        "stdev": 0.034595763853052214,
        "robustness": 0.9481131119400222
    },
    {
        "edge": "m0->a1.h4<v>",
        "improvement": 0.028613731384276697,
        "stdev": 0.03392172098598038,
        "robustness": 0.843522396640859
    },
    {
        "edge": "m0->a2.h6<v>",
        "improvement": 0.022322238922118487,
        "stdev": 0.032441671178980815,
        "robustness": 0.6880730280190135
    },
    {
        "edge": "m9->a10.h4<v>",
        "improvement": 0.01834622955322196,
        "stdev": 0.01666025915704199,
        "robustness": 1.1011971290655067
    },
    {
        "edge": "a1.h4->m1",
        "improvement": 0.0175845642089838,
        "stdev": 0.017123831376433845,
        "robustness": 1.0269059430930874
    },
    {
        "edge": "a10.h11->logits",
        "improvement": 0.011451297760009638,
        "stdev": 0.0017777764252302009,
        "robustness": 6.441359890643634
    },
    {
        "edge": "m9->a11.h9<v>",
        "improvement": 0.0016483650207517186,
        "stdev": 0.004921608024551693,
        "robustness": 0.33492407614112407
    }
]