[
    {
        "edge": "full_attack",
        "improvement": 14.540676887512207,
        "stdev": 0.41533840819139894,
        "robustness": 35.00922765806787
    },
    {
        "edge": "m11->logits",
        "improvement": 6.0536751674413685,
        "stdev": 0.21516060232189937,
        "robustness": 28.135611734273418
    },
    {
        "edge": "input->a0.h4<v>",
        "improvement": 4.188279188394547,
        "stdev": 1.5912913374676778,
        "robustness": 2.632000243940006
    },
    {
        "edge": "input->m0",
        "improvement": 3.4563957653045656,
        "stdev": 1.5042191112827052,
        "robustness": 2.2978007255586355
    },
    {
        "edge": "a0.h4->m0",
        "improvement": 1.5080304813385013,
        "stdev": 0.9557281967233301,
        "robustness": 1.5778863556696496
    },
    {
        "edge": "a11.h6->logits",
        "improvement": 0.9835160751342773,
        "stdev": 0.0582748796455228,
        "robustness": 16.877187582657495
    },
    {
        "edge": "a11.h7->logits",
        "improvement": 0.8596337127685549,
        "stdev": 0.047962929319337315,
        "robustness": 17.922877625866246
    },
    {
        "edge": "a11.h0->logits",
        "improvement": 0.6830443840026854,
        "stdev": 0.04571899670769336,
        "robustness": 14.940056282725605
    },
    {
        "edge": "a11.h1->logits",
        "improvement": 0.6598607635498048,
        "stdev": 0.04414439768922788,
        "robustness": 14.947780422674656
    },
    {
        "edge": "a11.h10->logits",
        "improvement": 0.5588467216491697,
        "stdev": 0.02890222349116445,
        "robustness": 19.335769160459638
    },
    {
        "edge": "m10->a11.h6<v>",
        "improvement": 0.5165831489562986,
        "stdev": 0.04082901247591629,
        "robustness": 12.652354725968802
    },
    {
        "edge": "a11.h3->logits",
        "improvement": 0.5071842422485355,
        "stdev": 0.042999610413430006,
        "robustness": 11.795089243183641
    },
    {
        "edge": "m10->a11.h7<v>",
        "improvement": 0.4686234779357914,
        "stdev": 0.05214817949764816,
        "robustness": 8.986382313824127
    },
    {
        "edge": "m0->m1",
        "improvement": 0.440220592498779,
        "stdev": 0.2760861180589929,
        "robustness": 1.5945046262873475
    },
    {
        "edge": "m10->a11.h1<v>",
        "improvement": 0.421150489807129,
        "stdev": 0.04076171846327117,
        "robustness": 10.33201017240261
    },
    {
        "edge": "m10->logits",
        "improvement": 0.3835218658447266,
        "stdev": 0.04208397909761481,
        "robustness": 9.113251029688477
    },
    {
        "edge": "m10->a11.h0<v>",
        "improvement": 0.35802855300903325,
        "stdev": 0.032883648565068854,
        "robustness": 10.887738089664248
    },
    {
        "edge": "m10->a11.h10<v>",
        "improvement": 0.33826338577270487,
        "stdev": 0.03757347718481336,
        "robustness": 9.0027171057095
    },
    {
        "edge": "m10->a11.h3<v>",
        "improvement": 0.3161872367858889,
        "stdev": 0.03140803559896479,
        "robustness": 10.067080947791286
    },
    {
        "edge": "m10->a11.h5<v>",
        "improvement": 0.3061045417785646,
        "stdev": 0.025389126207477197,
        "robustness": 12.056521334255908
    },
    {
        "edge": "a11.h5->logits",
        "improvement": 0.30185159301757825,
        "stdev": 0.019494554491162323,
        "robustness": 15.483892856049616
    },
    {
        "edge": "a11.h6->m11",
        "improvement": 0.26737614822387723,
        "stdev": 0.028136850211875463,
        "robustness": 9.502703615027535
    },
    {
        "edge": "m9->a10.h8<v>",
        "improvement": 0.25413889312744153,
        "stdev": 0.0587106686793699,
        "robustness": 4.3286663028033665
    },
    {
        "edge": "a11.h2->logits",
        "improvement": 0.23455685043334995,
        "stdev": 0.010542173139280856,
        "robustness": 22.24938324711962
    },
    {
        "edge": "m9->a10.h10<v>",
        "improvement": 0.22775307464599592,
        "stdev": 0.03992688441112078,
        "robustness": 5.704253612700123
    },
    {
        "edge": "a11.h7->m11",
        "improvement": 0.21751573562622095,
        "stdev": 0.027910496575078977,
        "robustness": 7.793330908359357
    },
    {
        "edge": "a11.h1->m11",
        "improvement": 0.20515235137939491,
        "stdev": 0.024358273335580667,
        "robustness": 8.422286282489669
    },
    {
        "edge": "a11.h0->m11",
        "improvement": 0.174668796539307,
        "stdev": 0.020029952788399953,
        "robustness": 8.720379842356085
    },
    {
        "edge": "a11.h10->m11",
        "improvement": 0.16545272445678716,
        "stdev": 0.024171368268821297,
        "robustness": 6.844987946760342
    },
    {
        "edge": "m9->m10",
        "improvement": 0.15504446029663121,
        "stdev": 0.0793913919563203,
        "robustness": 1.95291273368697
    },
    {
        "edge": "input->m1",
        "improvement": 0.1174473876953126,
        "stdev": 0.12660728280703978,
        "robustness": 0.9276511199937238
    },
    {
        "edge": "m0->m2",
        "improvement": 0.10632413864135781,
        "stdev": 0.10354105640537616,
        "robustness": 1.026879021062771
    },
    {
        "edge": "a0.h4->m1",
        "improvement": 0.10506181335449227,
        "stdev": 0.10522739084579208,
        "robustness": 0.998426479170785
    },
    {
        "edge": "m1->m3",
        "improvement": 0.10184436798095664,
        "stdev": 0.1289260124938723,
        "robustness": 0.7899442944905876
    },
    {
        "edge": "m0->a2.h7<v>",
        "improvement": 0.09865264892578107,
        "stdev": 0.19706021515380653,
        "robustness": 0.5006218472297016
    },
    {
        "edge": "m9->a10.h3<v>",
        "improvement": 0.09773027038574256,
        "stdev": 0.03528553367426895,
        "robustness": 2.76969795293219
    },
    {
        "edge": "a11.h5->m11",
        "improvement": 0.07579049301147478,
        "stdev": 0.01831550533057832,
        "robustness": 4.138050883310336
    },
    {
        "edge": "m9->a11.h10<v>",
        "improvement": 0.0752445144653322,
        "stdev": 0.008852763769237807,
        "robustness": 8.499550697014758
    },
    {
        "edge": "m9->a10.h9<v>",
        "improvement": 0.07370574188232393,
        "stdev": 0.018452309960126534,
        "robustness": 3.9943910568158754
    },
    {
        "edge": "m9->a10.h4<v>",
        "improvement": 0.06640493011474646,
        "stdev": 0.024520629079032102,
        "robustness": 2.7081250607689404
    },
    {
        "edge": "m0->a1.h11<v>",
        "improvement": 0.062457565307616925,
        "stdev": 0.0799429884034077,
        "robustness": 0.7812763389885305
    },
    {
        "edge": "m0->a1.h3<v>",
        "improvement": 0.05516119003295916,
        "stdev": 0.0779878596023862,
        "robustness": 0.7073048332675538
    },
    {
        "edge": "m0->a1.h4<v>",
        "improvement": 0.051897209167480085,
        "stdev": 0.06554427502832834,
        "robustness": 0.791788590918887
    },
    {
        "edge": "m10->a11.h11<v>",
        "improvement": 0.03945947265625005,
        "stdev": 0.013425668411414812,
        "robustness": 2.9391067503723463
    },
    {
        "edge": "a10.h4->logits",
        "improvement": 0.03894347000122078,
        "stdev": 0.005258039214729743,
        "robustness": 7.406462449371905
    },
    {
        "edge": "m9->a10.h5<v>",
        "improvement": 0.03381597137451209,
        "stdev": 0.009281562798158173,
        "robustness": 3.6433488745260125
    },
    {
        "edge": "a11.h2->m11",
        "improvement": 0.02951995849609368,
        "stdev": 0.008855940378900386,
        "robustness": 3.3333510878670887
    },
    {
        "edge": "a9.h6->m9",
        "improvement": 0.0248550529479985,
        "stdev": 0.038570872532661636,
        "robustness": 0.6443995511626386
    },
    {
        "edge": "m2->m4",
        "improvement": 0.024460826873779595,
        "stdev": 0.08683097005567934,
        "robustness": 0.28170624902721203
    },
    {
        "edge": "a10.h9->logits",
        "improvement": 0.023128837585448814,
        "stdev": 0.003934205394337081,
        "robustness": 5.878909529924544
    },
    {
        "edge": "a10.h5->m10",
        "improvement": -0.0026868019104000496,
        "stdev": 0.015633905477082627,
        "robustness": -0.17185737206474538
    }
]