[
    {
        "edge": "full_attack",
        "improvement": 15.067059131622315,
        "stdev": 0.3796986788956905,
        "robustness": 39.681621161925314
    },
    {
        "edge": "m11->logits",
        "improvement": 5.029829501152038,
        "stdev": 0.1671458868393989,
        "robustness": 30.09245154793979
    },
    {
        "edge": "input->a0.h4<v>",
        "improvement": 4.070913633108139,
        "stdev": 1.52413531976052,
        "robustness": 2.6709660095980072
    },
    {
        "edge": "input->m0",
        "improvement": 3.314813719272613,
        "stdev": 1.5657036102085757,
        "robustness": 2.11713998592047
    },
    {
        "edge": "a0.h4->m0",
        "improvement": 0.982819618225097,
        "stdev": 0.6732891749676538,
        "robustness": 1.4597288279175342
    },
    {
        "edge": "a11.h6->logits",
        "improvement": 0.791253868103027,
        "stdev": 0.04060391805893806,
        "robustness": 19.48713094520813
    },
    {
        "edge": "a11.h9->logits",
        "improvement": 0.7059499893188477,
        "stdev": 0.03832517515077822,
        "robustness": 18.420006863413196
    },
    {
        "edge": "a11.h11->logits",
        "improvement": 0.6791391601562493,
        "stdev": 0.035400684239954724,
        "robustness": 19.18435122758853
    },
    {
        "edge": "a11.h7->logits",
        "improvement": 0.6367267723083492,
        "stdev": 0.032102747169569686,
        "robustness": 19.83402756608646
    },
    {
        "edge": "m10->a11.h9<v>",
        "improvement": 0.5989620399475095,
        "stdev": 0.04623738094079835,
        "robustness": 12.954065039159799
    },
    {
        "edge": "a11.h1->logits",
        "improvement": 0.5053629837036127,
        "stdev": 0.029287980011287417,
        "robustness": 17.254962052994053
    },
    {
        "edge": "a11.h0->logits",
        "improvement": 0.4567182273864745,
        "stdev": 0.024972030572067077,
        "robustness": 18.289190623422712
    },
    {
        "edge": "m10->a11.h3<v>",
        "improvement": 0.4441084976196281,
        "stdev": 0.02999669307355753,
        "robustness": 14.805248582921811
    },
    {
        "edge": "m10->a11.h6<v>",
        "improvement": 0.4373145294189449,
        "stdev": 0.03575633984636232,
        "robustness": 12.230405329460343
    },
    {
        "edge": "m9->m10",
        "improvement": 0.43699874877929634,
        "stdev": 0.09131381195987119,
        "robustness": 4.785680713574196
    },
    {
        "edge": "m10->a11.h7<v>",
        "improvement": 0.417188484191894,
        "stdev": 0.031084073049150167,
        "robustness": 13.421294034801527
    },
    {
        "edge": "a11.h3->logits",
        "improvement": 0.3960103378295896,
        "stdev": 0.030842751373256906,
        "robustness": 12.839656651804473
    },
    {
        "edge": "m10->logits",
        "improvement": 0.3913740692138665,
        "stdev": 0.03212492938647131,
        "robustness": 12.182877182562303
    },
    {
        "edge": "m10->a11.h1<v>",
        "improvement": 0.34525444793701165,
        "stdev": 0.02789700838420818,
        "robustness": 12.376038433298525
    },
    {
        "edge": "m10->a11.h11<v>",
        "improvement": 0.3295622596740717,
        "stdev": 0.024380869189703412,
        "robustness": 13.517248179702028
    },
    {
        "edge": "a11.h9->m11",
        "improvement": 0.3111310997009271,
        "stdev": 0.028820612047061978,
        "robustness": 10.795436932181472
    },
    {
        "edge": "m9->a10.h10<v>",
        "improvement": 0.30261604690551724,
        "stdev": 0.041212085212725395,
        "robustness": 7.3428957875704866
    },
    {
        "edge": "m9->a10.h1<v>",
        "improvement": 0.29299413681030195,
        "stdev": 0.05364551549544815,
        "robustness": 5.461670637411671
    },
    {
        "edge": "a11.h5->logits",
        "improvement": 0.27305139160156244,
        "stdev": 0.012878788501255435,
        "robustness": 21.20163644079916
    },
    {
        "edge": "a11.h6->m11",
        "improvement": 0.268497047424316,
        "stdev": 0.022188553803032057,
        "robustness": 12.100700649883095
    },
    {
        "edge": "m0->m1",
        "improvement": 0.26286384963989207,
        "stdev": 0.18215261640862007,
        "robustness": 1.4430967549223326
    },
    {
        "edge": "m9->a10.h8<v>",
        "improvement": 0.25061313629150384,
        "stdev": 0.051645015336988495,
        "robustness": 4.852610356609055
    },
    {
        "edge": "m10->a11.h0<v>",
        "improvement": 0.24891492462158205,
        "stdev": 0.024033424550628724,
        "robustness": 10.357031063018871
    },
    {
        "edge": "m10->a11.h5<v>",
        "improvement": 0.24609550094604415,
        "stdev": 0.013637901191505299,
        "robustness": 18.044968759513434
    },
    {
        "edge": "a11.h4->logits",
        "improvement": 0.22497518539428718,
        "stdev": 0.012326368164405271,
        "robustness": 18.251538684682952
    },
    {
        "edge": "a11.h3->m11",
        "improvement": 0.162777885437011,
        "stdev": 0.01455678794036109,
        "robustness": 11.182266726966773
    },
    {
        "edge": "a11.h0->m11",
        "improvement": 0.16105079650878906,
        "stdev": 0.01777553201408602,
        "robustness": 9.06025183275337
    },
    {
        "edge": "input->m1",
        "improvement": 0.15924580383300757,
        "stdev": 0.18646446557976573,
        "robustness": 0.8540276204255413
    },
    {
        "edge": "a10.h8->m10",
        "improvement": 0.14709397506713806,
        "stdev": 0.03403471970308258,
        "robustness": 4.321880019884974
    },
    {
        "edge": "a0.h4->m1",
        "improvement": 0.1457825088500977,
        "stdev": 0.17583582735769537,
        "robustness": 0.8290830773272304
    },
    {
        "edge": "a11.h10->logits",
        "improvement": 0.13656140136718697,
        "stdev": 0.017449618577808853,
        "robustness": 7.826039334799889
    },
    {
        "edge": "a11.h1->m11",
        "improvement": 0.13535327911376882,
        "stdev": 0.02222298480404904,
        "robustness": 6.090688550941518
    },
    {
        "edge": "a10.h1->logits",
        "improvement": 0.12361804962158196,
        "stdev": 0.010423833661221057,
        "robustness": 11.85917327916198
    },
    {
        "edge": "m9->a11.h6<v>",
        "improvement": 0.11788790512084901,
        "stdev": 0.012655235105334523,
        "robustness": 9.315346901074646
    },
    {
        "edge": "a10.h10->m10",
        "improvement": 0.09786041641235332,
        "stdev": 0.024081311711011355,
        "robustness": 4.06374941642427
    },
    {
        "edge": "m10->m11",
        "improvement": 0.08946002578735346,
        "stdev": 0.015587870997832902,
        "robustness": 5.739079172504739
    },
    {
        "edge": "a11.h4->m11",
        "improvement": 0.08894929885864222,
        "stdev": 0.012745447614190658,
        "robustness": 6.978907414723272
    },
    {
        "edge": "m0->a1.h11<v>",
        "improvement": 0.07391448211669882,
        "stdev": 0.0991049899555547,
        "robustness": 0.745819984945733
    },
    {
        "edge": "m9->a10.h5<v>",
        "improvement": 0.07238376235961841,
        "stdev": 0.014825187288936616,
        "robustness": 4.882485526077314
    },
    {
        "edge": "m0->a1.h3<v>",
        "improvement": 0.05915404129028268,
        "stdev": 0.07329976205489597,
        "robustness": 0.8070154613323408
    },
    {
        "edge": "m0->a1.h4<v>",
        "improvement": 0.05002688598632776,
        "stdev": 0.06260467829182773,
        "robustness": 0.7990918147223857
    },
    {
        "edge": "m0->m2",
        "improvement": 0.04280809020996035,
        "stdev": 0.14204417037541608,
        "robustness": 0.3013716796459902
    },
    {
        "edge": "a11.h5->m11",
        "improvement": 0.027502742767334,
        "stdev": 0.010017609245928033,
        "robustness": 2.745439764334323
    },
    {
        "edge": "m9->a11.h9<v>",
        "improvement": 0.024538219451904375,
        "stdev": 0.008231699915461526,
        "robustness": 2.980941932275065
    },
    {
        "edge": "a10.h0->m10",
        "improvement": 0.011200519561767486,
        "stdev": 0.004172251674199852,
        "robustness": 2.6845263508499886
    },
    {
        "edge": "a10.h3->m10",
        "improvement": 0.00044161605834958095,
        "stdev": 0.007326826055773114,
        "robustness": 0.06027385596272114
    }
]