[
    {
        "edge": "full_attack",
        "improvement": 13.608659103393556,
        "stdev": 0.9116780873218653,
        "robustness": 14.92704419755244
    },
    {
        "edge": "input->a0.h4<v>",
        "improvement": 6.1080441136360175,
        "stdev": 1.6269887334802888,
        "robustness": 3.754201850292049
    },
    {
        "edge": "input->m0",
        "improvement": 4.944600214719773,
        "stdev": 1.8151031689659236,
        "robustness": 2.7241427921349204
    },
    {
        "edge": "m11->logits",
        "improvement": 4.7242487506866455,
        "stdev": 0.24570523003534558,
        "robustness": 19.227302365550155
    },
    {
        "edge": "a0.h4->m0",
        "improvement": 2.4015470752716066,
        "stdev": 1.1780021940492729,
        "robustness": 2.0386609527580863
    },
    {
        "edge": "m0->m1",
        "improvement": 0.9696956462860111,
        "stdev": 0.5628242596951657,
        "robustness": 1.7229101794780723
    },
    {
        "edge": "a11.h9->logits",
        "improvement": 0.8596199455261235,
        "stdev": 0.07011756129117973,
        "robustness": 12.259695427174782
    },
    {
        "edge": "a11.h7->logits",
        "improvement": 0.8483740119934087,
        "stdev": 0.06778702416354307,
        "robustness": 12.515286258128404
    },
    {
        "edge": "a11.h6->logits",
        "improvement": 0.8387504806518562,
        "stdev": 0.0763389629620892,
        "robustness": 10.987187251526974
    },
    {
        "edge": "a11.h11->logits",
        "improvement": 0.7383081474304198,
        "stdev": 0.06439025676849924,
        "robustness": 11.466146968241508
    },
    {
        "edge": "a11.h1->logits",
        "improvement": 0.678549047470093,
        "stdev": 0.06466043877136636,
        "robustness": 10.49403716342512
    },
    {
        "edge": "m10->a11.h3<v>",
        "improvement": 0.5845444240570075,
        "stdev": 0.056157488597496294,
        "robustness": 10.409020037321765
    },
    {
        "edge": "m10->logits",
        "improvement": 0.5760909748077392,
        "stdev": 0.05092641919286768,
        "robustness": 11.312222299117028
    },
    {
        "edge": "m10->a11.h9<v>",
        "improvement": 0.5442498588562019,
        "stdev": 0.06683470061296304,
        "robustness": 8.14322281486574
    },
    {
        "edge": "m10->a11.h7<v>",
        "improvement": 0.4786535568237307,
        "stdev": 0.05007237161761949,
        "robustness": 9.559234790774356
    },
    {
        "edge": "m9->m10",
        "improvement": 0.45574748420715405,
        "stdev": 0.1390311501965691,
        "robustness": 3.2780242669559723
    },
    {
        "edge": "m9->a10.h10<v>",
        "improvement": 0.4498534908294678,
        "stdev": 0.07901139588933467,
        "robustness": 5.6935266839171375
    },
    {
        "edge": "a11.h3->logits",
        "improvement": 0.42734644889831586,
        "stdev": 0.04453543685894789,
        "robustness": 9.595649645288145
    },
    {
        "edge": "m1->a2.h7<v>",
        "improvement": 0.4056473922729493,
        "stdev": 0.3910080986690801,
        "robustness": 1.0374398731220624
    },
    {
        "edge": "m10->a11.h11<v>",
        "improvement": 0.4008249988555912,
        "stdev": 0.04623291754644108,
        "robustness": 8.669688614242471
    },
    {
        "edge": "a11.h0->logits",
        "improvement": 0.3930102119445804,
        "stdev": 0.048659802515930516,
        "robustness": 8.076691470663379
    },
    {
        "edge": "m10->a11.h1<v>",
        "improvement": 0.35715844535827657,
        "stdev": 0.06963030390157714,
        "robustness": 5.129353533529342
    },
    {
        "edge": "input->m1",
        "improvement": 0.32571900177002,
        "stdev": 0.32731658214774423,
        "robustness": 0.9951191584390824
    },
    {
        "edge": "m9->a10.h1<v>",
        "improvement": 0.3225066947937014,
        "stdev": 0.09484470182442072,
        "robustness": 3.400365951813895
    },
    {
        "edge": "a0.h4->m1",
        "improvement": 0.3126697158813476,
        "stdev": 0.3167657926879192,
        "robustness": 0.9870690683744154
    },
    {
        "edge": "a11.h8->logits",
        "improvement": 0.2715629596710212,
        "stdev": 0.023278345703229033,
        "robustness": 11.665904576430085
    },
    {
        "edge": "a10.h2->m10",
        "improvement": 0.27058038711547905,
        "stdev": 0.07837381902108777,
        "robustness": 3.4524333571479393
    },
    {
        "edge": "m9->a10.h2<v>",
        "improvement": 0.2340759830474859,
        "stdev": 0.09166780045022094,
        "robustness": 2.553524595308665
    },
    {
        "edge": "a11.h4->logits",
        "improvement": 0.22392989349365244,
        "stdev": 0.02401119229026774,
        "robustness": 9.32606306203362
    },
    {
        "edge": "a10.h1->logits",
        "improvement": 0.19585507965087956,
        "stdev": 0.017374928669187575,
        "robustness": 11.272281076940816
    },
    {
        "edge": "a11.h10->logits",
        "improvement": 0.1828290309906011,
        "stdev": 0.0307366808028748,
        "robustness": 5.948235990839359
    },
    {
        "edge": "m10->m11",
        "improvement": 0.15980362129211478,
        "stdev": 0.024928219474787815,
        "robustness": 6.41055096027772
    },
    {
        "edge": "a10.h10->logits",
        "improvement": 0.15784587669372563,
        "stdev": 0.014730834413545817,
        "robustness": 10.715338470479148
    },
    {
        "edge": "m0->a1.h4<v>",
        "improvement": 0.15562687492370664,
        "stdev": 0.15840279301412283,
        "robustness": 0.9824755735830447
    },
    {
        "edge": "m9->a10.h5<v>",
        "improvement": 0.13676339340209953,
        "stdev": 0.03288877972501745,
        "robustness": 4.158360223321632
    },
    {
        "edge": "m9->a10.h6<v>",
        "improvement": 0.10430663108825744,
        "stdev": 0.023375107314531508,
        "robustness": 4.46229528210181
    },
    {
        "edge": "m10->a11.h6<v>",
        "improvement": 0.10126670265197824,
        "stdev": 0.03398279115202721,
        "robustness": 2.9799407058397933
    },
    {
        "edge": "m8->m10",
        "improvement": 0.08300103759765687,
        "stdev": 0.05496451325746015,
        "robustness": 1.510084101152145
    },
    {
        "edge": "m9->a11.h9<v>",
        "improvement": 0.07407436752319363,
        "stdev": 0.013239086124531544,
        "robustness": 5.595126946559893
    },
    {
        "edge": "a10.h2->logits",
        "improvement": 0.0739251155853271,
        "stdev": 0.012116136877134547,
        "robustness": 6.101376728818395
    },
    {
        "edge": "a11.h2->logits",
        "improvement": 0.07317983245849646,
        "stdev": 0.013116102636608212,
        "robustness": 5.579388518525696
    },
    {
        "edge": "m10->a11.h0<v>",
        "improvement": 0.07173035240173409,
        "stdev": 0.045108100035126386,
        "robustness": 1.590187845328811
    },
    {
        "edge": "m10->a11.h5<v>",
        "improvement": 0.06658058166503977,
        "stdev": 0.01932505495820755,
        "robustness": 3.4452984381688556
    },
    {
        "edge": "m9->a11.h7<v>",
        "improvement": 0.05623851203918484,
        "stdev": 0.017988992592524667,
        "robustness": 3.1262735670120168
    },
    {
        "edge": "a10.h1->m11",
        "improvement": 0.05099055671691932,
        "stdev": 0.017572701432887083,
        "robustness": 2.901691405368736
    },
    {
        "edge": "a11.h8->m11",
        "improvement": 0.05032848358154318,
        "stdev": 0.01531709475937281,
        "robustness": 3.28577216320649
    },
    {
        "edge": "m10->a11.h10<v>",
        "improvement": 0.045521959304809734,
        "stdev": 0.027105492281940476,
        "robustness": 1.6794367293280839
    },
    {
        "edge": "a10.h2->a11.h9<v>",
        "improvement": 0.023430183410645178,
        "stdev": 0.0075326508643907995,
        "robustness": 3.11048312638609
    },
    {
        "edge": "m10->a11.h10<k>",
        "improvement": 0.0043194522857668005,
        "stdev": 0.008244406376060304,
        "robustness": 0.5239252031910279
    },
    {
        "edge": "m10->a11.h0<k>",
        "improvement": 0.0009569168090823865,
        "stdev": 0.010783591412213859,
        "robustness": 0.08873822945466482
    },
    {
        "edge": "m10->a11.h8<q>",
        "improvement": -0.0012356204986572195,
        "stdev": 0.012997298329786524,
        "robustness": -0.09506748766591665
    }
]