[
    {
        "edge": "full_attack",
        "improvement": 13.112770029067994,
        "stdev": 0.9437694092581579,
        "robustness": 13.89404011237785
    },
    {
        "edge": "input->a0.h4<v>",
        "improvement": 7.184281228065491,
        "stdev": 1.2988216382559588,
        "robustness": 5.531383999509319
    },
    {
        "edge": "m11->logits",
        "improvement": 6.159122722148895,
        "stdev": 0.3342234920088924,
        "robustness": 18.428156217053182
    },
    {
        "edge": "input->m0",
        "improvement": 5.598818957567215,
        "stdev": 1.4625996126405183,
        "robustness": 3.827991549552877
    },
    {
        "edge": "a0.h4->m0",
        "improvement": 3.4044006006717686,
        "stdev": 1.2375626041005772,
        "robustness": 2.7508916230916522
    },
    {
        "edge": "m0->m1",
        "improvement": 1.7034386096000675,
        "stdev": 0.6724761102115672,
        "robustness": 2.533084199919236
    },
    {
        "edge": "a11.h6->logits",
        "improvement": 1.2901716852188114,
        "stdev": 0.141695636747994,
        "robustness": 9.105232276935842
    },
    {
        "edge": "a11.h9->logits",
        "improvement": 1.1482917165756232,
        "stdev": 0.14496557400742274,
        "robustness": 7.9211338584209425
    },
    {
        "edge": "a11.h11->logits",
        "improvement": 1.0948445692062378,
        "stdev": 0.11980909765056169,
        "robustness": 9.138242342826834
    },
    {
        "edge": "a11.h7->logits",
        "improvement": 0.8955053539276125,
        "stdev": 0.09506655515181758,
        "robustness": 9.419772837014294
    },
    {
        "edge": "m10->a11.h9<v>",
        "improvement": 0.6965597972869881,
        "stdev": 0.10839903096618186,
        "robustness": 6.425885831989583
    },
    {
        "edge": "m0->a2.h7<v>",
        "improvement": 0.6579668979644779,
        "stdev": 0.6664427926211891,
        "robustness": 0.9872818871318653
    },
    {
        "edge": "a11.h0->logits",
        "improvement": 0.6536225414276124,
        "stdev": 0.07242343798536564,
        "robustness": 9.025013995603022
    },
    {
        "edge": "m10->a11.h11<v>",
        "improvement": 0.6115696582794197,
        "stdev": 0.10031683314391983,
        "robustness": 6.096381226488973
    },
    {
        "edge": "m2->m3",
        "improvement": 0.5944049291610725,
        "stdev": 0.4874418868082579,
        "robustness": 1.2194375273188
    },
    {
        "edge": "m1->m3",
        "improvement": 0.5937197418212898,
        "stdev": 0.5562368907868013,
        "robustness": 1.067386488841955
    },
    {
        "edge": "m0->m2",
        "improvement": 0.5721446361541753,
        "stdev": 0.3935811610259664,
        "robustness": 1.45368908070381
    },
    {
        "edge": "a11.h3->logits",
        "improvement": 0.5368325061798096,
        "stdev": 0.0967597173023362,
        "robustness": 5.548099158892934
    },
    {
        "edge": "a11.h6->m11",
        "improvement": 0.5336892566680911,
        "stdev": 0.07693211504486037,
        "robustness": 6.937145252758073
    },
    {
        "edge": "m10->logits",
        "improvement": 0.5216199512481694,
        "stdev": 0.06298906202268481,
        "robustness": 8.281119522946916
    },
    {
        "edge": "m9->m10",
        "improvement": 0.5149576015472412,
        "stdev": 0.16304252949985723,
        "robustness": 3.158425001911493
    },
    {
        "edge": "a11.h9->m11",
        "improvement": 0.4886668910980232,
        "stdev": 0.08286986869332233,
        "robustness": 5.896798182538934
    },
    {
        "edge": "m10->a11.h6<v>",
        "improvement": 0.487558746337891,
        "stdev": 0.06966773020326178,
        "robustness": 6.998344067122542
    },
    {
        "edge": "a0.h4->m1",
        "improvement": 0.45528070449829183,
        "stdev": 0.34940442382865533,
        "robustness": 1.303019290681784
    },
    {
        "edge": "input->m1",
        "improvement": 0.44697859764099146,
        "stdev": 0.3606972655325566,
        "robustness": 1.239207059086083
    },
    {
        "edge": "m1->m2",
        "improvement": 0.43826095771789575,
        "stdev": 0.3176053195027026,
        "robustness": 1.3798917423804875
    },
    {
        "edge": "m9->a10.h10<v>",
        "improvement": 0.35309551239013715,
        "stdev": 0.10675824796080452,
        "robustness": 3.307430752514536
    },
    {
        "edge": "m10->a11.h0<v>",
        "improvement": 0.34513218879699714,
        "stdev": 0.0666387745444703,
        "robustness": 5.179149694097073
    },
    {
        "edge": "a11.h10->logits",
        "improvement": 0.3447762069702156,
        "stdev": 0.04828461356250899,
        "robustness": 7.140498422419189
    },
    {
        "edge": "m10->a11.h10<v>",
        "improvement": 0.31653781127929737,
        "stdev": 0.04779501548180913,
        "robustness": 6.6228205616916735
    },
    {
        "edge": "m9->a10.h8<v>",
        "improvement": 0.31511365699768135,
        "stdev": 0.09196167858202645,
        "robustness": 3.4265757417271536
    },
    {
        "edge": "a11.h4->logits",
        "improvement": 0.2536999397277837,
        "stdev": 0.034939111368150436,
        "robustness": 7.261201839238814
    },
    {
        "edge": "a10.h2->m10",
        "improvement": 0.2429189224243169,
        "stdev": 0.06153050365201069,
        "robustness": 3.947943020232028
    },
    {
        "edge": "m9->a10.h2<v>",
        "improvement": 0.22789715194702165,
        "stdev": 0.07465109704587031,
        "robustness": 3.0528305807346325
    },
    {
        "edge": "a10.h10->logits",
        "improvement": 0.21174448394775425,
        "stdev": 0.041756718870829775,
        "robustness": 5.070908099909971
    },
    {
        "edge": "m0->a1.h11<v>",
        "improvement": 0.19302598953247152,
        "stdev": 0.16888898333202043,
        "robustness": 1.1429164041623716
    },
    {
        "edge": "m9->a10.h1<v>",
        "improvement": 0.17874671745300308,
        "stdev": 0.09330885426053179,
        "robustness": 1.9156458287861562
    },
    {
        "edge": "m0->a1.h4<v>",
        "improvement": 0.1757211608886724,
        "stdev": 0.13645919699044312,
        "robustness": 1.2877194411526471
    },
    {
        "edge": "m0->a1.h3<v>",
        "improvement": 0.17482596397399952,
        "stdev": 0.16073864618820585,
        "robustness": 1.0876411374604904
    },
    {
        "edge": "a11.h8->logits",
        "improvement": 0.13659733200073276,
        "stdev": 0.022269588333244206,
        "robustness": 6.13380588615638
    },
    {
        "edge": "m10->a11.h5<v>",
        "improvement": 0.12245577621459969,
        "stdev": 0.05125436357546974,
        "robustness": 2.3891775777156825
    },
    {
        "edge": "a11.h2->logits",
        "improvement": 0.11383682250976612,
        "stdev": 0.01767713530342842,
        "robustness": 6.439777744286872
    },
    {
        "edge": "m9->a11.h11<v>",
        "improvement": 0.10880139541626033,
        "stdev": 0.03920966398474439,
        "robustness": 2.7748617141578293
    },
    {
        "edge": "m9->a10.h6<v>",
        "improvement": 0.09974550437927299,
        "stdev": 0.042203186095825226,
        "robustness": 2.363459103604026
    },
    {
        "edge": "a11.h4->m11",
        "improvement": 0.09206240081787165,
        "stdev": 0.0310482909702616,
        "robustness": 2.965135855820536
    },
    {
        "edge": "a10.h2->logits",
        "improvement": 0.07729622840881412,
        "stdev": 0.01329416746284454,
        "robustness": 5.814296278788948
    },
    {
        "edge": "a10.h4->logits",
        "improvement": 0.07418656921386724,
        "stdev": 0.011916550488004884,
        "robustness": 6.225507061673839
    },
    {
        "edge": "m9->a11.h7<v>",
        "improvement": 0.07112522506713947,
        "stdev": 0.02036226758364825,
        "robustness": 3.4929913760811195
    },
    {
        "edge": "a10.h3->logits",
        "improvement": 0.04731357383728074,
        "stdev": 0.009852661937978811,
        "robustness": 4.802110752922749
    },
    {
        "edge": "a10.h6->logits",
        "improvement": 0.029941568374634464,
        "stdev": 0.00899727578044758,
        "robustness": 3.327848240430948
    },
    {
        "edge": "m10->a11.h3<k>",
        "improvement": 0.010398977279663768,
        "stdev": 0.01015020103522797,
        "robustness": 1.0245094893758635
    }
]