[
    {
        "edge": "full_attack",
        "improvement": 14.28378994369507,
        "stdev": 0.32586936809517114,
        "robustness": 43.832870905262396
    },
    {
        "edge": "input->a0.h4<v>",
        "improvement": 6.451582972288132,
        "stdev": 1.762834062373103,
        "robustness": 3.659778937787882
    },
    {
        "edge": "input->m0",
        "improvement": 4.586403712272644,
        "stdev": 1.576348192729913,
        "robustness": 2.9095118283035744
    },
    {
        "edge": "m11->logits",
        "improvement": 4.362797627449035,
        "stdev": 0.21628604665454887,
        "robustness": 20.171424347208475
    },
    {
        "edge": "a0.h4->m0",
        "improvement": 2.9690221190452575,
        "stdev": 1.2915540966051462,
        "robustness": 2.298798112173033
    },
    {
        "edge": "m0->m1",
        "improvement": 0.7814144725799563,
        "stdev": 0.5099779926228086,
        "robustness": 1.5322513596344702
    },
    {
        "edge": "a11.h11->logits",
        "improvement": 0.605350822448731,
        "stdev": 0.0564764575797011,
        "robustness": 10.718640091660202
    },
    {
        "edge": "a11.h4->logits",
        "improvement": 0.5822320938110357,
        "stdev": 0.051105476936631006,
        "robustness": 11.392753354654786
    },
    {
        "edge": "a11.h7->logits",
        "improvement": 0.5777145919799809,
        "stdev": 0.04047895703756198,
        "robustness": 14.271973248814128
    },
    {
        "edge": "a11.h6->logits",
        "improvement": 0.5030876846313479,
        "stdev": 0.04283071631665177,
        "robustness": 11.745955423952527
    },
    {
        "edge": "a11.h8->logits",
        "improvement": 0.46300944519042986,
        "stdev": 0.04552072242556011,
        "robustness": 10.171399321431855
    },
    {
        "edge": "a11.h10->logits",
        "improvement": 0.3789406318664552,
        "stdev": 0.03538319740655383,
        "robustness": 10.709620939917267
    },
    {
        "edge": "a11.h9->logits",
        "improvement": 0.36918164443969737,
        "stdev": 0.03346015286170991,
        "robustness": 11.033471543465959
    },
    {
        "edge": "a10.h2->logits",
        "improvement": 0.32819762039184575,
        "stdev": 0.04385682240394963,
        "robustness": 7.48338804323154
    },
    {
        "edge": "a11.h2->logits",
        "improvement": 0.2844084663391113,
        "stdev": 0.021231618637081076,
        "robustness": 13.395515019396177
    },
    {
        "edge": "m10->a11.h6<v>",
        "improvement": 0.27958398056030287,
        "stdev": 0.026458894744619352,
        "robustness": 10.566729383779673
    },
    {
        "edge": "m9->a10.h6<v>",
        "improvement": 0.26138330459594705,
        "stdev": 0.04173495149691214,
        "robustness": 6.262935386789322
    },
    {
        "edge": "m10->a11.h10<v>",
        "improvement": 0.2586995658874516,
        "stdev": 0.03197116683429197,
        "robustness": 8.09165230747765
    },
    {
        "edge": "m9->a10.h8<v>",
        "improvement": 0.2347849807739255,
        "stdev": 0.03378693429679462,
        "robustness": 6.948987401801638
    },
    {
        "edge": "m9->a10.h4<v>",
        "improvement": 0.22666061019897477,
        "stdev": 0.03604832739299741,
        "robustness": 6.287687296221263
    },
    {
        "edge": "a11.h1->logits",
        "improvement": 0.21643128204345707,
        "stdev": 0.011312508796421912,
        "robustness": 19.132032154698802
    },
    {
        "edge": "m10->a11.h9<v>",
        "improvement": 0.2122488327026364,
        "stdev": 0.028411969406312895,
        "robustness": 7.47040198682871
    },
    {
        "edge": "a11.h0->logits",
        "improvement": 0.20763212585449242,
        "stdev": 0.020117194419271272,
        "robustness": 10.321127366328536
    },
    {
        "edge": "m0->m2",
        "improvement": 0.18564624023437482,
        "stdev": 0.17903190915324763,
        "robustness": 1.036944984346145
    },
    {
        "edge": "a11.h5->logits",
        "improvement": 0.17434979629516612,
        "stdev": 0.00892380697180962,
        "robustness": 19.537602824213764
    },
    {
        "edge": "m10->a11.h8<v>",
        "improvement": 0.1741455955505371,
        "stdev": 0.0269808292179893,
        "robustness": 6.454419697168781
    },
    {
        "edge": "m1->m3",
        "improvement": 0.17367176055908207,
        "stdev": 0.17947873897993852,
        "robustness": 0.9676453130111108
    },
    {
        "edge": "m10->a11.h7<v>",
        "improvement": 0.16457749938964827,
        "stdev": 0.014753898055532774,
        "robustness": 11.15484862171262
    },
    {
        "edge": "m10->a11.h11<v>",
        "improvement": 0.1552433509826665,
        "stdev": 0.013280084615122183,
        "robustness": 11.689936885333482
    },
    {
        "edge": "m9->a11.h11<v>",
        "improvement": 0.1473138275146484,
        "stdev": 0.023676395886373856,
        "robustness": 6.221970109877654
    },
    {
        "edge": "m9->a11.h7<v>",
        "improvement": 0.12763711547851564,
        "stdev": 0.018774150622978027,
        "robustness": 6.798556059430898
    },
    {
        "edge": "a11.h3->logits",
        "improvement": 0.12205669403076147,
        "stdev": 0.014483413515186543,
        "robustness": 8.427343036417435
    },
    {
        "edge": "m9->a11.h4<v>",
        "improvement": 0.1171407585144042,
        "stdev": 0.015325639974223822,
        "robustness": 7.643449716385295
    },
    {
        "edge": "m9->a10.h9<v>",
        "improvement": 0.11144793319702195,
        "stdev": 0.02097834492931281,
        "robustness": 5.312522678626424
    },
    {
        "edge": "a10.h6->logits",
        "improvement": 0.11093685913085949,
        "stdev": 0.014648891208062583,
        "robustness": 7.5730550220620865
    },
    {
        "edge": "input->m1",
        "improvement": 0.109905601501465,
        "stdev": 0.11969387946771029,
        "robustness": 0.918222401932541
    },
    {
        "edge": "a11.h10->m11",
        "improvement": 0.10555410385131836,
        "stdev": 0.023739540256045227,
        "robustness": 4.446341534539163
    },
    {
        "edge": "a0.h4->m1",
        "improvement": 0.10526663970947236,
        "stdev": 0.10614499785305384,
        "robustness": 0.991724921933698
    },
    {
        "edge": "a11.h6->m11",
        "improvement": 0.10498442077636749,
        "stdev": 0.025168486141069726,
        "robustness": 4.171264818548415
    },
    {
        "edge": "a11.h11->m11",
        "improvement": 0.09155634689331027,
        "stdev": 0.025467966772144624,
        "robustness": 3.5949609842215304
    },
    {
        "edge": "m9->a11.h10<v>",
        "improvement": 0.09048495483398433,
        "stdev": 0.018407046276725757,
        "robustness": 4.915778092457742
    },
    {
        "edge": "m9->a11.h6<v>",
        "improvement": 0.08712721633911169,
        "stdev": 0.02271600300502074,
        "robustness": 3.835499419499753
    },
    {
        "edge": "m0->a1.h11<v>",
        "improvement": 0.07598322296142612,
        "stdev": 0.08372578119853896,
        "robustness": 0.9075248014855435
    },
    {
        "edge": "m0->a1.h3<v>",
        "improvement": 0.06767755126953112,
        "stdev": 0.07602518204408827,
        "robustness": 0.8901991346799246
    },
    {
        "edge": "a10.h4->logits",
        "improvement": 0.059832214355468594,
        "stdev": 0.007667068361197117,
        "robustness": 7.803792993196494
    },
    {
        "edge": "a10.h8->logits",
        "improvement": 0.049318164825439936,
        "stdev": 0.007198273939101606,
        "robustness": 6.851387602455594
    },
    {
        "edge": "m0->a1.h4<v>",
        "improvement": 0.041928436279296655,
        "stdev": 0.048604752934918394,
        "robustness": 0.8626406626413408
    },
    {
        "edge": "a10.h3->m10",
        "improvement": 0.03810056304931653,
        "stdev": 0.00872230526276936,
        "robustness": 4.368175832133107
    },
    {
        "edge": "a10.h9->logits",
        "improvement": 0.036995048522949325,
        "stdev": 0.006321007332200247,
        "robustness": 5.8527140657614
    },
    {
        "edge": "a10.h1->logits",
        "improvement": 0.012756286621093516,
        "stdev": 0.002687325775033301,
        "robustness": 4.746832981548522
    },
    {
        "edge": "a10.h11->logits",
        "improvement": 0.005085834503174347,
        "stdev": 0.003349681696188373,
        "robustness": 1.5183038164377094
    }
]