[
    {
        "edge": "full_attack",
        "improvement": 15.105035408020019,
        "stdev": 0.4543673147379192,
        "robustness": 33.24410651486377
    },
    {
        "edge": "m11->logits",
        "improvement": 5.509723712921142,
        "stdev": 0.17492490810303113,
        "robustness": 31.497651035928534
    },
    {
        "edge": "input->a0.h4<v>",
        "improvement": 5.343303659915923,
        "stdev": 1.6004663642277024,
        "robustness": 3.338591662620982
    },
    {
        "edge": "input->m0",
        "improvement": 3.1909585523605344,
        "stdev": 1.177740556295539,
        "robustness": 2.7093900564971323
    },
    {
        "edge": "a0.h4->m0",
        "improvement": 1.9252915115356446,
        "stdev": 0.9150236617713461,
        "robustness": 2.104089317000365
    },
    {
        "edge": "a11.h4->logits",
        "improvement": 0.9496662330627439,
        "stdev": 0.04668847393051426,
        "robustness": 20.340485629839126
    },
    {
        "edge": "m0->m1",
        "improvement": 0.8891053123474117,
        "stdev": 0.5161391431646194,
        "robustness": 1.7226077969905822
    },
    {
        "edge": "a11.h7->logits",
        "improvement": 0.7793695144653316,
        "stdev": 0.04523914561377188,
        "robustness": 17.227768205862688
    },
    {
        "edge": "m10->a11.h4<v>",
        "improvement": 0.6577355232238764,
        "stdev": 0.04134530397787467,
        "robustness": 15.908348952419212
    },
    {
        "edge": "a11.h8->logits",
        "improvement": 0.5686296844482417,
        "stdev": 0.036163613098964514,
        "robustness": 15.723807322353071
    },
    {
        "edge": "m9->a10.h2<v>",
        "improvement": 0.5656564407348625,
        "stdev": 0.08175657734917827,
        "robustness": 6.918788176747812
    },
    {
        "edge": "m9->m10",
        "improvement": 0.5395148506164551,
        "stdev": 0.10574652761636343,
        "robustness": 5.101962804620447
    },
    {
        "edge": "m10->logits",
        "improvement": 0.4769386482238769,
        "stdev": 0.039101441147782426,
        "robustness": 12.197469817577955
    },
    {
        "edge": "a11.h6->logits",
        "improvement": 0.46543557739257757,
        "stdev": 0.030258531861681225,
        "robustness": 15.381961673493997
    },
    {
        "edge": "m10->a11.h7<v>",
        "improvement": 0.39976771163940406,
        "stdev": 0.03259753790973957,
        "robustness": 12.263739450087748
    },
    {
        "edge": "a11.h9->logits",
        "improvement": 0.3414488487243652,
        "stdev": 0.028146088157617637,
        "robustness": 12.131307441810641
    },
    {
        "edge": "m10->a11.h8<v>",
        "improvement": 0.33677807998657183,
        "stdev": 0.029878155333822883,
        "robustness": 11.271715948451808
    },
    {
        "edge": "a11.h10->logits",
        "improvement": 0.33643383026122997,
        "stdev": 0.019510444353226866,
        "robustness": 17.243781031854695
    },
    {
        "edge": "m1->m3",
        "improvement": 0.31658028411865224,
        "stdev": 0.3449908923280802,
        "robustness": 0.9176482369789345
    },
    {
        "edge": "m10->a11.h10<v>",
        "improvement": 0.3080936088562005,
        "stdev": 0.02457161565183748,
        "robustness": 12.538597918088511
    },
    {
        "edge": "a11.h4->m11",
        "improvement": 0.30679711151123,
        "stdev": 0.04133749833332546,
        "robustness": 7.421762900051848
    },
    {
        "edge": "m9->a10.h6<v>",
        "improvement": 0.27534903717041015,
        "stdev": 0.04364954506722407,
        "robustness": 6.308176562810651
    },
    {
        "edge": "a11.h7->m11",
        "improvement": 0.255168781280517,
        "stdev": 0.02914420984583744,
        "robustness": 8.755385122131278
    },
    {
        "edge": "m10->a11.h6<v>",
        "improvement": 0.240929378509521,
        "stdev": 0.020669877881336816,
        "robustness": 11.656062018975943
    },
    {
        "edge": "a11.h5->m11",
        "improvement": 0.23936249542236254,
        "stdev": 0.018397136793744294,
        "robustness": 13.010855879690727
    },
    {
        "edge": "a11.h0->logits",
        "improvement": 0.23870778656005864,
        "stdev": 0.02393591719427764,
        "robustness": 9.972786278569117
    },
    {
        "edge": "m0->m2",
        "improvement": 0.2289094047546385,
        "stdev": 0.23307933053670576,
        "robustness": 0.9821094141103577
    },
    {
        "edge": "a11.h5->logits",
        "improvement": 0.2102489356994628,
        "stdev": 0.0122528186354261,
        "robustness": 17.159230211045333
    },
    {
        "edge": "a11.h2->logits",
        "improvement": 0.18907627868652277,
        "stdev": 0.019541104809458577,
        "robustness": 9.67582337488939
    },
    {
        "edge": "m10->a11.h0<v>",
        "improvement": 0.1847027854919432,
        "stdev": 0.019754363114489238,
        "robustness": 9.34997420172302
    },
    {
        "edge": "a10.h6->m10",
        "improvement": 0.18451590347290026,
        "stdev": 0.05096299285137194,
        "robustness": 3.620586098838837
    },
    {
        "edge": "a0.h4->m1",
        "improvement": 0.17991566467285125,
        "stdev": 0.2235762585599055,
        "robustness": 0.804717217434982
    },
    {
        "edge": "input->m1",
        "improvement": 0.17106553649902345,
        "stdev": 0.20583971853576466,
        "robustness": 0.8310618461582321
    },
    {
        "edge": "m9->a10.h8<v>",
        "improvement": 0.15329410552978473,
        "stdev": 0.034826168140269564,
        "robustness": 4.401693143855539
    },
    {
        "edge": "m10->a11.h9<v>",
        "improvement": 0.14089317321777273,
        "stdev": 0.019859750686731757,
        "robustness": 7.09440795306172
    },
    {
        "edge": "a11.h10->m11",
        "improvement": 0.1277314071655269,
        "stdev": 0.016596287400201512,
        "robustness": 7.6963843831709
    },
    {
        "edge": "a11.h3->logits",
        "improvement": 0.11997608566284157,
        "stdev": 0.01261028061721192,
        "robustness": 9.514148757251666
    },
    {
        "edge": "a11.h1->logits",
        "improvement": 0.10450033187866214,
        "stdev": 0.007016149679620242,
        "robustness": 14.894256344359853
    },
    {
        "edge": "m9->a11.h8<v>",
        "improvement": 0.0981076354980468,
        "stdev": 0.01294063264261395,
        "robustness": 7.581363153372808
    },
    {
        "edge": "m0->a1.h3<v>",
        "improvement": 0.08511981964111293,
        "stdev": 0.09951142501291241,
        "robustness": 0.8553773562188256
    },
    {
        "edge": "m1->m2",
        "improvement": 0.08069567489623974,
        "stdev": 0.11069266516812164,
        "robustness": 0.7290065224617907
    },
    {
        "edge": "m0->a1.h11<v>",
        "improvement": 0.0759199180603023,
        "stdev": 0.07419787997808003,
        "robustness": 1.0232087235205507
    },
    {
        "edge": "m10->a11.h2<v>",
        "improvement": 0.07178508758544933,
        "stdev": 0.009529320619818071,
        "robustness": 7.533075068977983
    },
    {
        "edge": "m10->a11.h3<v>",
        "improvement": 0.05860818481445307,
        "stdev": 0.00850976703400779,
        "robustness": 6.887166779094628
    },
    {
        "edge": "a10.h8->logits",
        "improvement": 0.05479836273193328,
        "stdev": 0.006141314821177517,
        "robustness": 8.92290402422757
    },
    {
        "edge": "m10->a11.h11<v>",
        "improvement": 0.05318204879760735,
        "stdev": 0.008010994815534552,
        "robustness": 6.638632282532399
    },
    {
        "edge": "m0->a1.h4<v>",
        "improvement": 0.04883180236816376,
        "stdev": 0.055481776828586175,
        "robustness": 0.8801412852914235
    },
    {
        "edge": "a1.h11->m1",
        "improvement": 0.02828668594360284,
        "stdev": 0.028967749705462315,
        "robustness": 0.9764888964871493
    },
    {
        "edge": "a1.h4->m1",
        "improvement": 0.02293198394775331,
        "stdev": 0.026625706151458765,
        "robustness": 0.861272328978096
    },
    {
        "edge": "a10.h1->logits",
        "improvement": 0.01889619445800772,
        "stdev": 0.002862820819344822,
        "robustness": 6.600550872873789
    },
    {
        "edge": "m9->a11.h9<k>",
        "improvement": 0.009524204254150348,
        "stdev": 0.002575179086378373,
        "robustness": 3.6984628776031263
    }
]