[
    {
        "edge": "full_attack",
        "improvement": 14.469156734466553,
        "stdev": 0.3528131808823243,
        "robustness": 41.01081682459174
    },
    {
        "edge": "input->a0.h4<v>",
        "improvement": 5.7383862099647525,
        "stdev": 1.719685833783928,
        "robustness": 3.336880549477015
    },
    {
        "edge": "m11->logits",
        "improvement": 5.284896487236023,
        "stdev": 0.1693305004740595,
        "robustness": 31.210540761648783
    },
    {
        "edge": "input->m0",
        "improvement": 4.0061310069561005,
        "stdev": 1.501619911582585,
        "robustness": 2.6678728592070713
    },
    {
        "edge": "a0.h4->m0",
        "improvement": 2.657681047439575,
        "stdev": 1.2265841205285821,
        "robustness": 2.1667336165205517
    },
    {
        "edge": "m0->m1",
        "improvement": 0.9375579528808595,
        "stdev": 0.5533456436240005,
        "robustness": 1.6943441476118895
    },
    {
        "edge": "a11.h7->logits",
        "improvement": 0.7694159927368167,
        "stdev": 0.04832677694209743,
        "robustness": 15.921111264231214
    },
    {
        "edge": "a11.h6->logits",
        "improvement": 0.5813018608093259,
        "stdev": 0.040005676451012634,
        "robustness": 14.530484480649541
    },
    {
        "edge": "m10->logits",
        "improvement": 0.524478244781494,
        "stdev": 0.051261781166521914,
        "robustness": 10.231369898711609
    },
    {
        "edge": "a11.h10->logits",
        "improvement": 0.5228834877014163,
        "stdev": 0.036720891138384434,
        "robustness": 14.239400828561184
    },
    {
        "edge": "a11.h2->logits",
        "improvement": 0.47442165374755874,
        "stdev": 0.026017560705184923,
        "robustness": 18.234670771922648
    },
    {
        "edge": "a11.h5->logits",
        "improvement": 0.4123752708435058,
        "stdev": 0.017356629177594635,
        "robustness": 23.758949195955267
    },
    {
        "edge": "m10->a11.h10<v>",
        "improvement": 0.391771354675293,
        "stdev": 0.03449570727217086,
        "robustness": 11.357104569105369
    },
    {
        "edge": "m10->a11.h2<v>",
        "improvement": 0.369533832550049,
        "stdev": 0.027444721910219964,
        "robustness": 13.464659389113383
    },
    {
        "edge": "m10->a11.h5<v>",
        "improvement": 0.368724544525147,
        "stdev": 0.03693904779282623,
        "robustness": 9.981972101531957
    },
    {
        "edge": "m10->a11.h6<v>",
        "improvement": 0.32851914215087863,
        "stdev": 0.025147038451233273,
        "robustness": 13.063929686510152
    },
    {
        "edge": "a11.h0->logits",
        "improvement": 0.32440858459472643,
        "stdev": 0.025035663275809274,
        "robustness": 12.957858596388235
    },
    {
        "edge": "m10->a11.h0<v>",
        "improvement": 0.2514523887634281,
        "stdev": 0.02316954813644104,
        "robustness": 10.852710086647917
    },
    {
        "edge": "a2.h7->m3",
        "improvement": 0.23157025909423812,
        "stdev": 0.2231839270604551,
        "robustness": 1.0375758780851247
    },
    {
        "edge": "m10->a11.h7<v>",
        "improvement": 0.21807688140869175,
        "stdev": 0.02663428521328626,
        "robustness": 8.187825566270732
    },
    {
        "edge": "m9->a10.h4<v>",
        "improvement": 0.18730839157104473,
        "stdev": 0.040107555132917784,
        "robustness": 4.6701523179435505
    },
    {
        "edge": "m1->a2.h7<v>",
        "improvement": 0.1854941062927251,
        "stdev": 0.1337522761164615,
        "robustness": 1.3868482217918345
    },
    {
        "edge": "a11.h10->m11",
        "improvement": 0.18537988281249973,
        "stdev": 0.02371394537961437,
        "robustness": 7.817336164224324
    },
    {
        "edge": "m0->m2",
        "improvement": 0.17978855895996126,
        "stdev": 0.172800641643563,
        "robustness": 1.0404391861623539
    },
    {
        "edge": "m10->a11.h1<v>",
        "improvement": 0.17236541366577196,
        "stdev": 0.03829706332642753,
        "robustness": 4.5007475428756525
    },
    {
        "edge": "m9->a10.h10<v>",
        "improvement": 0.14297797393798817,
        "stdev": 0.02471113206663839,
        "robustness": 5.785974254535169
    },
    {
        "edge": "a11.h1->logits",
        "improvement": 0.13573585891723638,
        "stdev": 0.014305417374572955,
        "robustness": 9.488423536561678
    },
    {
        "edge": "a11.h7->m11",
        "improvement": 0.1279321861267091,
        "stdev": 0.02096948632356841,
        "robustness": 6.100873629075081
    },
    {
        "edge": "m1->m3",
        "improvement": 0.11402457046508818,
        "stdev": 0.11743191530110876,
        "robustness": 0.970984507684442
    },
    {
        "edge": "m9->a10.h9<v>",
        "improvement": 0.11283816909790012,
        "stdev": 0.021848328605181187,
        "robustness": 5.164613327499171
    },
    {
        "edge": "a11.h5->m11",
        "improvement": 0.09830686950683631,
        "stdev": 0.012556831422825467,
        "robustness": 7.828955107905387
    },
    {
        "edge": "a11.h1->m11",
        "improvement": 0.09120386123657198,
        "stdev": 0.01779192073279783,
        "robustness": 5.126139139572815
    },
    {
        "edge": "a0.h4->m1",
        "improvement": 0.08765548706054727,
        "stdev": 0.08218283235080943,
        "robustness": 1.066591215624901
    },
    {
        "edge": "m10->a11.h3<v>",
        "improvement": 0.08697290039062544,
        "stdev": 0.011058873866529727,
        "robustness": 7.864534982522368
    },
    {
        "edge": "a11.h6->m11",
        "improvement": 0.08468688583374018,
        "stdev": 0.012891817592482832,
        "robustness": 6.569041582090082
    },
    {
        "edge": "a11.h3->logits",
        "improvement": 0.08281526565551811,
        "stdev": 0.014656345358456552,
        "robustness": 5.650471767010772
    },
    {
        "edge": "input->m1",
        "improvement": 0.08078425979614234,
        "stdev": 0.08932503948921615,
        "robustness": 0.9043853801586631
    },
    {
        "edge": "a10.h10->logits",
        "improvement": 0.07958406448364297,
        "stdev": 0.007320427184294492,
        "robustness": 10.871505511916775
    },
    {
        "edge": "m9->a11.h7<v>",
        "improvement": 0.07786983108520484,
        "stdev": 0.01611290557537816,
        "robustness": 4.83276158486253
    },
    {
        "edge": "a11.h2->m11",
        "improvement": 0.07461746978759809,
        "stdev": 0.01197622918786749,
        "robustness": 6.230464415559887
    },
    {
        "edge": "m9->a11.h10<v>",
        "improvement": 0.06989981079101604,
        "stdev": 0.016988849459060155,
        "robustness": 4.114452303521853
    },
    {
        "edge": "a10.h8->logits",
        "improvement": 0.06612649536132853,
        "stdev": 0.008426108855262498,
        "robustness": 7.847809291002625
    },
    {
        "edge": "a10.h4->logits",
        "improvement": 0.06348909378051726,
        "stdev": 0.009649621056767808,
        "robustness": 6.57943906885223
    },
    {
        "edge": "a10.h9->logits",
        "improvement": 0.06306845855712861,
        "stdev": 0.006645067811069007,
        "robustness": 9.491018052828966
    },
    {
        "edge": "m10->a11.h8<v>",
        "improvement": 0.05774207305908252,
        "stdev": 0.01616982335114413,
        "robustness": 3.570977357337479
    },
    {
        "edge": "m0->a1.h11<v>",
        "improvement": 0.049844589233398295,
        "stdev": 0.06687445617019522,
        "robustness": 0.7453457132652267
    },
    {
        "edge": "m0->a1.h3<v>",
        "improvement": 0.04475507354736319,
        "stdev": 0.057523784500428686,
        "robustness": 0.77802727925576
    },
    {
        "edge": "m1->a3.h8<v>",
        "improvement": 0.03935512161254895,
        "stdev": 0.06419426304801483,
        "robustness": 0.61306290848939
    },
    {
        "edge": "m0->a1.h4<v>",
        "improvement": 0.034046260833740405,
        "stdev": 0.04174323691078602,
        "robustness": 0.8156114224324373
    },
    {
        "edge": "a10.h4->a11.h7<v>",
        "improvement": 0.007685100555420377,
        "stdev": 0.0022894594113855057,
        "robustness": 3.3567315136500304
    },
    {
        "edge": "a10.h4->a11.h10<v>",
        "improvement": -0.004573749542235994,
        "stdev": 0.003859445334140777,
        "robustness": -1.1850794988016695
    }
]