[
    {
        "edge": "full_attack",
        "improvement": 14.851021965026856,
        "stdev": 0.3776795911280548,
        "robustness": 39.32174868297693
    },
    {
        "edge": "m11->logits",
        "improvement": 4.168000524520874,
        "stdev": 0.13754108129437825,
        "robustness": 30.303677165370907
    },
    {
        "edge": "input->a0.h4<v>",
        "improvement": 3.2584015226364134,
        "stdev": 1.1661451235195,
        "robustness": 2.7941646857831475
    },
    {
        "edge": "input->m0",
        "improvement": 1.6980912628173828,
        "stdev": 0.8354814578742713,
        "robustness": 2.0324703161430575
    },
    {
        "edge": "a0.h4->m0",
        "improvement": 1.068590076446533,
        "stdev": 0.515366167266904,
        "robustness": 2.0734579495458396
    },
    {
        "edge": "m9->a10.h2<v>",
        "improvement": 0.9742635078430171,
        "stdev": 0.0909985172822577,
        "robustness": 10.70636683915478
    },
    {
        "edge": "a11.h4->logits",
        "improvement": 0.8766096382141111,
        "stdev": 0.03831235315106951,
        "robustness": 22.88060027943337
    },
    {
        "edge": "a11.h11->logits",
        "improvement": 0.6219965324401855,
        "stdev": 0.03091714262283268,
        "robustness": 20.118176509003572
    },
    {
        "edge": "a11.h8->logits",
        "improvement": 0.593781269073486,
        "stdev": 0.027504003195353222,
        "robustness": 21.588903435475345
    },
    {
        "edge": "a11.h9->logits",
        "improvement": 0.5669490470886229,
        "stdev": 0.025846858069832505,
        "robustness": 21.934930952027198
    },
    {
        "edge": "m10->logits",
        "improvement": 0.4972479476928706,
        "stdev": 0.030868818552479454,
        "robustness": 16.10842173462225
    },
    {
        "edge": "a11.h7->logits",
        "improvement": 0.48649179840087875,
        "stdev": 0.02408798683304958,
        "robustness": 20.196449033814424
    },
    {
        "edge": "m10->a11.h4<v>",
        "improvement": 0.47560566329956,
        "stdev": 0.025904533183960538,
        "robustness": 18.359939548883418
    },
    {
        "edge": "m9->m10",
        "improvement": 0.47237741088867136,
        "stdev": 0.048131023600586055,
        "robustness": 9.814406084704991
    },
    {
        "edge": "a10.h2->logits",
        "improvement": 0.4134354934692386,
        "stdev": 0.02400018075157121,
        "robustness": 17.226349157481756
    },
    {
        "edge": "m0->m1",
        "improvement": 0.3896169929504394,
        "stdev": 0.13228930498874308,
        "robustness": 2.9451889023348725
    },
    {
        "edge": "a10.h2->m10",
        "improvement": 0.37974468994140587,
        "stdev": 0.03192427216002256,
        "robustness": 11.895171424360438
    },
    {
        "edge": "m10->a11.h8<v>",
        "improvement": 0.3700453643798829,
        "stdev": 0.013263708723342654,
        "robustness": 27.899087057652597
    },
    {
        "edge": "a11.h6->logits",
        "improvement": 0.35802009201049767,
        "stdev": 0.024502172248524693,
        "robustness": 14.611769453708519
    },
    {
        "edge": "m10->a11.h9<v>",
        "improvement": 0.3074748802185061,
        "stdev": 0.017848754920504997,
        "robustness": 17.226685087443997
    },
    {
        "edge": "a11.h2->logits",
        "improvement": 0.3013901863098143,
        "stdev": 0.016100766122029757,
        "robustness": 18.718996600878473
    },
    {
        "edge": "a11.h3->logits",
        "improvement": 0.2970739135742182,
        "stdev": 0.011246668482034846,
        "robustness": 26.414392319712885
    },
    {
        "edge": "m8->m9",
        "improvement": 0.2908285369873047,
        "stdev": 0.10575928991142239,
        "robustness": 2.749910076276847
    },
    {
        "edge": "m10->a11.h2<v>",
        "improvement": 0.22251912307739286,
        "stdev": 0.011610565457969025,
        "robustness": 19.165227041088226
    },
    {
        "edge": "m10->a11.h3<v>",
        "improvement": 0.18864404678344737,
        "stdev": 0.010569862786882862,
        "robustness": 17.847350584111037
    },
    {
        "edge": "m8->a10.h2<v>",
        "improvement": 0.1771229934692382,
        "stdev": 0.023562791773442865,
        "robustness": 7.517063138030608
    },
    {
        "edge": "m9->a10.h6<v>",
        "improvement": 0.1679868927001955,
        "stdev": 0.020791920849563696,
        "robustness": 8.079431136528235
    },
    {
        "edge": "m1->m3",
        "improvement": 0.1570676498413084,
        "stdev": 0.10685354395451999,
        "robustness": 1.4699339303913121
    },
    {
        "edge": "m0->m2",
        "improvement": 0.14704737091064413,
        "stdev": 0.07375935859178875,
        "robustness": 1.9936096750035208
    },
    {
        "edge": "m9->a10.h10<v>",
        "improvement": 0.13954542160034134,
        "stdev": 0.017700861574080535,
        "robustness": 7.883538381243455
    },
    {
        "edge": "a11.h8->m11",
        "improvement": 0.13676385498046884,
        "stdev": 0.009681741246783563,
        "robustness": 14.125956426061695
    },
    {
        "edge": "m10->a11.h7<v>",
        "improvement": 0.1346007614135738,
        "stdev": 0.008916972220745771,
        "robustness": 15.094895226926754
    },
    {
        "edge": "m9->a10.h5<v>",
        "improvement": 0.13090597152709993,
        "stdev": 0.014633687374052164,
        "robustness": 8.945521944060173
    },
    {
        "edge": "m9->a11.h9<v>",
        "improvement": 0.11030272293090793,
        "stdev": 0.009574851419983056,
        "robustness": 11.520045386887384
    },
    {
        "edge": "m10->m11",
        "improvement": 0.10275049972534145,
        "stdev": 0.011193345756044111,
        "robustness": 9.179605630412953
    },
    {
        "edge": "m10->a11.h11<v>",
        "improvement": 0.10255221939086923,
        "stdev": 0.009082463681436408,
        "robustness": 11.291233633058734
    },
    {
        "edge": "a10.h6->m10",
        "improvement": 0.09612164688110347,
        "stdev": 0.01708751878474243,
        "robustness": 5.625254789298677
    },
    {
        "edge": "a11.h9->m11",
        "improvement": 0.08402812194824172,
        "stdev": 0.009758305313540206,
        "robustness": 8.610933891528061
    },
    {
        "edge": "a11.h1->logits",
        "improvement": 0.07979846191406281,
        "stdev": 0.0046368797483388085,
        "robustness": 17.209517228185856
    },
    {
        "edge": "a0.h4->m1",
        "improvement": 0.07161826324462872,
        "stdev": 0.04975251465219415,
        "robustness": 1.4394903201434515
    },
    {
        "edge": "input->m1",
        "improvement": 0.07074140930175776,
        "stdev": 0.046948620095258554,
        "robustness": 1.5067835680414832
    },
    {
        "edge": "a10.h10->m10",
        "improvement": 0.06135497665405243,
        "stdev": 0.015613718038963735,
        "robustness": 3.9295558239839004
    },
    {
        "edge": "a10.h3->m10",
        "improvement": 0.06098335266113253,
        "stdev": 0.005970391832741608,
        "robustness": 10.214296543603728
    },
    {
        "edge": "a10.h1->logits",
        "improvement": 0.04679785156250027,
        "stdev": 0.003808980872664366,
        "robustness": 12.286187073910238
    },
    {
        "edge": "m0->a1.h11<v>",
        "improvement": 0.03629563522338852,
        "stdev": 0.020283860955844085,
        "robustness": 1.7893849352645659
    },
    {
        "edge": "a10.h5->m10",
        "improvement": 0.03585876846313507,
        "stdev": 0.010278549990595173,
        "robustness": 3.4886991351840173
    },
    {
        "edge": "m0->a1.h3<v>",
        "improvement": 0.03263589859008764,
        "stdev": 0.0153216883301763,
        "robustness": 2.130045846567101
    },
    {
        "edge": "m1->m2",
        "improvement": 0.029597446441650632,
        "stdev": 0.04827073189205388,
        "robustness": 0.6131551207435253
    },
    {
        "edge": "m0->a1.h4<v>",
        "improvement": 0.02131471252441397,
        "stdev": 0.014686143661137761,
        "robustness": 1.4513484966660528
    },
    {
        "edge": "a1.h4->m1",
        "improvement": 0.00897853851318331,
        "stdev": 0.006726039119635802,
        "robustness": 1.334892401528208
    },
    {
        "edge": "m10->a11.h0<k>",
        "improvement": -0.00047421646118195326,
        "stdev": 0.0007722259389824306,
        "robustness": -0.6140903034244521
    }
]