[
    {
        "edge": "full_attack",
        "improvement": 13.670057365417481,
        "stdev": 0.7170673060995136,
        "robustness": 19.06384135650492
    },
    {
        "edge": "input->a0.h4<v>",
        "improvement": 6.453210031270981,
        "stdev": 1.5324962071344415,
        "robustness": 4.210914194259313
    },
    {
        "edge": "m11->logits",
        "improvement": 5.364998769164085,
        "stdev": 0.21462889365036233,
        "robustness": 24.996628729325924
    },
    {
        "edge": "input->m0",
        "improvement": 4.830459165096283,
        "stdev": 1.4380457007827532,
        "robustness": 3.3590442657468955
    },
    {
        "edge": "a0.h4->m0",
        "improvement": 3.059813901782036,
        "stdev": 1.2027958427272136,
        "robustness": 2.5439179227991247
    },
    {
        "edge": "m0->m1",
        "improvement": 1.0365042476654054,
        "stdev": 0.4855362030338719,
        "robustness": 2.1347620243121126
    },
    {
        "edge": "a11.h11->logits",
        "improvement": 0.959317314147949,
        "stdev": 0.10006351966946414,
        "robustness": 9.587083457755872
    },
    {
        "edge": "a11.h4->logits",
        "improvement": 0.8714599456787111,
        "stdev": 0.09642157278924582,
        "robustness": 9.03801836528337
    },
    {
        "edge": "m10->logits",
        "improvement": 0.6389087905883786,
        "stdev": 0.08209536487297685,
        "robustness": 7.782519653538769
    },
    {
        "edge": "a11.h8->logits",
        "improvement": 0.5514868965148922,
        "stdev": 0.06277655814547668,
        "robustness": 8.784917695501743
    },
    {
        "edge": "a11.h7->logits",
        "improvement": 0.5308106002807618,
        "stdev": 0.057845791365451184,
        "robustness": 9.176304580695774
    },
    {
        "edge": "a11.h3->logits",
        "improvement": 0.4137915592193604,
        "stdev": 0.02603748388972424,
        "robustness": 15.89214844920804
    },
    {
        "edge": "a11.h5->logits",
        "improvement": 0.39731781959533663,
        "stdev": 0.02926092009134504,
        "robustness": 13.578445870977843
    },
    {
        "edge": "a11.h0->logits",
        "improvement": 0.3853027191162113,
        "stdev": 0.03629721351731538,
        "robustness": 10.61521482723198
    },
    {
        "edge": "m10->a11.h0<v>",
        "improvement": 0.3374129428863526,
        "stdev": 0.07904201801092635,
        "robustness": 4.268779459043042
    },
    {
        "edge": "m10->a11.h3<v>",
        "improvement": 0.304262384414673,
        "stdev": 0.0361111527332585,
        "robustness": 8.425717856811762
    },
    {
        "edge": "a11.h5->m11",
        "improvement": 0.3007805919647222,
        "stdev": 0.03535896549861057,
        "robustness": 8.506487328554377
    },
    {
        "edge": "a2.h7->m3",
        "improvement": 0.28071711730957016,
        "stdev": 0.2154205233212248,
        "robustness": 1.3031122243212556
    },
    {
        "edge": "a10.h2->m10",
        "improvement": 0.26897692680358887,
        "stdev": 0.07410082262612086,
        "robustness": 3.629877743202993
    },
    {
        "edge": "m0->m2",
        "improvement": 0.2356801624298095,
        "stdev": 0.13573936871497655,
        "robustness": 1.7362697694924978
    },
    {
        "edge": "a11.h0->m11",
        "improvement": 0.2115186328887937,
        "stdev": 0.03179809854485188,
        "robustness": 6.6519270826977985
    },
    {
        "edge": "m10->a11.h8<v>",
        "improvement": 0.20903968429565456,
        "stdev": 0.046120101300568976,
        "robustness": 4.532507050089148
    },
    {
        "edge": "m9->a10.h4<v>",
        "improvement": 0.20272230720520046,
        "stdev": 0.04054786695499052,
        "robustness": 4.999580062503139
    },
    {
        "edge": "m1->m3",
        "improvement": 0.20170280265808138,
        "stdev": 0.14072886296141487,
        "robustness": 1.4332724532378576
    },
    {
        "edge": "a11.h11->m11",
        "improvement": 0.19275963973999044,
        "stdev": 0.054287123211001966,
        "robustness": 3.5507433133042734
    },
    {
        "edge": "m9->a10.h10<v>",
        "improvement": 0.1888861694335935,
        "stdev": 0.04417592184284945,
        "robustness": 4.2757719941993155
    },
    {
        "edge": "m9->a10.h8<v>",
        "improvement": 0.17957268714904817,
        "stdev": 0.05401350314987297,
        "robustness": 3.3245887912654393
    },
    {
        "edge": "a10.h3->logits",
        "improvement": 0.1785628509521482,
        "stdev": 0.022957512852039404,
        "robustness": 7.777970205352004
    },
    {
        "edge": "m10->a11.h11<v>",
        "improvement": 0.172339418411255,
        "stdev": 0.03650735191933488,
        "robustness": 4.720677051352532
    },
    {
        "edge": "m10->a11.h1<v>",
        "improvement": 0.1625050277709965,
        "stdev": 0.04125779065135919,
        "robustness": 3.9387719314447334
    },
    {
        "edge": "a11.h3->m11",
        "improvement": 0.14912500762939462,
        "stdev": 0.020695711109455055,
        "robustness": 7.205599596974722
    },
    {
        "edge": "a0.h4->m1",
        "improvement": 0.14790505981445357,
        "stdev": 0.11452716520778146,
        "robustness": 1.2914408520119756
    },
    {
        "edge": "input->m1",
        "improvement": 0.14778707122802714,
        "stdev": 0.12236536866391581,
        "robustness": 1.2077524289893953
    },
    {
        "edge": "a11.h1->logits",
        "improvement": 0.13681978988647447,
        "stdev": 0.012609170031732056,
        "robustness": 10.850816472627125
    },
    {
        "edge": "m10->a11.h7<v>",
        "improvement": 0.12775185203552208,
        "stdev": 0.03545673734833236,
        "robustness": 3.6030346159735043
    },
    {
        "edge": "m9->a11.h7<v>",
        "improvement": 0.10099220085144012,
        "stdev": 0.01879957849255181,
        "robustness": 5.372046021747357
    },
    {
        "edge": "m10->a11.h6<v>",
        "improvement": 0.10058042526245092,
        "stdev": 0.028281085254473946,
        "robustness": 3.5564556436722854
    },
    {
        "edge": "a10.h10->logits",
        "improvement": 0.09408384323120167,
        "stdev": 0.00847806313169624,
        "robustness": 11.09732751098044
    },
    {
        "edge": "m4->m5",
        "improvement": 0.09223369979858376,
        "stdev": 0.08774732173704801,
        "robustness": 1.051128376031579
    },
    {
        "edge": "m0->a1.h11<v>",
        "improvement": 0.08919640350341762,
        "stdev": 0.06914877184206958,
        "robustness": 1.2899202853108551
    },
    {
        "edge": "a10.h1->m10",
        "improvement": 0.08319488525390639,
        "stdev": 0.047539915637161825,
        "robustness": 1.7500006918159774
    },
    {
        "edge": "m0->a1.h3<v>",
        "improvement": 0.07710768508911148,
        "stdev": 0.05562291099652604,
        "robustness": 1.3862576357056768
    },
    {
        "edge": "a10.h5->logits",
        "improvement": 0.07577436447143526,
        "stdev": 0.009850686286135595,
        "robustness": 7.692292929690018
    },
    {
        "edge": "a10.h4->logits",
        "improvement": 0.0744062309265141,
        "stdev": 0.011409888883286527,
        "robustness": 6.521205568925925
    },
    {
        "edge": "a10.h0->logits",
        "improvement": 0.07433578109741212,
        "stdev": 0.008132825878522772,
        "robustness": 9.140215493082007
    },
    {
        "edge": "a10.h8->logits",
        "improvement": 0.0716198463439941,
        "stdev": 0.012026281567322782,
        "robustness": 5.955277692698964
    },
    {
        "edge": "m0->a1.h4<v>",
        "improvement": 0.06551094627380394,
        "stdev": 0.05009570571538459,
        "robustness": 1.3077158079377105
    },
    {
        "edge": "a11.h1->m11",
        "improvement": 0.06518786621093753,
        "stdev": 0.009984857627859042,
        "robustness": 6.528672580073146
    },
    {
        "edge": "a10.h8->m10",
        "improvement": 0.053547920227051016,
        "stdev": 0.049387594156897995,
        "robustness": 1.084238281721847
    },
    {
        "edge": "m10->a11.h4<v>",
        "improvement": 0.05001077270507803,
        "stdev": 0.027091695718413744,
        "robustness": 1.8459816330760943
    },
    {
        "edge": "a10.h1->logits",
        "improvement": 0.00516332817077636,
        "stdev": 0.007638262296066411,
        "robustness": 0.6759820454758926
    }
]