[
    {
        "edge": "full_attack",
        "improvement": 14.21450248336792,
        "stdev": 0.690293296312412,
        "robustness": 20.59197526515561
    },
    {
        "edge": "input->a0.h4<v>",
        "improvement": 5.529307404994965,
        "stdev": 1.7441666347126898,
        "robustness": 3.170171527736963
    },
    {
        "edge": "m11->logits",
        "improvement": 5.220341671228409,
        "stdev": 0.19279331121427182,
        "robustness": 27.077400343139942
    },
    {
        "edge": "input->m0",
        "improvement": 4.397491471290589,
        "stdev": 1.6311828634700394,
        "robustness": 2.6958911657125557
    },
    {
        "edge": "a0.h4->m0",
        "improvement": 2.4876520843505867,
        "stdev": 1.086609361517441,
        "robustness": 2.289371113899296
    },
    {
        "edge": "m0->m1",
        "improvement": 1.1907271480560304,
        "stdev": 0.5120053686448542,
        "robustness": 2.325614575502552
    },
    {
        "edge": "a11.h4->logits",
        "improvement": 0.9791324081420907,
        "stdev": 0.08637615872576299,
        "robustness": 11.335678995065681
    },
    {
        "edge": "a11.h7->logits",
        "improvement": 0.6696097564697272,
        "stdev": 0.0714647169798266,
        "robustness": 9.36979512083911
    },
    {
        "edge": "a11.h9->logits",
        "improvement": 0.5811392574310306,
        "stdev": 0.041087979336784326,
        "robustness": 14.143777981088528
    },
    {
        "edge": "a11.h8->logits",
        "improvement": 0.5735477981567385,
        "stdev": 0.05603516737501601,
        "robustness": 10.235497189082407
    },
    {
        "edge": "a11.h2->logits",
        "improvement": 0.5702629241943367,
        "stdev": 0.03283469413987113,
        "robustness": 17.36769411541029
    },
    {
        "edge": "a11.h6->logits",
        "improvement": 0.5495737915039065,
        "stdev": 0.07649790332166395,
        "robustness": 7.184168031286016
    },
    {
        "edge": "m1->a2.h7<v>",
        "improvement": 0.4582685623168947,
        "stdev": 0.2529441132243221,
        "robustness": 1.811738397368757
    },
    {
        "edge": "m10->a11.h9<v>",
        "improvement": 0.4154437255859378,
        "stdev": 0.05353002234653432,
        "robustness": 7.760948106774604
    },
    {
        "edge": "a11.h3->logits",
        "improvement": 0.3995076332092289,
        "stdev": 0.022671406951151944,
        "robustness": 17.621651539757206
    },
    {
        "edge": "m9->m10",
        "improvement": 0.39842496871948274,
        "stdev": 0.1014434847500718,
        "robustness": 3.9275560150668105
    },
    {
        "edge": "m10->a11.h2<v>",
        "improvement": 0.39537811660766664,
        "stdev": 0.04460583994016001,
        "robustness": 8.863819561252015
    },
    {
        "edge": "m9->a10.h10<v>",
        "improvement": 0.3473451766967779,
        "stdev": 0.05587979284965291,
        "robustness": 6.215935295811237
    },
    {
        "edge": "m10->a11.h4<v>",
        "improvement": 0.3425200271606448,
        "stdev": 0.04124596127032744,
        "robustness": 8.30432887515354
    },
    {
        "edge": "m10->a11.h8<v>",
        "improvement": 0.3093946571350106,
        "stdev": 0.05309026987651473,
        "robustness": 5.827709255474625
    },
    {
        "edge": "a11.h0->logits",
        "improvement": 0.29971487808227604,
        "stdev": 0.03814740129597665,
        "robustness": 7.856757417284058
    },
    {
        "edge": "m9->a10.h6<v>",
        "improvement": 0.28328696823120136,
        "stdev": 0.07369442067080154,
        "robustness": 3.844076195356299
    },
    {
        "edge": "m9->a10.h4<v>",
        "improvement": 0.27872658538818396,
        "stdev": 0.04797934394814252,
        "robustness": 5.809303805601007
    },
    {
        "edge": "m0->m2",
        "improvement": 0.2765611991882331,
        "stdev": 0.15743903368317808,
        "robustness": 1.7566240894540175
    },
    {
        "edge": "m10->a11.h0<v>",
        "improvement": 0.274035907745362,
        "stdev": 0.03906965859162706,
        "robustness": 7.014033846819693
    },
    {
        "edge": "m10->a11.h3<v>",
        "improvement": 0.2466562843322757,
        "stdev": 0.02609381798074319,
        "robustness": 9.452671299934106
    },
    {
        "edge": "a11.h4->m11",
        "improvement": 0.23358417892456096,
        "stdev": 0.0382607562921731,
        "robustness": 6.105059114378893
    },
    {
        "edge": "m10->a11.h6<v>",
        "improvement": 0.21072077178955162,
        "stdev": 0.04319496471459358,
        "robustness": 4.878364253376941
    },
    {
        "edge": "m9->a10.h3<v>",
        "improvement": 0.20652067184448253,
        "stdev": 0.03417068055452574,
        "robustness": 6.043797445442738
    },
    {
        "edge": "m9->a11.h4<v>",
        "improvement": 0.19382531738281283,
        "stdev": 0.027796354926301465,
        "robustness": 6.973048009234169
    },
    {
        "edge": "a11.h5->logits",
        "improvement": 0.19237720489501964,
        "stdev": 0.017314822995500016,
        "robustness": 11.110549899644768
    },
    {
        "edge": "a10.h3->logits",
        "improvement": 0.1827914466857914,
        "stdev": 0.028597112430808112,
        "robustness": 6.391954681720499
    },
    {
        "edge": "a11.h1->logits",
        "improvement": 0.1827372703552248,
        "stdev": 0.012858722227089033,
        "robustness": 14.211153108996974
    },
    {
        "edge": "a0.h4->m1",
        "improvement": 0.16875744247436586,
        "stdev": 0.1141266421853037,
        "robustness": 1.4786857761079126
    },
    {
        "edge": "input->m1",
        "improvement": 0.16797256088256862,
        "stdev": 0.13564774858075593,
        "robustness": 1.2382996595226834
    },
    {
        "edge": "m1->m3",
        "improvement": 0.1532444725036628,
        "stdev": 0.10674634458742575,
        "robustness": 1.4355945685629998
    },
    {
        "edge": "a10.h10->logits",
        "improvement": 0.12269372177124094,
        "stdev": 0.013180571707779027,
        "robustness": 9.308679812335338
    },
    {
        "edge": "a11.h2->m11",
        "improvement": 0.11565192413330116,
        "stdev": 0.02414503878289289,
        "robustness": 4.789883552195502
    },
    {
        "edge": "m9->a10.h5<v>",
        "improvement": 0.10454771804809582,
        "stdev": 0.02138170744938481,
        "robustness": 4.889586965661334
    },
    {
        "edge": "m0->a1.h11<v>",
        "improvement": 0.099423748016358,
        "stdev": 0.09123644974188004,
        "robustness": 1.0897371423114437
    },
    {
        "edge": "a11.h3->m11",
        "improvement": 0.09858233642578185,
        "stdev": 0.015482736616089133,
        "robustness": 6.367242359683264
    },
    {
        "edge": "m1->m2",
        "improvement": 0.09826449203491272,
        "stdev": 0.1037097953309172,
        "robustness": 0.9474948024086866
    },
    {
        "edge": "m0->a1.h3<v>",
        "improvement": 0.0917476272583011,
        "stdev": 0.07897832402348565,
        "robustness": 1.1616811117822439
    },
    {
        "edge": "a10.h4->logits",
        "improvement": 0.07967192459106531,
        "stdev": 0.011773872895258308,
        "robustness": 6.766840894227046
    },
    {
        "edge": "a11.h0->m11",
        "improvement": 0.07913761138916087,
        "stdev": 0.016287068373916427,
        "robustness": 4.858923016243914
    },
    {
        "edge": "m10->a11.h7<v>",
        "improvement": 0.06565773773193406,
        "stdev": 0.027010549832822306,
        "robustness": 2.430818259469454
    },
    {
        "edge": "m0->a1.h4<v>",
        "improvement": 0.06231991958618188,
        "stdev": 0.044566398175626014,
        "robustness": 1.3983611451074258
    },
    {
        "edge": "a10.h10->a11.h4<v>",
        "improvement": 0.042169578552246456,
        "stdev": 0.010192813283502225,
        "robustness": 4.13718738677386
    },
    {
        "edge": "m5->m10",
        "improvement": 0.027061260223389283,
        "stdev": 0.015687657287377695,
        "robustness": 1.7250032766309091
    },
    {
        "edge": "m6->m10",
        "improvement": 0.025897056579590405,
        "stdev": 0.01695580632287556,
        "robustness": 1.5273267508754185
    },
    {
        "edge": "a10.h6->a11.h4<v>",
        "improvement": 0.013739994049072557,
        "stdev": 0.00835518377591532,
        "robustness": 1.6444873527114399
    }
]