[
    {
        "edge": "full_attack",
        "improvement": 13.339554374694824,
        "stdev": 0.9567255265967733,
        "robustness": 13.942927207289813
    },
    {
        "edge": "input->a0.h4<v>",
        "improvement": 6.894991869688034,
        "stdev": 1.4559571187982645,
        "robustness": 4.735710812265615
    },
    {
        "edge": "m11->logits",
        "improvement": 5.093851056337357,
        "stdev": 0.24825247232866998,
        "robustness": 20.518833140132568
    },
    {
        "edge": "input->m0",
        "improvement": 4.995303690433502,
        "stdev": 1.332385480826993,
        "robustness": 3.749142993762576
    },
    {
        "edge": "a0.h4->m0",
        "improvement": 3.521526549339294,
        "stdev": 1.2117514884907605,
        "robustness": 2.906145841607642
    },
    {
        "edge": "m0->m1",
        "improvement": 1.3330803339481356,
        "stdev": 0.5711038952118901,
        "robustness": 2.334216847625489
    },
    {
        "edge": "a11.h11->logits",
        "improvement": 0.8191774997711176,
        "stdev": 0.07254301980226423,
        "robustness": 11.292299410804915
    },
    {
        "edge": "a11.h4->logits",
        "improvement": 0.7926503000259402,
        "stdev": 0.10521367006814919,
        "robustness": 7.533719710685154
    },
    {
        "edge": "a11.h6->logits",
        "improvement": 0.7561011695861817,
        "stdev": 0.060654419412011794,
        "robustness": 12.465722645041854
    },
    {
        "edge": "a11.h7->logits",
        "improvement": 0.6061212682723998,
        "stdev": 0.061183521193462855,
        "robustness": 9.906609761079928
    },
    {
        "edge": "m10->a11.h9<v>",
        "improvement": 0.5996777410507201,
        "stdev": 0.06392154497970955,
        "robustness": 9.38146506379147
    },
    {
        "edge": "m10->logits",
        "improvement": 0.5694852151870728,
        "stdev": 0.10327885397287943,
        "robustness": 5.51405436137602
    },
    {
        "edge": "a11.h9->logits",
        "improvement": 0.5608925771713258,
        "stdev": 0.04625678490990587,
        "robustness": 12.125628235161042
    },
    {
        "edge": "m10->a11.h6<v>",
        "improvement": 0.5496466093063352,
        "stdev": 0.053629706169725774,
        "robustness": 10.248920767285751
    },
    {
        "edge": "m10->a11.h11<v>",
        "improvement": 0.414440013885498,
        "stdev": 0.06558243943000258,
        "robustness": 6.319374782144814
    },
    {
        "edge": "a10.h2->m10",
        "improvement": 0.4080755519866939,
        "stdev": 0.07946164265846589,
        "robustness": 5.135503600657282
    },
    {
        "edge": "a11.h10->logits",
        "improvement": 0.3635484209060671,
        "stdev": 0.0614470205321792,
        "robustness": 5.916453194271321
    },
    {
        "edge": "a11.h0->logits",
        "improvement": 0.3385493717193606,
        "stdev": 0.04735113225146711,
        "robustness": 7.149762964936729
    },
    {
        "edge": "m0->m2",
        "improvement": 0.2918867731094359,
        "stdev": 0.18306351775432814,
        "robustness": 1.5944562668196343
    },
    {
        "edge": "a11.h11->m11",
        "improvement": 0.28612615585327106,
        "stdev": 0.04571130537855642,
        "robustness": 6.259417741053953
    },
    {
        "edge": "m9->a10.h10<v>",
        "improvement": 0.2812598981857297,
        "stdev": 0.0654252644916978,
        "robustness": 4.298949348862326
    },
    {
        "edge": "m9->a10.h8<v>",
        "improvement": 0.2767326984405516,
        "stdev": 0.07150351712324154,
        "robustness": 3.8701970137158783
    },
    {
        "edge": "a11.h6->m11",
        "improvement": 0.27550723075866657,
        "stdev": 0.037916244255662736,
        "robustness": 7.266205716498938
    },
    {
        "edge": "m10->a11.h7<v>",
        "improvement": 0.27087531280517574,
        "stdev": 0.03866171436989057,
        "robustness": 7.006293363341674
    },
    {
        "edge": "m10->m11",
        "improvement": 0.26445409965515143,
        "stdev": 0.05615191330724677,
        "robustness": 4.709618676894166
    },
    {
        "edge": "m1->a2.h7<v>",
        "improvement": 0.2535009517669673,
        "stdev": 0.20791864251861197,
        "robustness": 1.2192314681175114
    },
    {
        "edge": "a11.h3->logits",
        "improvement": 0.24497358894348142,
        "stdev": 0.020606635754667556,
        "robustness": 11.888092353357248
    },
    {
        "edge": "a11.h2->logits",
        "improvement": 0.24047283935546826,
        "stdev": 0.03713029981371354,
        "robustness": 6.47645832546316
    },
    {
        "edge": "m10->a11.h10<v>",
        "improvement": 0.2396598939895629,
        "stdev": 0.046302374340090845,
        "robustness": 5.175974178543447
    },
    {
        "edge": "m10->a11.h0<v>",
        "improvement": 0.2137224426269526,
        "stdev": 0.04987460151795075,
        "robustness": 4.285195993997669
    },
    {
        "edge": "m1->m3",
        "improvement": 0.2102436847686766,
        "stdev": 0.15986213453023962,
        "robustness": 1.3151562462648514
    },
    {
        "edge": "m10->a11.h3<v>",
        "improvement": 0.20108865928649866,
        "stdev": 0.028599427875892494,
        "robustness": 7.031212657788992
    },
    {
        "edge": "m10->a11.h1<v>",
        "improvement": 0.18704706382751457,
        "stdev": 0.038023542900429676,
        "robustness": 4.919243436029231
    },
    {
        "edge": "a11.h9->m11",
        "improvement": 0.1637061271667477,
        "stdev": 0.029657642820157603,
        "robustness": 5.519863063947904
    },
    {
        "edge": "a0.h4->m1",
        "improvement": 0.1591863346099851,
        "stdev": 0.09465993424533747,
        "robustness": 1.681665383343808
    },
    {
        "edge": "a11.h0->m11",
        "improvement": 0.1572324371337892,
        "stdev": 0.030071286026792564,
        "robustness": 5.228656898600881
    },
    {
        "edge": "input->m1",
        "improvement": 0.140049556732178,
        "stdev": 0.10104918210881295,
        "robustness": 1.3859543819104663
    },
    {
        "edge": "a11.h1->logits",
        "improvement": 0.13069878768920873,
        "stdev": 0.019788354811486095,
        "robustness": 6.60483344544363
    },
    {
        "edge": "m10->a11.h2<v>",
        "improvement": 0.11937495422363309,
        "stdev": 0.039685384634619514,
        "robustness": 3.0080331921363426
    },
    {
        "edge": "a10.h10->logits",
        "improvement": 0.11531982612609859,
        "stdev": 0.011436861845501573,
        "robustness": 10.08317033850129
    },
    {
        "edge": "m10->a11.h8<v>",
        "improvement": 0.10681743144989042,
        "stdev": 0.05554660171837289,
        "robustness": 1.923023698037659
    },
    {
        "edge": "a10.h8->logits",
        "improvement": 0.08934989738464338,
        "stdev": 0.013141611396144042,
        "robustness": 6.799006201846758
    },
    {
        "edge": "m0->a1.h11<v>",
        "improvement": 0.08556305122375463,
        "stdev": 0.058328358972339296,
        "robustness": 1.4669202551083371
    },
    {
        "edge": "m0->a1.h3<v>",
        "improvement": 0.07983201408386176,
        "stdev": 0.05674631264015928,
        "robustness": 1.4068229347357586
    },
    {
        "edge": "m9->a11.h0<v>",
        "improvement": 0.07322161483764678,
        "stdev": 0.025507594938685416,
        "robustness": 2.870580900067421
    },
    {
        "edge": "m1->m2",
        "improvement": 0.06831203269958497,
        "stdev": 0.13063445411132893,
        "robustness": 0.5229250825465102
    },
    {
        "edge": "m0->a1.h4<v>",
        "improvement": 0.06514704132080062,
        "stdev": 0.04276703166657919,
        "robustness": 1.5233005140197877
    },
    {
        "edge": "a10.h1->logits",
        "improvement": 0.046755699157714936,
        "stdev": 0.007996875877726132,
        "robustness": 5.8467456382491285
    },
    {
        "edge": "a11.h5->logits",
        "improvement": 0.045129404067992596,
        "stdev": 0.015830250648257504,
        "robustness": 2.850833197196417
    },
    {
        "edge": "a11.h1->m11",
        "improvement": 0.04419564437866175,
        "stdev": 0.015267996091872637,
        "robustness": 2.894659136190616
    },
    {
        "edge": "a10.h7->logits",
        "improvement": 0.01915282630920423,
        "stdev": 0.005615753165400677,
        "robustness": 3.4105534458328886
    }
]