[
    {
        "edge": "full_attack",
        "improvement": 14.58686710357666,
        "stdev": 0.40754082985669843,
        "robustness": 35.792406637405556
    },
    {
        "edge": "input->a0.h4<v>",
        "improvement": 4.91133674287796,
        "stdev": 1.630026843792753,
        "robustness": 3.013040405794939
    },
    {
        "edge": "m11->logits",
        "improvement": 4.5675105586051945,
        "stdev": 0.1738815529562357,
        "robustness": 26.267942061426105
    },
    {
        "edge": "input->m0",
        "improvement": 3.386088056087494,
        "stdev": 1.4485823522407242,
        "robustness": 2.3375185061793413
    },
    {
        "edge": "a0.h4->m0",
        "improvement": 1.964909559249878,
        "stdev": 0.9966939330111478,
        "robustness": 1.9714272297350293
    },
    {
        "edge": "a11.h4->logits",
        "improvement": 0.6733949089050295,
        "stdev": 0.04976935512299998,
        "robustness": 13.530312121601765
    },
    {
        "edge": "m0->m1",
        "improvement": 0.6171578960418707,
        "stdev": 0.4724058191951346,
        "robustness": 1.3064146777305976
    },
    {
        "edge": "a11.h11->logits",
        "improvement": 0.5991249618530272,
        "stdev": 0.043890790702273676,
        "robustness": 13.650356994411375
    },
    {
        "edge": "a11.h7->logits",
        "improvement": 0.544186195373535,
        "stdev": 0.04183872505518127,
        "robustness": 13.006758562929571
    },
    {
        "edge": "a11.h9->logits",
        "improvement": 0.398469902038574,
        "stdev": 0.030935449597375653,
        "robustness": 12.880688893313431
    },
    {
        "edge": "m10->logits",
        "improvement": 0.38612942123413063,
        "stdev": 0.04695263074568659,
        "robustness": 8.223808018885146
    },
    {
        "edge": "m9->m10",
        "improvement": 0.3372610168457033,
        "stdev": 0.06107105063033971,
        "robustness": 5.522436790667462
    },
    {
        "edge": "a11.h6->logits",
        "improvement": 0.3243997650146486,
        "stdev": 0.03844655887483205,
        "robustness": 8.437680107360862
    },
    {
        "edge": "m10->a11.h4<v>",
        "improvement": 0.28113697052001996,
        "stdev": 0.040097793582963656,
        "robustness": 7.01128280134263
    },
    {
        "edge": "m10->a11.h9<v>",
        "improvement": 0.2507323646545414,
        "stdev": 0.04440487557320201,
        "robustness": 5.646505286141515
    },
    {
        "edge": "a11.h4->m11",
        "improvement": 0.23892840194702192,
        "stdev": 0.035419074491734856,
        "robustness": 6.745755087496049
    },
    {
        "edge": "a11.h0->logits",
        "improvement": 0.23414449310302743,
        "stdev": 0.014715251419528676,
        "robustness": 15.91168824966818
    },
    {
        "edge": "a11.h3->logits",
        "improvement": 0.1966252441406251,
        "stdev": 0.012417227529285183,
        "robustness": 15.834874868556438
    },
    {
        "edge": "m9->a10.h10<v>",
        "improvement": 0.19115839767456055,
        "stdev": 0.03568106256995676,
        "robustness": 5.357418863291217
    },
    {
        "edge": "m0->m2",
        "improvement": 0.16979404067993187,
        "stdev": 0.1759131064130457,
        "robustness": 0.9652154074367478
    },
    {
        "edge": "m10->a11.h11<v>",
        "improvement": 0.16111200332641573,
        "stdev": 0.01778972588552483,
        "robustness": 9.056463509508575
    },
    {
        "edge": "m10->m11",
        "improvement": 0.16073175430297848,
        "stdev": 0.04893885147239229,
        "robustness": 3.284338505443912
    },
    {
        "edge": "a11.h1->logits",
        "improvement": 0.16062407684326185,
        "stdev": 0.009642772632819575,
        "robustness": 16.65745765865838
    },
    {
        "edge": "m10->a11.h7<v>",
        "improvement": 0.15664494323730516,
        "stdev": 0.02244115479638404,
        "robustness": 6.980253229327818
    },
    {
        "edge": "m9->a10.h6<v>",
        "improvement": 0.15186937713623028,
        "stdev": 0.03851424760162656,
        "robustness": 3.9431998959734686
    },
    {
        "edge": "m10->a11.h0<v>",
        "improvement": 0.14874323654174848,
        "stdev": 0.02071506782890953,
        "robustness": 7.180436857376128
    },
    {
        "edge": "a11.h5->logits",
        "improvement": 0.14736568832397445,
        "stdev": 0.008309011384356179,
        "robustness": 17.735646457462767
    },
    {
        "edge": "m10->a11.h6<v>",
        "improvement": 0.1467565689086916,
        "stdev": 0.023148622191957704,
        "robustness": 6.33975394698341
    },
    {
        "edge": "a11.h9->m11",
        "improvement": 0.14039300155639634,
        "stdev": 0.018706048906146508,
        "robustness": 7.505219421845168
    },
    {
        "edge": "a11.h11->m11",
        "improvement": 0.1334568214416505,
        "stdev": 0.03602723091341286,
        "robustness": 3.704331919441658
    },
    {
        "edge": "m9->a11.h4<v>",
        "improvement": 0.13005302047729472,
        "stdev": 0.024163926718980294,
        "robustness": 5.382114504392227
    },
    {
        "edge": "input->m1",
        "improvement": 0.11155236816406244,
        "stdev": 0.15384632091898123,
        "robustness": 0.7250896056383975
    },
    {
        "edge": "a0.h4->m1",
        "improvement": 0.10806682205200246,
        "stdev": 0.12912557914833434,
        "robustness": 0.836912583585469
    },
    {
        "edge": "a11.h5->m11",
        "improvement": 0.10141896057128896,
        "stdev": 0.012480245160017951,
        "robustness": 8.12635964044981
    },
    {
        "edge": "a11.h1->m11",
        "improvement": 0.08318186950683604,
        "stdev": 0.02017271327516434,
        "robustness": 4.123484450118343
    },
    {
        "edge": "a11.h0->m11",
        "improvement": 0.07126561355590866,
        "stdev": 0.011436332321137211,
        "robustness": 6.2315095045106315
    },
    {
        "edge": "a10.h10->logits",
        "improvement": 0.06880294799804698,
        "stdev": 0.005110321623687197,
        "robustness": 13.463525990053894
    },
    {
        "edge": "a11.h6->m11",
        "improvement": 0.06667050552368181,
        "stdev": 0.020138460190352942,
        "robustness": 3.3106059198915028
    },
    {
        "edge": "m0->a1.h11<v>",
        "improvement": 0.05694269943237362,
        "stdev": 0.06849818807874315,
        "robustness": 0.8313022727975558
    },
    {
        "edge": "a10.h4->logits",
        "improvement": 0.05680527877807595,
        "stdev": 0.006242145186342552,
        "robustness": 9.100281567042462
    },
    {
        "edge": "m0->a1.h3<v>",
        "improvement": 0.052462989807128935,
        "stdev": 0.06185446948306099,
        "robustness": 0.8481681315122437
    },
    {
        "edge": "m5->m6",
        "improvement": 0.05031805038452131,
        "stdev": 0.05200089912412568,
        "robustness": 0.9676380838033699
    },
    {
        "edge": "a11.h3->m11",
        "improvement": 0.03904499435424835,
        "stdev": 0.010850259427973921,
        "robustness": 3.598530948816148
    },
    {
        "edge": "a10.h1->m10",
        "improvement": 0.03734393692016624,
        "stdev": 0.01911121419001793,
        "robustness": 1.9540326715437857
    },
    {
        "edge": "m0->a1.h4<v>",
        "improvement": 0.03527089691162111,
        "stdev": 0.04934886535507026,
        "robustness": 0.7147255900990491
    },
    {
        "edge": "a10.h4->m10",
        "improvement": 0.030470920562744475,
        "stdev": 0.011723786363811042,
        "robustness": 2.5990682205539026
    },
    {
        "edge": "a10.h5->m10",
        "improvement": 0.027530166625976626,
        "stdev": 0.013168458004973356,
        "robustness": 2.090614300898348
    },
    {
        "edge": "a10.h3->m10",
        "improvement": 0.01684186172485358,
        "stdev": 0.011008576286013568,
        "robustness": 1.5298855444414934
    },
    {
        "edge": "a9.h0->m9",
        "improvement": 0.015574192047119517,
        "stdev": 0.0314147745864854,
        "robustness": 0.49576010816959726
    },
    {
        "edge": "a10.h8->m10",
        "improvement": 0.007173717498779375,
        "stdev": 0.015284677467093648,
        "robustness": 0.4693404564292349
    },
    {
        "edge": "a10.h1->logits",
        "improvement": 0.0008044013977048792,
        "stdev": 0.004334379161539132,
        "robustness": 0.18558630145758576
    }
]