[
    {
        "edge": "full_attack",
        "improvement": 14.54405210876465,
        "stdev": 0.46283682132429266,
        "robustness": 31.42371444681185
    },
    {
        "edge": "m11->logits",
        "improvement": 6.015238887548447,
        "stdev": 0.19727202488952258,
        "robustness": 30.492102926997052
    },
    {
        "edge": "input->a0.h4<v>",
        "improvement": 4.301053506851197,
        "stdev": 1.4710352046171995,
        "robustness": 2.92382771897729
    },
    {
        "edge": "input->m0",
        "improvement": 2.34875541973114,
        "stdev": 1.0794695653523823,
        "robustness": 2.1758421868655575
    },
    {
        "edge": "a0.h4->m0",
        "improvement": 1.4258572139739991,
        "stdev": 0.7187124596608895,
        "robustness": 1.9839049606107597
    },
    {
        "edge": "a11.h11->logits",
        "improvement": 0.7750579719543458,
        "stdev": 0.054558498026919075,
        "robustness": 14.205999064929049
    },
    {
        "edge": "m0->m1",
        "improvement": 0.7549315166473392,
        "stdev": 0.4822050255155699,
        "robustness": 1.5655820174005284
    },
    {
        "edge": "a11.h6->logits",
        "improvement": 0.7482471656799321,
        "stdev": 0.046578142259319874,
        "robustness": 16.064341113351606
    },
    {
        "edge": "a11.h8->logits",
        "improvement": 0.7006888885498048,
        "stdev": 0.05045569428421559,
        "robustness": 13.887211314600941
    },
    {
        "edge": "a11.h7->logits",
        "improvement": 0.6957723007202148,
        "stdev": 0.048800206743126566,
        "robustness": 14.257568710366442
    },
    {
        "edge": "m10->logits",
        "improvement": 0.6830345840454104,
        "stdev": 0.04954875676955144,
        "robustness": 13.785100345144215
    },
    {
        "edge": "a11.h10->logits",
        "improvement": 0.4729624366760259,
        "stdev": 0.0375058308711358,
        "robustness": 12.610370859428532
    },
    {
        "edge": "m10->a11.h10<v>",
        "improvement": 0.43773154449462925,
        "stdev": 0.035254439942099716,
        "robustness": 12.416352244243265
    },
    {
        "edge": "m9->a10.h8<v>",
        "improvement": 0.3951067810058593,
        "stdev": 0.058506744959997706,
        "robustness": 6.75318343681574
    },
    {
        "edge": "m10->a11.h6<v>",
        "improvement": 0.3924058952331544,
        "stdev": 0.02521415178580206,
        "robustness": 15.56292270177083
    },
    {
        "edge": "m9->m10",
        "improvement": 0.3561952438354492,
        "stdev": 0.04947201645537907,
        "robustness": 7.199933808170463
    },
    {
        "edge": "a11.h3->logits",
        "improvement": 0.30465138244628953,
        "stdev": 0.016561737805804423,
        "robustness": 18.39489225215954
    },
    {
        "edge": "m10->a11.h8<v>",
        "improvement": 0.2993612556457519,
        "stdev": 0.029895231240242036,
        "robustness": 10.013679213251278
    },
    {
        "edge": "a11.h0->logits",
        "improvement": 0.2582328987121585,
        "stdev": 0.025901402324438983,
        "robustness": 9.969842384499223
    },
    {
        "edge": "m1->m3",
        "improvement": 0.25603639221191443,
        "stdev": 0.29956610550265605,
        "robustness": 0.8546907928128215
    },
    {
        "edge": "a2.h7->m3",
        "improvement": 0.24418211364746156,
        "stdev": 0.2532660192500244,
        "robustness": 0.964132947525048
    },
    {
        "edge": "m9->a10.h6<v>",
        "improvement": 0.22855284881591853,
        "stdev": 0.018292684545658706,
        "robustness": 12.494221296248156
    },
    {
        "edge": "a11.h10->m11",
        "improvement": 0.22243794250488325,
        "stdev": 0.02243046812195562,
        "robustness": 9.91677664930917
    },
    {
        "edge": "m9->a10.h10<v>",
        "improvement": 0.2201464195251468,
        "stdev": 0.022463657115184634,
        "robustness": 9.800114843114109
    },
    {
        "edge": "a11.h5->logits",
        "improvement": 0.21453078079223697,
        "stdev": 0.010364726537766865,
        "robustness": 20.698161211541116
    },
    {
        "edge": "a11.h6->m11",
        "improvement": 0.211319400787354,
        "stdev": 0.02364532744888814,
        "robustness": 8.937046917372708
    },
    {
        "edge": "m10->a11.h3<v>",
        "improvement": 0.2012669334411621,
        "stdev": 0.015362901301873903,
        "robustness": 13.100841402698615
    },
    {
        "edge": "a11.h5->m11",
        "improvement": 0.19077281951904368,
        "stdev": 0.013689836831079829,
        "robustness": 13.935361091078532
    },
    {
        "edge": "m0->m2",
        "improvement": 0.17526713180541975,
        "stdev": 0.14745913046077633,
        "robustness": 1.188581075025668
    },
    {
        "edge": "m9->a10.h2<v>",
        "improvement": 0.16517916107177744,
        "stdev": 0.04381764719562345,
        "robustness": 3.769694897910349
    },
    {
        "edge": "a10.h8->logits",
        "improvement": 0.15730567932128903,
        "stdev": 0.012762844861693413,
        "robustness": 12.325283353825647
    },
    {
        "edge": "a10.h6->logits",
        "improvement": 0.15452249526977546,
        "stdev": 0.015624904118230679,
        "robustness": 9.889500383524476
    },
    {
        "edge": "a10.h8->m10",
        "improvement": 0.1535354309082031,
        "stdev": 0.03134760906831243,
        "robustness": 4.897835448107703
    },
    {
        "edge": "a0.h4->m1",
        "improvement": 0.13874008178710984,
        "stdev": 0.15842552861773682,
        "robustness": 0.8757432151094425
    },
    {
        "edge": "input->m1",
        "improvement": 0.13742437362670934,
        "stdev": 0.1709905354499252,
        "robustness": 0.80369579091092
    },
    {
        "edge": "a11.h7->m11",
        "improvement": 0.13544199371337928,
        "stdev": 0.024395513751435484,
        "robustness": 5.55192217279743
    },
    {
        "edge": "m8->a10.h8<v>",
        "improvement": 0.13073221588134754,
        "stdev": 0.02119538879296971,
        "robustness": 6.167955547232522
    },
    {
        "edge": "a10.h10->logits",
        "improvement": 0.11576702880859369,
        "stdev": 0.007039209709521161,
        "robustness": 16.44602641288104
    },
    {
        "edge": "m10->a11.h11<v>",
        "improvement": 0.10379011535644533,
        "stdev": 0.011762207446105892,
        "robustness": 8.824033739585767
    },
    {
        "edge": "m2->a4.h8<v>",
        "improvement": 0.0913292922973632,
        "stdev": 0.06709456464462617,
        "robustness": 1.361202547197362
    },
    {
        "edge": "m10->a11.h7<v>",
        "improvement": 0.0808627166748046,
        "stdev": 0.010035379671536069,
        "robustness": 8.057763564657172
    },
    {
        "edge": "m1->m2",
        "improvement": 0.07688233184814486,
        "stdev": 0.08712125805655657,
        "robustness": 0.882474995921605
    },
    {
        "edge": "m9->a11.h10<v>",
        "improvement": 0.07622932052612352,
        "stdev": 0.014135983463881726,
        "robustness": 5.392572842271211
    },
    {
        "edge": "m8->a9.h4<v>",
        "improvement": 0.07468296051025458,
        "stdev": 0.03681498668192005,
        "robustness": 2.028602133025668
    },
    {
        "edge": "m0->a1.h11<v>",
        "improvement": 0.07416773986816416,
        "stdev": 0.09576384334441647,
        "robustness": 0.7744858317916344
    },
    {
        "edge": "a10.h1->logits",
        "improvement": 0.07179615020752017,
        "stdev": 0.0047572379754277855,
        "robustness": 15.091982065720401
    },
    {
        "edge": "m0->a1.h3<v>",
        "improvement": 0.06575146484374983,
        "stdev": 0.07717615131352207,
        "robustness": 0.8519661025416991
    },
    {
        "edge": "a10.h9->logits",
        "improvement": 0.05519947433471728,
        "stdev": 0.005868590917802102,
        "robustness": 9.40591619144422
    },
    {
        "edge": "a10.h1->m10",
        "improvement": 0.053139022827148885,
        "stdev": 0.019045825050744227,
        "robustness": 2.7900614799080308
    },
    {
        "edge": "m0->a1.h4<v>",
        "improvement": 0.045675064086914574,
        "stdev": 0.05343975774267437,
        "robustness": 0.8547019301032629
    },
    {
        "edge": "m10->a11.h4<v>",
        "improvement": 0.035211658477783736,
        "stdev": 0.01454022763352252,
        "robustness": 2.4216717485634955
    }
]