[
    {
        "edge": "full_attack",
        "improvement": 12.400053171157836,
        "stdev": 0.914490173736773,
        "robustness": 13.559525872748273
    },
    {
        "edge": "input->a0.h4<v>",
        "improvement": 7.858175678730011,
        "stdev": 1.3313403052896198,
        "robustness": 5.9024545771717944
    },
    {
        "edge": "input->m0",
        "improvement": 7.480112833023071,
        "stdev": 1.382393626805866,
        "robustness": 5.410986196678644
    },
    {
        "edge": "m11->logits",
        "improvement": 5.236562869429588,
        "stdev": 0.29650786967691684,
        "robustness": 17.66078881864246
    },
    {
        "edge": "a0.h4->m0",
        "improvement": 4.784137904167175,
        "stdev": 1.0178859028536906,
        "robustness": 4.700072857630331
    },
    {
        "edge": "m0->m1",
        "improvement": 1.8655914750099183,
        "stdev": 0.5951152502924362,
        "robustness": 3.1348406448888304
    },
    {
        "edge": "a11.h7->logits",
        "improvement": 1.1799155464172362,
        "stdev": 0.10962289079260708,
        "robustness": 10.763404776922824
    },
    {
        "edge": "a11.h0->logits",
        "improvement": 1.1094067602157591,
        "stdev": 0.09353010559287228,
        "robustness": 11.86149372101537
    },
    {
        "edge": "a11.h4->logits",
        "improvement": 1.050191745758057,
        "stdev": 0.09128840428068004,
        "robustness": 11.504108917591365
    },
    {
        "edge": "a11.h5->logits",
        "improvement": 0.8648891696929928,
        "stdev": 0.08038950843760655,
        "robustness": 10.758731910449075
    },
    {
        "edge": "a11.h8->logits",
        "improvement": 0.8250621433258054,
        "stdev": 0.08819820692276674,
        "robustness": 9.354636246157414
    },
    {
        "edge": "m9->m10",
        "improvement": 0.7416267461776735,
        "stdev": 0.22260674793182547,
        "robustness": 3.3315555483735864
    },
    {
        "edge": "m10->a11.h4<v>",
        "improvement": 0.6912841243743895,
        "stdev": 0.10010934339813737,
        "robustness": 6.905290764171084
    },
    {
        "edge": "m10->a11.h0<v>",
        "improvement": 0.6385672321319582,
        "stdev": 0.0948178047475668,
        "robustness": 6.734676402095725
    },
    {
        "edge": "m0->m2",
        "improvement": 0.5783759803771975,
        "stdev": 0.2527566341084633,
        "robustness": 2.2882722046733854
    },
    {
        "edge": "a11.h6->logits",
        "improvement": 0.5523537254333499,
        "stdev": 0.05896763795461476,
        "robustness": 9.367065471716478
    },
    {
        "edge": "a11.h2->logits",
        "improvement": 0.5516828784942627,
        "stdev": 0.048384995185443765,
        "robustness": 11.401941374176927
    },
    {
        "edge": "m10->a11.h5<v>",
        "improvement": 0.5152960395812984,
        "stdev": 0.10064235294760243,
        "robustness": 5.120071465832856
    },
    {
        "edge": "m10->a11.h8<v>",
        "improvement": 0.51320922088623,
        "stdev": 0.09320859658089321,
        "robustness": 5.506028839741511
    },
    {
        "edge": "m10->a11.h3<v>",
        "improvement": 0.5063245010375974,
        "stdev": 0.06478370899340458,
        "robustness": 7.815614587444271
    },
    {
        "edge": "m10->a11.h2<v>",
        "improvement": 0.5028833580017089,
        "stdev": 0.06535806682799004,
        "robustness": 7.694281401027388
    },
    {
        "edge": "a11.h1->logits",
        "improvement": 0.4635252323150638,
        "stdev": 0.046952371487916415,
        "robustness": 9.87224324620868
    },
    {
        "edge": "m10->logits",
        "improvement": 0.4098762969970702,
        "stdev": 0.07354959922206825,
        "robustness": 5.5727876335468665
    },
    {
        "edge": "a11.h3->logits",
        "improvement": 0.4063542175292971,
        "stdev": 0.039309390376524964,
        "robustness": 10.33733196157543
    },
    {
        "edge": "m8->m9",
        "improvement": 0.3978569316864009,
        "stdev": 0.13189614557472598,
        "robustness": 3.0164409274643615
    },
    {
        "edge": "m10->a11.h7<v>",
        "improvement": 0.3922280235290527,
        "stdev": 0.07116393124350243,
        "robustness": 5.5116126480837835
    },
    {
        "edge": "m10->a11.h6<v>",
        "improvement": 0.3488220462799072,
        "stdev": 0.08216787368408314,
        "robustness": 4.245236375728171
    },
    {
        "edge": "a11.h9->logits",
        "improvement": 0.3425400028228758,
        "stdev": 0.03711583108447162,
        "robustness": 9.228946053862886
    },
    {
        "edge": "m10->a11.h9<v>",
        "improvement": 0.33332988739013647,
        "stdev": 0.05540408010099083,
        "robustness": 6.016341879199891
    },
    {
        "edge": "m9->a10.h6<v>",
        "improvement": 0.28718917274475064,
        "stdev": 0.08431290674448333,
        "robustness": 3.4062302420090824
    },
    {
        "edge": "a0.h4->m1",
        "improvement": 0.2790139160156251,
        "stdev": 0.11937735025891642,
        "robustness": 2.3372433330985687
    },
    {
        "edge": "input->m1",
        "improvement": 0.2748833942413329,
        "stdev": 0.13305085263486388,
        "robustness": 2.0660025005304177
    },
    {
        "edge": "a11.h7->m11",
        "improvement": 0.24311773109435997,
        "stdev": 0.04960782746361434,
        "robustness": 4.90079375624096
    },
    {
        "edge": "m1->m3",
        "improvement": 0.24189629173278782,
        "stdev": 0.16816930525082616,
        "robustness": 1.438409294561794
    },
    {
        "edge": "a11.h4->m11",
        "improvement": 0.21722299385070798,
        "stdev": 0.04575539166311782,
        "robustness": 4.747484087778131
    },
    {
        "edge": "m0->a1.h11<v>",
        "improvement": 0.2040034236907955,
        "stdev": 0.11076998262514265,
        "robustness": 1.8416850743866655
    },
    {
        "edge": "m1->m2",
        "improvement": 0.19094588851928673,
        "stdev": 0.13768505267009495,
        "robustness": 1.3868309218489334
    },
    {
        "edge": "m9->a10.h10<v>",
        "improvement": 0.17779500770568823,
        "stdev": 0.03540668004163247,
        "robustness": 5.02151027706157
    },
    {
        "edge": "m0->a1.h3<v>",
        "improvement": 0.17404627037048304,
        "stdev": 0.09309900128822848,
        "robustness": 1.8694751604439563
    },
    {
        "edge": "m0->a1.h4<v>",
        "improvement": 0.17326167678833038,
        "stdev": 0.092126244854333,
        "robustness": 1.8806983510755926
    },
    {
        "edge": "m9->a10.h2<v>",
        "improvement": 0.16963580131530787,
        "stdev": 0.052075609724383354,
        "robustness": 3.2574904492357644
    },
    {
        "edge": "a10.h1->logits",
        "improvement": 0.15408568763732866,
        "stdev": 0.017164320878142486,
        "robustness": 8.977091999809067
    },
    {
        "edge": "m9->a10.h4<v>",
        "improvement": 0.1247898483276364,
        "stdev": 0.03463372306838903,
        "robustness": 3.6031312048439537
    },
    {
        "edge": "m9->a11.h0<v>",
        "improvement": 0.12379311561584494,
        "stdev": 0.028066426773305685,
        "robustness": 4.410718778550964
    },
    {
        "edge": "m9->a10.h3<v>",
        "improvement": 0.11216028213500984,
        "stdev": 0.03204957086229653,
        "robustness": 3.4995876424341277
    },
    {
        "edge": "a10.h10->logits",
        "improvement": 0.10416277122497508,
        "stdev": 0.013632929745575272,
        "robustness": 7.640527250482043
    },
    {
        "edge": "a11.h3->m11",
        "improvement": 0.07600342750549327,
        "stdev": 0.017951830774879857,
        "robustness": 4.23374242207349
    },
    {
        "edge": "a11.h2->m11",
        "improvement": 0.06980643844604462,
        "stdev": 0.02255394411329318,
        "robustness": 3.095087852279507
    },
    {
        "edge": "m5->m10",
        "improvement": 0.04040120887756338,
        "stdev": 0.020171270032110365,
        "robustness": 2.00290853343638
    },
    {
        "edge": "a10.h3->logits",
        "improvement": 0.03256592178344686,
        "stdev": 0.007389379006395041,
        "robustness": 4.407125653625712
    },
    {
        "edge": "m6->m10",
        "improvement": 0.03166463661193841,
        "stdev": 0.020643916106407482,
        "robustness": 1.533848347800169
    }
]