[
    {
        "edge": "full_attack",
        "improvement": 12.327281211853027,
        "stdev": 0.9643649656745098,
        "robustness": 12.782796607745809
    },
    {
        "edge": "input->a0.h4<v>",
        "improvement": 7.258436944544316,
        "stdev": 1.3022626812424343,
        "robustness": 5.573711854830506
    },
    {
        "edge": "input->m0",
        "improvement": 7.200550395488739,
        "stdev": 1.320421133977315,
        "robustness": 5.453222619816418
    },
    {
        "edge": "m11->logits",
        "improvement": 5.418489529728889,
        "stdev": 0.29217604375989037,
        "robustness": 18.54529022982388
    },
    {
        "edge": "a0.h4->m0",
        "improvement": 4.388253366589547,
        "stdev": 1.1521769350089974,
        "robustness": 3.808662743761034
    },
    {
        "edge": "m0->m1",
        "improvement": 1.8444756891727452,
        "stdev": 0.6021802653055986,
        "robustness": 3.0629959091015673
    },
    {
        "edge": "a11.h0->logits",
        "improvement": 1.5877167196273807,
        "stdev": 0.12143521746467639,
        "robustness": 13.074598561897604
    },
    {
        "edge": "a11.h7->logits",
        "improvement": 1.3991563863754273,
        "stdev": 0.10758958836856575,
        "robustness": 13.00457049414845
    },
    {
        "edge": "a11.h5->logits",
        "improvement": 1.3138647499084475,
        "stdev": 0.10873236249971531,
        "robustness": 12.083474686865996
    },
    {
        "edge": "m10->a11.h0<v>",
        "improvement": 0.9319542951583868,
        "stdev": 0.1462272412568416,
        "robustness": 6.373328848633961
    },
    {
        "edge": "a11.h4->logits",
        "improvement": 0.8472741308212282,
        "stdev": 0.11509246539644853,
        "robustness": 7.361681999796426
    },
    {
        "edge": "a11.h10->logits",
        "improvement": 0.7994396877288823,
        "stdev": 0.09051001891227653,
        "robustness": 8.832609884920139
    },
    {
        "edge": "m10->a11.h5<v>",
        "improvement": 0.7745319938659669,
        "stdev": 0.11064429593578091,
        "robustness": 7.000198133264035
    },
    {
        "edge": "m10->a11.h7<v>",
        "improvement": 0.7168222846984866,
        "stdev": 0.09192227137324126,
        "robustness": 7.798135032889918
    },
    {
        "edge": "a11.h6->logits",
        "improvement": 0.509501888275147,
        "stdev": 0.06616422778236355,
        "robustness": 7.7005642679163495
    },
    {
        "edge": "m0->m2",
        "improvement": 0.49591554832458495,
        "stdev": 0.21388051766882088,
        "robustness": 2.318656947952949
    },
    {
        "edge": "m10->a11.h3<v>",
        "improvement": 0.47680506324768057,
        "stdev": 0.07228193033408771,
        "robustness": 6.596462781830582
    },
    {
        "edge": "a2.h7->m3",
        "improvement": 0.4737261676788336,
        "stdev": 0.31374296127396223,
        "robustness": 1.5099180735569493
    },
    {
        "edge": "a11.h1->logits",
        "improvement": 0.47082664299011245,
        "stdev": 0.051162285446336796,
        "robustness": 9.20261162851988
    },
    {
        "edge": "a11.h0->m11",
        "improvement": 0.45235202026367194,
        "stdev": 0.059810429103399565,
        "robustness": 7.563096052724369
    },
    {
        "edge": "a11.h3->logits",
        "improvement": 0.40275189781189,
        "stdev": 0.038068065870471485,
        "robustness": 10.579783569311708
    },
    {
        "edge": "m10->a11.h8<v>",
        "improvement": 0.34699007034301754,
        "stdev": 0.0760835148260499,
        "robustness": 4.560647219523737
    },
    {
        "edge": "a11.h7->m11",
        "improvement": 0.32951118278503433,
        "stdev": 0.06565605903125782,
        "robustness": 5.018747510083711
    },
    {
        "edge": "m1->m3",
        "improvement": 0.3268091278076177,
        "stdev": 0.20906183614661447,
        "robustness": 1.5632175332968348
    },
    {
        "edge": "m0->a2.h7<v>",
        "improvement": 0.301189023971558,
        "stdev": 0.2769680850615839,
        "robustness": 1.0874502883774084
    },
    {
        "edge": "a1.h10->m2",
        "improvement": 0.28349157524108914,
        "stdev": 0.23938492077438253,
        "robustness": 1.1842499282077863
    },
    {
        "edge": "m9->a10.h1<v>",
        "improvement": 0.27868312644958504,
        "stdev": 0.06632511412063759,
        "robustness": 4.201773794805587
    },
    {
        "edge": "a11.h5->m11",
        "improvement": 0.2651577243804937,
        "stdev": 0.055968945287553445,
        "robustness": 4.737586585171194
    },
    {
        "edge": "a0.h4->m1",
        "improvement": 0.2597157669067389,
        "stdev": 0.11521097810904221,
        "robustness": 2.2542623209129355
    },
    {
        "edge": "input->m1",
        "improvement": 0.2568976688385014,
        "stdev": 0.12684722541275048,
        "robustness": 2.0252525666413077
    },
    {
        "edge": "m10->a11.h1<v>",
        "improvement": 0.20641038894653363,
        "stdev": 0.03583217285700972,
        "robustness": 5.760476479342343
    },
    {
        "edge": "a10.h1->logits",
        "improvement": 0.19733176422119136,
        "stdev": 0.02176507447336615,
        "robustness": 9.066441029763789
    },
    {
        "edge": "m1->m2",
        "improvement": 0.18391024971008285,
        "stdev": 0.138496462504723,
        "robustness": 1.3279057557431198
    },
    {
        "edge": "m9->a11.h5<v>",
        "improvement": 0.1784463977813724,
        "stdev": 0.042284743636988587,
        "robustness": 4.220113034462774
    },
    {
        "edge": "m0->a1.h11<v>",
        "improvement": 0.17138770484924315,
        "stdev": 0.10027298864423004,
        "robustness": 1.7092110962936302
    },
    {
        "edge": "m9->a10.h5<v>",
        "improvement": 0.16524524116516126,
        "stdev": 0.038010119099066396,
        "robustness": 4.347401299492903
    },
    {
        "edge": "m9->a10.h0<v>",
        "improvement": 0.16056870841979975,
        "stdev": 0.042496063077414215,
        "robustness": 3.778437266701506
    },
    {
        "edge": "m0->a1.h4<v>",
        "improvement": 0.15796183013916032,
        "stdev": 0.0822681344186963,
        "robustness": 1.920085234159167
    },
    {
        "edge": "a11.h11->logits",
        "improvement": 0.15678256797790535,
        "stdev": 0.02483124757044589,
        "robustness": 6.313922308297861
    },
    {
        "edge": "a10.h5->m10",
        "improvement": 0.1546067752838134,
        "stdev": 0.06148838744642531,
        "robustness": 2.5144060806363138
    },
    {
        "edge": "a10.h8->logits",
        "improvement": 0.14689822578430167,
        "stdev": 0.02296367861873277,
        "robustness": 6.396981434170939
    },
    {
        "edge": "m0->a1.h3<v>",
        "improvement": 0.14686560440063534,
        "stdev": 0.08739682373987653,
        "robustness": 1.6804455598725037
    },
    {
        "edge": "a11.h3->m11",
        "improvement": 0.12621169471740767,
        "stdev": 0.024557768871909996,
        "robustness": 5.139379533039455
    },
    {
        "edge": "a10.h10->logits",
        "improvement": 0.1055657081604009,
        "stdev": 0.015285122908587856,
        "robustness": 6.906435021277416
    },
    {
        "edge": "a10.h0->logits",
        "improvement": 0.10371112251281733,
        "stdev": 0.015159407579267902,
        "robustness": 6.841370414412057
    },
    {
        "edge": "a1.h3->m1",
        "improvement": 0.06140538978576693,
        "stdev": 0.031895508191782475,
        "robustness": 1.925204935332786
    },
    {
        "edge": "a10.h5->logits",
        "improvement": 0.06135682868957559,
        "stdev": 0.01810478918228576,
        "robustness": 3.388983327660554
    },
    {
        "edge": "a10.h1->a11.h5<v>",
        "improvement": 0.057544586181641044,
        "stdev": 0.021151158800645026,
        "robustness": 2.720635154036391
    },
    {
        "edge": "a2.h7->m7",
        "improvement": 0.04964530563354508,
        "stdev": 0.044976462637809814,
        "robustness": 1.1038063627487318
    },
    {
        "edge": "a10.h4->logits",
        "improvement": 0.0465956401824954,
        "stdev": 0.008901144726803012,
        "robustness": 5.234791884934442
    },
    {
        "edge": "m10->a11.h4<k>",
        "improvement": 0.009383794784546318,
        "stdev": 0.01598825963562877,
        "robustness": 0.5869178383640429
    }
]