[
    {
        "edge": "full_attack",
        "improvement": 14.40592575454712,
        "stdev": 0.5713225127530571,
        "robustness": 25.215050051377542
    },
    {
        "edge": "input->a0.h4<v>",
        "improvement": 5.669032484769821,
        "stdev": 1.3935342119853429,
        "robustness": 4.068097098738074
    },
    {
        "edge": "input->m0",
        "improvement": 5.139915731430054,
        "stdev": 1.3278582266286383,
        "robustness": 3.8708317110630306
    },
    {
        "edge": "m11->logits",
        "improvement": 4.723462069988251,
        "stdev": 0.18273867185018056,
        "robustness": 25.848179929100127
    },
    {
        "edge": "a0.h4->m0",
        "improvement": 2.2730290584564212,
        "stdev": 0.828774980261817,
        "robustness": 2.7426371603765745
    },
    {
        "edge": "a11.h7->logits",
        "improvement": 0.7751716308593748,
        "stdev": 0.044476686985997556,
        "robustness": 17.428717905706858
    },
    {
        "edge": "m0->m1",
        "improvement": 0.7199213676452638,
        "stdev": 0.37886912657041016,
        "robustness": 1.900184832060924
    },
    {
        "edge": "a11.h8->logits",
        "improvement": 0.6457228775024415,
        "stdev": 0.043832599315565955,
        "robustness": 14.731567088998315
    },
    {
        "edge": "a11.h4->logits",
        "improvement": 0.6042451820373538,
        "stdev": 0.036453080470009426,
        "robustness": 16.575970377441124
    },
    {
        "edge": "a11.h5->logits",
        "improvement": 0.5817844314575193,
        "stdev": 0.04637880556906369,
        "robustness": 12.544187464922345
    },
    {
        "edge": "m10->a11.h8<v>",
        "improvement": 0.5486155548095706,
        "stdev": 0.04060314401744781,
        "robustness": 13.51165206748083
    },
    {
        "edge": "a11.h10->logits",
        "improvement": 0.48368520355224565,
        "stdev": 0.038152069003990076,
        "robustness": 12.677823671939263
    },
    {
        "edge": "m10->a11.h7<v>",
        "improvement": 0.4823356742858884,
        "stdev": 0.03434239131318667,
        "robustness": 14.044906479785025
    },
    {
        "edge": "m10->a11.h3<v>",
        "improvement": 0.4002317314147952,
        "stdev": 0.028112632670288188,
        "robustness": 14.236721836364831
    },
    {
        "edge": "m10->logits",
        "improvement": 0.3964873504638673,
        "stdev": 0.04179025759609255,
        "robustness": 9.48755459456511
    },
    {
        "edge": "m10->a11.h4<v>",
        "improvement": 0.3857432594299315,
        "stdev": 0.03211946995965934,
        "robustness": 12.009639633356597
    },
    {
        "edge": "m9->m10",
        "improvement": 0.35137957763671857,
        "stdev": 0.08118756799365226,
        "robustness": 4.327997331613524
    },
    {
        "edge": "a11.h1->logits",
        "improvement": 0.3364719734191892,
        "stdev": 0.028663295648075383,
        "robustness": 11.738774827233861
    },
    {
        "edge": "a11.h3->logits",
        "improvement": 0.27495829391479454,
        "stdev": 0.013874572253614343,
        "robustness": 19.81742491867939
    },
    {
        "edge": "a11.h2->logits",
        "improvement": 0.25763955688476603,
        "stdev": 0.023156327822371287,
        "robustness": 11.126097318239765
    },
    {
        "edge": "m10->a11.h9<v>",
        "improvement": 0.24895030212402336,
        "stdev": 0.023320224995688917,
        "robustness": 10.675295893159069
    },
    {
        "edge": "m9->a10.h2<v>",
        "improvement": 0.24443828201293982,
        "stdev": 0.05298382867604019,
        "robustness": 4.613450709791329
    },
    {
        "edge": "m10->a11.h2<v>",
        "improvement": 0.24416836547851606,
        "stdev": 0.02129767720532093,
        "robustness": 11.46455376915535
    },
    {
        "edge": "a10.h2->m10",
        "improvement": 0.2373874053955074,
        "stdev": 0.04379062638940789,
        "robustness": 5.4209639132480385
    },
    {
        "edge": "m10->a11.h1<v>",
        "improvement": 0.23492442703247107,
        "stdev": 0.020442502508497738,
        "robustness": 11.491960288854822
    },
    {
        "edge": "a11.h9->logits",
        "improvement": 0.23081066131591754,
        "stdev": 0.01641447979414188,
        "robustness": 14.061405796014988
    },
    {
        "edge": "a11.h11->logits",
        "improvement": 0.21864524078369119,
        "stdev": 0.009819665747531979,
        "robustness": 22.266057359299047
    },
    {
        "edge": "a10.h10->m10",
        "improvement": 0.2087938995361327,
        "stdev": 0.036549179954756525,
        "robustness": 5.7126835621098575
    },
    {
        "edge": "m10->m11",
        "improvement": 0.1919644050598146,
        "stdev": 0.021539207085989834,
        "robustness": 8.912324594561225
    },
    {
        "edge": "m0->a2.h7<v>",
        "improvement": 0.1803042449951171,
        "stdev": 0.22348762031580377,
        "robustness": 0.806775090004245
    },
    {
        "edge": "input->m1",
        "improvement": 0.16448197174072288,
        "stdev": 0.1421080768604827,
        "robustness": 1.1574428095470335
    },
    {
        "edge": "m9->a10.h1<v>",
        "improvement": 0.16082298278808604,
        "stdev": 0.04285920221678074,
        "robustness": 3.7523559578791867
    },
    {
        "edge": "a10.h1->m10",
        "improvement": 0.16008970642089881,
        "stdev": 0.03592749172478231,
        "robustness": 4.455911023436992
    },
    {
        "edge": "a0.h4->m1",
        "improvement": 0.1526248283386229,
        "stdev": 0.12318715365041327,
        "robustness": 1.238967082328644
    },
    {
        "edge": "m9->a10.h10<v>",
        "improvement": 0.14539789199829123,
        "stdev": 0.0305900767494694,
        "robustness": 4.753106479238017
    },
    {
        "edge": "m9->a10.h5<v>",
        "improvement": 0.11869481658935577,
        "stdev": 0.021741955464992326,
        "robustness": 5.459252125710196
    },
    {
        "edge": "m9->a10.h6<v>",
        "improvement": 0.11782170486450205,
        "stdev": 0.025636771687813895,
        "robustness": 4.595808953609672
    },
    {
        "edge": "m10->a11.h5<v>",
        "improvement": 0.10281689834594765,
        "stdev": 0.028961935266354724,
        "robustness": 3.5500700281376134
    },
    {
        "edge": "a10.h5->m10",
        "improvement": 0.10069533920288087,
        "stdev": 0.025168602064339646,
        "robustness": 4.000831629244596
    },
    {
        "edge": "a10.h2->logits",
        "improvement": 0.09266682434081996,
        "stdev": 0.008460415310357468,
        "robustness": 10.952987642033925
    },
    {
        "edge": "m0->a1.h11<v>",
        "improvement": 0.09252109146118137,
        "stdev": 0.0802668222060345,
        "robustness": 1.1526691716247561
    },
    {
        "edge": "a10.h1->logits",
        "improvement": 0.08389098739624057,
        "stdev": 0.01051216245265228,
        "robustness": 7.980373950088108
    },
    {
        "edge": "m0->a1.h3<v>",
        "improvement": 0.07528653717041056,
        "stdev": 0.06574473894289755,
        "robustness": 1.145134019557071
    },
    {
        "edge": "m0->a1.h4<v>",
        "improvement": 0.07089215087890643,
        "stdev": 0.06538893340047046,
        "robustness": 1.0841612975200539
    },
    {
        "edge": "a10.h10->logits",
        "improvement": 0.0570181541442869,
        "stdev": 0.006460265032222012,
        "robustness": 8.825977550440445
    },
    {
        "edge": "m1->m2",
        "improvement": 0.04893209457397418,
        "stdev": 0.0836365767476849,
        "robustness": 0.5850561617507695
    },
    {
        "edge": "m10->a11.h10<v>",
        "improvement": 0.0472372817993163,
        "stdev": 0.014341827619846221,
        "robustness": 3.2936724001583557
    },
    {
        "edge": "m9->a11.h4<v>",
        "improvement": 0.043463516235351385,
        "stdev": 0.006339521170439688,
        "robustness": 6.855961998836088
    },
    {
        "edge": "m8->a10.h1<v>",
        "improvement": 0.030891326904296967,
        "stdev": 0.014735022394413393,
        "robustness": 2.0964560539798733
    },
    {
        "edge": "a10.h2->a11.h8<v>",
        "improvement": 0.024067356109618743,
        "stdev": 0.008646095232853108,
        "robustness": 2.783609879540594
    },
    {
        "edge": "m8->a10.h2<v>",
        "improvement": 0.018707809448241797,
        "stdev": 0.011793214634774863,
        "robustness": 1.586319763322016
    }
]