[
    {
        "edge": "full_attack",
        "improvement": 13.208430589675903,
        "stdev": 1.012242937562538,
        "robustness": 13.048676458520479
    },
    {
        "edge": "input->a0.h4<v>",
        "improvement": 6.977748168468475,
        "stdev": 1.4766629887002067,
        "robustness": 4.725349129668681
    },
    {
        "edge": "input->m0",
        "improvement": 6.5602576377391815,
        "stdev": 1.4976937119694484,
        "robustness": 4.380239821607133
    },
    {
        "edge": "m11->logits",
        "improvement": 5.345656715869904,
        "stdev": 0.36767465763620444,
        "robustness": 14.539094835193024
    },
    {
        "edge": "a0.h4->m0",
        "improvement": 3.6853279418945313,
        "stdev": 1.1728862034534744,
        "robustness": 3.142101877439911
    },
    {
        "edge": "m0->m1",
        "improvement": 1.4244674339294434,
        "stdev": 0.6402634694664936,
        "robustness": 2.224814473823403
    },
    {
        "edge": "a11.h0->logits",
        "improvement": 0.9571090068817139,
        "stdev": 0.0922579816985615,
        "robustness": 10.374267778899798
    },
    {
        "edge": "a11.h7->logits",
        "improvement": 0.8916111469268797,
        "stdev": 0.07853199807194748,
        "robustness": 11.353475892845942
    },
    {
        "edge": "a11.h5->logits",
        "improvement": 0.688262941360474,
        "stdev": 0.06599374033345294,
        "robustness": 10.429215526848779
    },
    {
        "edge": "m9->m10",
        "improvement": 0.6451222686767579,
        "stdev": 0.2015839276915362,
        "robustness": 3.2002663906019544
    },
    {
        "edge": "m10->a11.h7<v>",
        "improvement": 0.6309970016479491,
        "stdev": 0.07007578540383168,
        "robustness": 9.004494177434461
    },
    {
        "edge": "a11.h10->logits",
        "improvement": 0.5610001010894772,
        "stdev": 0.05672690584835159,
        "robustness": 9.889488818396025
    },
    {
        "edge": "a11.h1->logits",
        "improvement": 0.507724714279175,
        "stdev": 0.04402464901823049,
        "robustness": 11.5327373551332
    },
    {
        "edge": "a11.h6->logits",
        "improvement": 0.4834102172851562,
        "stdev": 0.04136355673687893,
        "robustness": 11.686862915590554
    },
    {
        "edge": "m10->a11.h6<v>",
        "improvement": 0.3862768764495845,
        "stdev": 0.05133378812663528,
        "robustness": 7.524807549691802
    },
    {
        "edge": "m10->a11.h0<v>",
        "improvement": 0.3759128170013426,
        "stdev": 0.06980652972721521,
        "robustness": 5.385066676001613
    },
    {
        "edge": "m0->m2",
        "improvement": 0.36882620429992663,
        "stdev": 0.20168549869608213,
        "robustness": 1.828719499837255
    },
    {
        "edge": "m10->a11.h11<v>",
        "improvement": 0.36702608299255335,
        "stdev": 0.06695541352793097,
        "robustness": 5.4816491102611975
    },
    {
        "edge": "m10->a11.h9<v>",
        "improvement": 0.3639476814270015,
        "stdev": 0.07175266882996476,
        "robustness": 5.072252884271988
    },
    {
        "edge": "a11.h9->logits",
        "improvement": 0.3320887203216554,
        "stdev": 0.03150503986207791,
        "robustness": 10.540812573971222
    },
    {
        "edge": "m10->a11.h5<v>",
        "improvement": 0.327941770553589,
        "stdev": 0.04240165414444919,
        "robustness": 7.7341739885051135
    },
    {
        "edge": "m10->a11.h1<v>",
        "improvement": 0.32333176994323765,
        "stdev": 0.04682863115778986,
        "robustness": 6.90457444407815
    },
    {
        "edge": "m10->logits",
        "improvement": 0.3215486927032467,
        "stdev": 0.0484635303703652,
        "robustness": 6.634859042375283
    },
    {
        "edge": "a11.h11->logits",
        "improvement": 0.2968128299713131,
        "stdev": 0.031758956097809876,
        "robustness": 9.345799309561738
    },
    {
        "edge": "a11.h0->m11",
        "improvement": 0.2837906322479249,
        "stdev": 0.04421673773400028,
        "robustness": 6.418172094810722
    },
    {
        "edge": "m0->a2.h7<v>",
        "improvement": 0.24481961441040045,
        "stdev": 0.26706156169003636,
        "robustness": 0.9167160292972041
    },
    {
        "edge": "a11.h2->logits",
        "improvement": 0.24237140655517564,
        "stdev": 0.03526560159659321,
        "robustness": 6.8727427176115325
    },
    {
        "edge": "a0.h4->m1",
        "improvement": 0.22413298416137728,
        "stdev": 0.13379201900787438,
        "robustness": 1.6752343362737194
    },
    {
        "edge": "input->m1",
        "improvement": 0.2192075710296626,
        "stdev": 0.140307668650492,
        "robustness": 1.5623349253682717
    },
    {
        "edge": "m10->a11.h3<v>",
        "improvement": 0.20132123184204076,
        "stdev": 0.027680535926757156,
        "robustness": 7.273025073457313
    },
    {
        "edge": "m9->a10.h8<v>",
        "improvement": 0.19248188209533712,
        "stdev": 0.05569565761173389,
        "robustness": 3.4559585136271966
    },
    {
        "edge": "a11.h10->m11",
        "improvement": 0.18829039764404332,
        "stdev": 0.04310524799011716,
        "robustness": 4.36815484015341
    },
    {
        "edge": "m10->a11.h10<v>",
        "improvement": 0.1821742591857909,
        "stdev": 0.031048974949685643,
        "robustness": 5.867319596894948
    },
    {
        "edge": "m9->a10.h10<v>",
        "improvement": 0.16485764312744156,
        "stdev": 0.06301055802772519,
        "robustness": 2.6163495180427185
    },
    {
        "edge": "a11.h6->m11",
        "improvement": 0.15618665504455542,
        "stdev": 0.024618537680228147,
        "robustness": 6.34427020293709
    },
    {
        "edge": "a11.h1->m11",
        "improvement": 0.1408992042541506,
        "stdev": 0.02821917964975196,
        "robustness": 4.99302977630638
    },
    {
        "edge": "a11.h3->logits",
        "improvement": 0.13911304664611812,
        "stdev": 0.015719598858416332,
        "robustness": 8.849656272980305
    },
    {
        "edge": "m10->a11.h8<v>",
        "improvement": 0.1374393424987792,
        "stdev": 0.05659884588867327,
        "robustness": 2.428306449377336
    },
    {
        "edge": "a11.h9->m11",
        "improvement": 0.13543097686767602,
        "stdev": 0.0323485855201921,
        "robustness": 4.186612016872872
    },
    {
        "edge": "m9->a10.h1<v>",
        "improvement": 0.13466916847229005,
        "stdev": 0.051571605754977205,
        "robustness": 2.611304544444848
    },
    {
        "edge": "m9->a10.h6<v>",
        "improvement": 0.13019601821899407,
        "stdev": 0.05638255441379241,
        "robustness": 2.309154304423378
    },
    {
        "edge": "m9->a10.h5<v>",
        "improvement": 0.11962537956237806,
        "stdev": 0.03606163375394661,
        "robustness": 3.3172479200082328
    },
    {
        "edge": "a10.h10->m10",
        "improvement": 0.11651290130615255,
        "stdev": 0.04861672179500557,
        "robustness": 2.3965602164093673
    },
    {
        "edge": "m0->a1.h11<v>",
        "improvement": 0.11420937728881864,
        "stdev": 0.07001879014206096,
        "robustness": 1.6311246889170679
    },
    {
        "edge": "m0->a1.h4<v>",
        "improvement": 0.10272665786743129,
        "stdev": 0.06366290744638528,
        "robustness": 1.6136029909401195
    },
    {
        "edge": "m0->a1.h3<v>",
        "improvement": 0.10250787734985334,
        "stdev": 0.06476932204154029,
        "robustness": 1.5826609592132082
    },
    {
        "edge": "a11.h11->m11",
        "improvement": 0.09420266723632764,
        "stdev": 0.023404688357009634,
        "robustness": 4.024948582924166
    },
    {
        "edge": "a10.h1->logits",
        "improvement": 0.0873233318328861,
        "stdev": 0.012900149631625692,
        "robustness": 6.769172011680109
    },
    {
        "edge": "a10.h8->logits",
        "improvement": 0.08633276939392065,
        "stdev": 0.014850116167539005,
        "robustness": 5.813609026347968
    },
    {
        "edge": "a10.h10->logits",
        "improvement": 0.07926656723022418,
        "stdev": 0.016815023146220902,
        "robustness": 4.714032596977957
    },
    {
        "edge": "m9->a11.h0<v>",
        "improvement": 0.06822557258605944,
        "stdev": 0.018871191465170873,
        "robustness": 3.6153293612636066
    }
]