[
    {
        "edge": "full_attack",
        "improvement": 13.599297691345214,
        "stdev": 0.7444071154706619,
        "robustness": 18.268629367878713
    },
    {
        "edge": "input->a0.h4<v>",
        "improvement": 7.6276274063587195,
        "stdev": 1.4702657907596273,
        "robustness": 5.187924152419972
    },
    {
        "edge": "input->m0",
        "improvement": 7.272291181564331,
        "stdev": 1.4288042961676002,
        "robustness": 5.089774156663989
    },
    {
        "edge": "m11->logits",
        "improvement": 4.7457164559364315,
        "stdev": 0.25939163233820517,
        "robustness": 18.29556494616903
    },
    {
        "edge": "a0.h4->m0",
        "improvement": 4.166916938781739,
        "stdev": 1.23494474774904,
        "robustness": 3.374172768763029
    },
    {
        "edge": "m0->m1",
        "improvement": 1.3490142917633055,
        "stdev": 0.5966584982968061,
        "robustness": 2.260948759825159
    },
    {
        "edge": "a11.h7->logits",
        "improvement": 0.831283500671387,
        "stdev": 0.07793692021899083,
        "robustness": 10.666106619758741
    },
    {
        "edge": "a11.h5->logits",
        "improvement": 0.6754163932800292,
        "stdev": 0.06409550004741657,
        "robustness": 10.53765697717265
    },
    {
        "edge": "a11.h0->logits",
        "improvement": 0.6558173599243169,
        "stdev": 0.06624712942788416,
        "robustness": 9.899558902974533
    },
    {
        "edge": "m10->a11.h7<v>",
        "improvement": 0.5648519191741945,
        "stdev": 0.06207820845150054,
        "robustness": 9.099037057673675
    },
    {
        "edge": "a11.h6->logits",
        "improvement": 0.49455535888671864,
        "stdev": 0.0550445799694612,
        "robustness": 8.984633167536177
    },
    {
        "edge": "a11.h4->logits",
        "improvement": 0.4786179389953613,
        "stdev": 0.055811032944731005,
        "robustness": 8.575686808544305
    },
    {
        "edge": "m10->a11.h5<v>",
        "improvement": 0.46533278465271,
        "stdev": 0.06874395425289938,
        "robustness": 6.769072127285781
    },
    {
        "edge": "a11.h1->logits",
        "improvement": 0.4589294185638426,
        "stdev": 0.04573009524733407,
        "robustness": 10.035610380465956
    },
    {
        "edge": "m9->m10",
        "improvement": 0.40601547622680645,
        "stdev": 0.11955654291467534,
        "robustness": 3.3960121824245957
    },
    {
        "edge": "m10->a11.h6<v>",
        "improvement": 0.3704580936431885,
        "stdev": 0.06680089421624577,
        "robustness": 5.545705607532035
    },
    {
        "edge": "m10->a11.h4<v>",
        "improvement": 0.36517169189453114,
        "stdev": 0.04660833697935372,
        "robustness": 7.834900697192707
    },
    {
        "edge": "m10->a11.h3<v>",
        "improvement": 0.3238467254638673,
        "stdev": 0.0428953475839961,
        "robustness": 7.549693468032226
    },
    {
        "edge": "m1->m3",
        "improvement": 0.30945363044738805,
        "stdev": 0.22820440845521844,
        "robustness": 1.3560370395215808
    },
    {
        "edge": "m10->logits",
        "improvement": 0.30679597473144593,
        "stdev": 0.05253115176418858,
        "robustness": 5.840267430431521
    },
    {
        "edge": "m0->a2.h7<v>",
        "improvement": 0.2699792480468748,
        "stdev": 0.26215115140817424,
        "robustness": 1.0298610042208514
    },
    {
        "edge": "a11.h7->m11",
        "improvement": 0.26987347412109397,
        "stdev": 0.03797213470973148,
        "robustness": 7.107145178538802
    },
    {
        "edge": "input->m1",
        "improvement": 0.26932268905639667,
        "stdev": 0.17648298073896654,
        "robustness": 1.526054738698844
    },
    {
        "edge": "a0.h4->m1",
        "improvement": 0.2580150012969975,
        "stdev": 0.16640177042767013,
        "robustness": 1.5505544239936373
    },
    {
        "edge": "a11.h9->logits",
        "improvement": 0.2566493415832518,
        "stdev": 0.027062900541874272,
        "robustness": 9.48343808107855
    },
    {
        "edge": "m9->a10.h1<v>",
        "improvement": 0.2529004878997805,
        "stdev": 0.06491393847553847,
        "robustness": 3.895935046293347
    },
    {
        "edge": "a11.h3->logits",
        "improvement": 0.22861425018310566,
        "stdev": 0.018424865634953172,
        "robustness": 12.407919531820601
    },
    {
        "edge": "a11.h0->m11",
        "improvement": 0.21544787979125957,
        "stdev": 0.0312518532004806,
        "robustness": 6.893923327015575
    },
    {
        "edge": "m10->a11.h9<v>",
        "improvement": 0.2082095870971683,
        "stdev": 0.03513027075813576,
        "robustness": 5.926785720800327
    },
    {
        "edge": "a11.h5->m11",
        "improvement": 0.1794194774627691,
        "stdev": 0.04715670280678264,
        "robustness": 3.8047502641970725
    },
    {
        "edge": "m10->a11.h11<v>",
        "improvement": 0.17605277252197293,
        "stdev": 0.03993680109321376,
        "robustness": 4.408284281734538
    },
    {
        "edge": "a11.h1->m11",
        "improvement": 0.17246432495117237,
        "stdev": 0.04497757640341262,
        "robustness": 3.834451269768436
    },
    {
        "edge": "m8->m9",
        "improvement": 0.14683103942871067,
        "stdev": 0.09229914498818119,
        "robustness": 1.5908168970309773
    },
    {
        "edge": "m0->a1.h11<v>",
        "improvement": 0.1462468738555911,
        "stdev": 0.09682374799933699,
        "robustness": 1.5104442544053607
    },
    {
        "edge": "a11.h11->logits",
        "improvement": 0.14301286697387727,
        "stdev": 0.016682082549573773,
        "robustness": 8.572842542223917
    },
    {
        "edge": "a11.h4->m11",
        "improvement": 0.13600635528564453,
        "stdev": 0.027322487815952895,
        "robustness": 4.977817400882285
    },
    {
        "edge": "a10.h1->m10",
        "improvement": 0.13561434173583997,
        "stdev": 0.045288226330810394,
        "robustness": 2.9944723545858785
    },
    {
        "edge": "m0->a1.h3<v>",
        "improvement": 0.1300477600097656,
        "stdev": 0.08315905576617601,
        "robustness": 1.5638436344855784
    },
    {
        "edge": "a10.h1->logits",
        "improvement": 0.1223095245361332,
        "stdev": 0.014062546390516533,
        "robustness": 8.697537497093414
    },
    {
        "edge": "m0->a1.h4<v>",
        "improvement": 0.12073648643493673,
        "stdev": 0.08432472833830464,
        "robustness": 1.4318040367773353
    },
    {
        "edge": "a11.h6->m11",
        "improvement": 0.10893813705444355,
        "stdev": 0.037180287546412095,
        "robustness": 2.9299971636436712
    },
    {
        "edge": "m1->m2",
        "improvement": 0.07363439178466802,
        "stdev": 0.1457928574370547,
        "robustness": 0.5050617230440063
    },
    {
        "edge": "a11.h9->m11",
        "improvement": 0.06709755325317435,
        "stdev": 0.024268729582825273,
        "robustness": 2.7647740284130315
    },
    {
        "edge": "a10.h1->a11.h0<v>",
        "improvement": 0.05946396446228075,
        "stdev": 0.01301655382695958,
        "robustness": 4.568333927150547
    },
    {
        "edge": "a10.h10->logits",
        "improvement": 0.058601337432861555,
        "stdev": 0.008405043402623427,
        "robustness": 6.972163572001376
    },
    {
        "edge": "a11.h11->m11",
        "improvement": 0.05352512359619155,
        "stdev": 0.011104787189044387,
        "robustness": 4.82000444357886
    },
    {
        "edge": "m9->a10.h3<v>",
        "improvement": 0.043612979888916215,
        "stdev": 0.019727765755661597,
        "robustness": 2.2107409642371634
    },
    {
        "edge": "a10.h1->a11.h4<v>",
        "improvement": 0.04301578140258844,
        "stdev": 0.010004195213175276,
        "robustness": 4.299774293282255
    },
    {
        "edge": "a11.h3->m11",
        "improvement": 0.03901880836486793,
        "stdev": 0.020993255559766142,
        "robustness": 1.8586354200178463
    },
    {
        "edge": "a10.h4->logits",
        "improvement": 0.026987060546875163,
        "stdev": 0.0034614826613673638,
        "robustness": 7.796387613917634
    },
    {
        "edge": "m10->a11.h6<k>",
        "improvement": 0.014218219757080597,
        "stdev": 0.011778667416553961,
        "robustness": 1.2071161579023824
    }
]