[
    {
        "edge": "full_attack",
        "improvement": 14.5114727268219,
        "stdev": 0.662647295917829,
        "robustness": 21.899240842327956
    },
    {
        "edge": "m11->logits",
        "improvement": 5.848440938472748,
        "stdev": 0.31256312729551905,
        "robustness": 18.711231196964643
    },
    {
        "edge": "input->a0.h4<v>",
        "improvement": 2.6052365694046022,
        "stdev": 1.2309289413199629,
        "robustness": 2.116480067980957
    },
    {
        "edge": "input->m0",
        "improvement": 2.525526963233948,
        "stdev": 1.229700513464528,
        "robustness": 2.053774016991007
    },
    {
        "edge": "a11.h8->logits",
        "improvement": 1.002597007751465,
        "stdev": 0.062364931992317615,
        "robustness": 16.07629441293978
    },
    {
        "edge": "a11.h5->logits",
        "improvement": 1.000337718963623,
        "stdev": 0.06086475708099053,
        "robustness": 16.435417915699716
    },
    {
        "edge": "a11.h0->logits",
        "improvement": 0.9537608680725098,
        "stdev": 0.058204110505442164,
        "robustness": 16.38648644898253
    },
    {
        "edge": "a0.h4->m0",
        "improvement": 0.9361327476501469,
        "stdev": 0.531874995673873,
        "robustness": 1.7600615845159049
    },
    {
        "edge": "a11.h10->logits",
        "improvement": 0.8006589851379395,
        "stdev": 0.05123254828664886,
        "robustness": 15.627935988235633
    },
    {
        "edge": "m10->a11.h10<v>",
        "improvement": 0.6401343116760252,
        "stdev": 0.05021785194592606,
        "robustness": 12.747146420466443
    },
    {
        "edge": "m10->a11.h6<v>",
        "improvement": 0.6295198097229004,
        "stdev": 0.04398265624989388,
        "robustness": 14.312910210474596
    },
    {
        "edge": "m10->a11.h8<v>",
        "improvement": 0.6122619628906252,
        "stdev": 0.06140447584726714,
        "robustness": 9.970966357786677
    },
    {
        "edge": "m10->logits",
        "improvement": 0.5719688148498534,
        "stdev": 0.06324177220381193,
        "robustness": 9.044161713345815
    },
    {
        "edge": "a11.h6->logits",
        "improvement": 0.5636903381347658,
        "stdev": 0.04613779309821125,
        "robustness": 12.217540118030048
    },
    {
        "edge": "m0->m1",
        "improvement": 0.4977787132263183,
        "stdev": 0.18106832431635944,
        "robustness": 2.749120891827595
    },
    {
        "edge": "m9->m10",
        "improvement": 0.4710175704956052,
        "stdev": 0.09155533778133697,
        "robustness": 5.144621623487904
    },
    {
        "edge": "m10->a11.h5<v>",
        "improvement": 0.4434508323669437,
        "stdev": 0.04010212507840028,
        "robustness": 11.058038233634512
    },
    {
        "edge": "m9->a10.h8<v>",
        "improvement": 0.40927442550659165,
        "stdev": 0.05960696885363437,
        "robustness": 6.8662177154414605
    },
    {
        "edge": "a11.h10->m11",
        "improvement": 0.36370273208618187,
        "stdev": 0.038037498935172456,
        "robustness": 9.561688919296262
    },
    {
        "edge": "m10->a11.h0<v>",
        "improvement": 0.3359772682189943,
        "stdev": 0.029599923776868185,
        "robustness": 11.350612614805264
    },
    {
        "edge": "m8->m9",
        "improvement": 0.3120387687683106,
        "stdev": 0.1007242227213234,
        "robustness": 3.097951618168722
    },
    {
        "edge": "a11.h5->m11",
        "improvement": 0.3086803359985355,
        "stdev": 0.034172619052895176,
        "robustness": 9.032972729445607
    },
    {
        "edge": "a10.h8->logits",
        "improvement": 0.23802649688720745,
        "stdev": 0.017786543967848574,
        "robustness": 13.382391616801467
    },
    {
        "edge": "a11.h0->m11",
        "improvement": 0.19039993286132795,
        "stdev": 0.021739383286158497,
        "robustness": 8.758295042461297
    },
    {
        "edge": "m10->a11.h7<v>",
        "improvement": 0.18988225173950202,
        "stdev": 0.01706263069493104,
        "robustness": 11.128544896415779
    },
    {
        "edge": "a11.h3->logits",
        "improvement": 0.18420792770385752,
        "stdev": 0.013966071001098751,
        "robustness": 13.1896742963261
    },
    {
        "edge": "a10.h8->m10",
        "improvement": 0.18366082382202187,
        "stdev": 0.027737345803841268,
        "robustness": 6.621427483396309
    },
    {
        "edge": "a9.h7->m9",
        "improvement": 0.1587750015258793,
        "stdev": 0.05310015575031257,
        "robustness": 2.990104252659272
    },
    {
        "edge": "a2.h7->m3",
        "improvement": 0.1566117668151854,
        "stdev": 0.09870725545467858,
        "robustness": 1.5866287244415753
    },
    {
        "edge": "a10.h10->m10",
        "improvement": 0.14760672760009808,
        "stdev": 0.02099256144795038,
        "robustness": 7.031382424011421
    },
    {
        "edge": "m0->m2",
        "improvement": 0.14429462814331018,
        "stdev": 0.06865060326229822,
        "robustness": 2.1018697766135204
    },
    {
        "edge": "m9->a10.h10<v>",
        "improvement": 0.13972064590454103,
        "stdev": 0.021897693350700496,
        "robustness": 6.380610216192997
    },
    {
        "edge": "m9->a10.h6<v>",
        "improvement": 0.12502830886840854,
        "stdev": 0.02188759993664973,
        "robustness": 5.712289571733932
    },
    {
        "edge": "m9->a10.h1<v>",
        "improvement": 0.11537916564941408,
        "stdev": 0.017007117372014113,
        "robustness": 6.78416942304844
    },
    {
        "edge": "a8.h7->m8",
        "improvement": 0.11351403045654251,
        "stdev": 0.05645526957230135,
        "robustness": 2.0106897250958466
    },
    {
        "edge": "m0->a2.h7<v>",
        "improvement": 0.10566166687011691,
        "stdev": 0.07103516319512239,
        "robustness": 1.487455819308544
    },
    {
        "edge": "input->m1",
        "improvement": 0.10137534332275422,
        "stdev": 0.06289520156741335,
        "robustness": 1.6118136327792265
    },
    {
        "edge": "a0.h4->m1",
        "improvement": 0.09899827957153295,
        "stdev": 0.05693699642248484,
        "robustness": 1.7387337898357735
    },
    {
        "edge": "m8->a9.h7<v>",
        "improvement": 0.09169004058837871,
        "stdev": 0.02165516114611149,
        "robustness": 4.234096434089249
    },
    {
        "edge": "m7->m8",
        "improvement": 0.08568820190429705,
        "stdev": 0.028193221415483853,
        "robustness": 3.0393192974122734
    },
    {
        "edge": "m8->a9.h4<v>",
        "improvement": 0.08368225860595668,
        "stdev": 0.02438032014063137,
        "robustness": 3.432369145411459
    },
    {
        "edge": "a10.h10->logits",
        "improvement": 0.07359959411621109,
        "stdev": 0.007326997261358325,
        "robustness": 10.044987256152833
    },
    {
        "edge": "m9->a10.h5<v>",
        "improvement": 0.06325058364868141,
        "stdev": 0.010653003647455654,
        "robustness": 5.937347413167185
    },
    {
        "edge": "m0->a1.h11<v>",
        "improvement": 0.04918284606933554,
        "stdev": 0.020564702982938277,
        "robustness": 2.391614705553521
    },
    {
        "edge": "m0->a1.h4<v>",
        "improvement": 0.047000782012939446,
        "stdev": 0.019158108685537113,
        "robustness": 2.453310124940537
    },
    {
        "edge": "m1->a2.h6<v>",
        "improvement": 0.045079238891601925,
        "stdev": 0.02162585718090559,
        "robustness": 2.0845064551431673
    },
    {
        "edge": "m9->a10.h2<v>",
        "improvement": 0.04350308990478524,
        "stdev": 0.009666692161713137,
        "robustness": 4.500307776127175
    },
    {
        "edge": "m0->a1.h3<v>",
        "improvement": 0.041891563415527244,
        "stdev": 0.017559961744810476,
        "robustness": 2.385629537485042
    },
    {
        "edge": "m1->m2",
        "improvement": 0.02725532531738306,
        "stdev": 0.043717637204177276,
        "robustness": 0.6234400361138177
    },
    {
        "edge": "m0->m3",
        "improvement": 0.02521149826049829,
        "stdev": 0.023623358668552467,
        "robustness": 1.067227510458111
    },
    {
        "edge": "a1.h4->m1",
        "improvement": 0.023187026977539382,
        "stdev": 0.011602569068813231,
        "robustness": 1.9984390388042799
    }
]