[
    {
        "edge": "full_attack",
        "improvement": 14.776271293640136,
        "stdev": 0.5420684903214593,
        "robustness": 27.259048547310805
    },
    {
        "edge": "m11->logits",
        "improvement": 5.883583174467087,
        "stdev": 0.24443084492764516,
        "robustness": 24.070543045452006
    },
    {
        "edge": "input->a0.h4<v>",
        "improvement": 3.7305012407302853,
        "stdev": 1.235132458236576,
        "robustness": 3.0203248371080775
    },
    {
        "edge": "input->m0",
        "improvement": 3.525734224319458,
        "stdev": 1.374539212049796,
        "robustness": 2.565029933967231
    },
    {
        "edge": "a11.h7->logits",
        "improvement": 1.118553371429443,
        "stdev": 0.06413629817130605,
        "robustness": 17.44025463461926
    },
    {
        "edge": "a0.h4->m0",
        "improvement": 1.1111399593353273,
        "stdev": 0.7130921015978771,
        "robustness": 1.558199784916304
    },
    {
        "edge": "a11.h4->logits",
        "improvement": 0.8142699050903319,
        "stdev": 0.054563042792776136,
        "robustness": 14.923469502660087
    },
    {
        "edge": "a11.h8->logits",
        "improvement": 0.7230963172912599,
        "stdev": 0.04849559962057463,
        "robustness": 14.910555245191375
    },
    {
        "edge": "m10->a11.h7<v>",
        "improvement": 0.6032709312438964,
        "stdev": 0.049804668618340625,
        "robustness": 12.112738584144322
    },
    {
        "edge": "m0->a2.h7<v>",
        "improvement": 0.5577959728240964,
        "stdev": 0.6023714568301209,
        "robustness": 0.9260000063074112
    },
    {
        "edge": "m10->a11.h4<v>",
        "improvement": 0.5564767761230467,
        "stdev": 0.04962898845632724,
        "robustness": 11.21273661688144
    },
    {
        "edge": "a11.h10->logits",
        "improvement": 0.5118938789367675,
        "stdev": 0.04063720345740512,
        "robustness": 12.596680760114845
    },
    {
        "edge": "m0->m1",
        "improvement": 0.49289701843261735,
        "stdev": 0.35382260418899064,
        "robustness": 1.3930625477205
    },
    {
        "edge": "a11.h6->logits",
        "improvement": 0.38979084777832007,
        "stdev": 0.03464837238408529,
        "robustness": 11.249903558452836
    },
    {
        "edge": "a11.h4->m11",
        "improvement": 0.30354583358764664,
        "stdev": 0.041847460509473404,
        "robustness": 7.253626143429423
    },
    {
        "edge": "m10->logits",
        "improvement": 0.30156804656982406,
        "stdev": 0.048995043212176376,
        "robustness": 6.155072570583581
    },
    {
        "edge": "m10->a11.h8<v>",
        "improvement": 0.2996269683837891,
        "stdev": 0.046745965639737416,
        "robustness": 6.409686146885043
    },
    {
        "edge": "m9->a10.h2<v>",
        "improvement": 0.28333629989624054,
        "stdev": 0.08808990411553069,
        "robustness": 3.2164446396109416
    },
    {
        "edge": "input->m1",
        "improvement": 0.2727549133300782,
        "stdev": 0.2644708932348087,
        "robustness": 1.0313229935965564
    },
    {
        "edge": "m10->a11.h6<v>",
        "improvement": 0.27272103500366196,
        "stdev": 0.026769833124993488,
        "robustness": 10.18762551601555
    },
    {
        "edge": "a11.h9->logits",
        "improvement": 0.253869697570801,
        "stdev": 0.01844468316793158,
        "robustness": 13.763841604619465
    },
    {
        "edge": "m9->m10",
        "improvement": 0.2504593276977536,
        "stdev": 0.09776541272850087,
        "robustness": 2.561839823591712
    },
    {
        "edge": "a0.h4->m1",
        "improvement": 0.24947196197509758,
        "stdev": 0.23877369765284512,
        "robustness": 1.0448050368504438
    },
    {
        "edge": "m10->a11.h10<v>",
        "improvement": 0.24004952621459985,
        "stdev": 0.02909949040183452,
        "robustness": 8.249269073092304
    },
    {
        "edge": "a11.h11->logits",
        "improvement": 0.2340590438842769,
        "stdev": 0.01656542528270106,
        "robustness": 14.129371259106765
    },
    {
        "edge": "m10->a11.h0<v>",
        "improvement": 0.23036518096923775,
        "stdev": 0.030745160982637562,
        "robustness": 7.492729704662461
    },
    {
        "edge": "a11.h5->m11",
        "improvement": 0.20653568649291998,
        "stdev": 0.049536914232460295,
        "robustness": 4.169328867028668
    },
    {
        "edge": "a11.h2->logits",
        "improvement": 0.15274420928955035,
        "stdev": 0.027373104182508327,
        "robustness": 5.58008358391283
    },
    {
        "edge": "m9->a10.h6<v>",
        "improvement": 0.15267152404785111,
        "stdev": 0.034000692996850816,
        "robustness": 4.4902474211920245
    },
    {
        "edge": "m1->m2",
        "improvement": 0.1469914093017577,
        "stdev": 0.20706568534792127,
        "robustness": 0.7098781676682738
    },
    {
        "edge": "m9->a10.h8<v>",
        "improvement": 0.1438386497497559,
        "stdev": 0.047068704632439035,
        "robustness": 3.0559296431247973
    },
    {
        "edge": "a10.h2->m10",
        "improvement": 0.1402356567382812,
        "stdev": 0.05851937527330574,
        "robustness": 2.396397023777717
    },
    {
        "edge": "a10.h2->logits",
        "improvement": 0.13492577743530276,
        "stdev": 0.015359898828116718,
        "robustness": 8.78428816134631
    },
    {
        "edge": "a11.h3->logits",
        "improvement": 0.11749542236328114,
        "stdev": 0.012804298303538818,
        "robustness": 9.176248442353774
    },
    {
        "edge": "a10.h6->m10",
        "improvement": 0.10990359497070301,
        "stdev": 0.0350413124425674,
        "robustness": 3.1364006456902738
    },
    {
        "edge": "m9->a11.h7<v>",
        "improvement": 0.1090309753417964,
        "stdev": 0.011712995132902223,
        "robustness": 9.308547822710562
    },
    {
        "edge": "m0->a1.h11<v>",
        "improvement": 0.10429151535034187,
        "stdev": 0.10458051313058131,
        "robustness": 0.9972366000931876
    },
    {
        "edge": "a11.h11->m11",
        "improvement": 0.1026581535339357,
        "stdev": 0.024472025211822956,
        "robustness": 4.194918591549152
    },
    {
        "edge": "m0->a1.h3<v>",
        "improvement": 0.08923254394531277,
        "stdev": 0.09192363723125246,
        "robustness": 0.9707246866312557
    },
    {
        "edge": "m10->m11",
        "improvement": 0.08613598251342758,
        "stdev": 0.026446615984716915,
        "robustness": 3.2569755829329625
    },
    {
        "edge": "m9->a11.h4<v>",
        "improvement": 0.07841613388061486,
        "stdev": 0.009975958964841106,
        "robustness": 7.860510869880452
    },
    {
        "edge": "m9->a10.h10<v>",
        "improvement": 0.07497893524169896,
        "stdev": 0.019833610784152297,
        "robustness": 3.780397631963696
    },
    {
        "edge": "m0->a1.h4<v>",
        "improvement": 0.06892381286621063,
        "stdev": 0.08098464595164466,
        "robustness": 0.8510725960000435
    },
    {
        "edge": "m10->a11.h5<v>",
        "improvement": 0.068718173980713,
        "stdev": 0.020365747271918776,
        "robustness": 3.37420341435076
    },
    {
        "edge": "m8->a9.h8<v>",
        "improvement": 0.06832299423217769,
        "stdev": 0.04012242778824232,
        "robustness": 1.702862912303612
    },
    {
        "edge": "a10.h3->logits",
        "improvement": 0.06115296173095697,
        "stdev": 0.004548825492778533,
        "robustness": 13.443681633432647
    },
    {
        "edge": "a10.h6->logits",
        "improvement": 0.051832302093505866,
        "stdev": 0.011587863209254638,
        "robustness": 4.472981874010218
    },
    {
        "edge": "m8->a10.h2<v>",
        "improvement": 0.046901401519774844,
        "stdev": 0.023818634266169307,
        "robustness": 1.9691054069540437
    },
    {
        "edge": "m9->a10.h0<v>",
        "improvement": 0.03829326248168918,
        "stdev": 0.012881757294977033,
        "robustness": 2.972673805663209
    },
    {
        "edge": "a10.h10->m10",
        "improvement": 0.03410177230834943,
        "stdev": 0.01504398754417424,
        "robustness": 2.2668040775901392
    },
    {
        "edge": "m9->a10.h1<v>",
        "improvement": 0.030053688049315852,
        "stdev": 0.027559674552577896,
        "robustness": 1.0904950271448206
    }
]