[
    {
        "edge": "full_attack",
        "improvement": 13.67376356124878,
        "stdev": 0.5946680116109444,
        "robustness": 22.993945015146878
    },
    {
        "edge": "input->a0.h4<v>",
        "improvement": 7.434760341405869,
        "stdev": 1.471011295473333,
        "robustness": 5.054183040119727
    },
    {
        "edge": "input->m0",
        "improvement": 7.384405499696731,
        "stdev": 1.5247237982089508,
        "robustness": 4.843110278970513
    },
    {
        "edge": "m11->logits",
        "improvement": 5.102740942955017,
        "stdev": 0.2562212902321236,
        "robustness": 19.915366667353016
    },
    {
        "edge": "a0.h4->m0",
        "improvement": 4.520782998085021,
        "stdev": 1.3196686772505566,
        "robustness": 3.4256954613060735
    },
    {
        "edge": "m0->m1",
        "improvement": 1.157496831893921,
        "stdev": 0.6329767264483939,
        "robustness": 1.8286562262543011
    },
    {
        "edge": "a11.h10->logits",
        "improvement": 1.0321384868621823,
        "stdev": 0.05841882247236621,
        "robustness": 17.667909813663456
    },
    {
        "edge": "a11.h7->logits",
        "improvement": 1.0005738658905026,
        "stdev": 0.08134711310286774,
        "robustness": 12.300053778493943
    },
    {
        "edge": "a11.h0->logits",
        "improvement": 0.8865609931945801,
        "stdev": 0.06297395588986261,
        "robustness": 14.07821663204894
    },
    {
        "edge": "a11.h5->logits",
        "improvement": 0.785758182525635,
        "stdev": 0.05411460523160197,
        "robustness": 14.520260827233498
    },
    {
        "edge": "a11.h8->logits",
        "improvement": 0.630007022857666,
        "stdev": 0.06790627079261419,
        "robustness": 9.277597127689548
    },
    {
        "edge": "a11.h6->logits",
        "improvement": 0.6210338211059572,
        "stdev": 0.04451860125097567,
        "robustness": 13.94998503220823
    },
    {
        "edge": "a11.h1->logits",
        "improvement": 0.6033602142333985,
        "stdev": 0.04523975691905865,
        "robustness": 13.336946423317634
    },
    {
        "edge": "m10->a11.h0<v>",
        "improvement": 0.5148332099914548,
        "stdev": 0.04349533107552989,
        "robustness": 11.836516638934048
    },
    {
        "edge": "m10->a11.h7<v>",
        "improvement": 0.48241759109497107,
        "stdev": 0.07444208723973772,
        "robustness": 6.480441494626081
    },
    {
        "edge": "m10->a11.h5<v>",
        "improvement": 0.45515174865722674,
        "stdev": 0.04549660926402494,
        "robustness": 10.004080656118788
    },
    {
        "edge": "m10->a11.h6<v>",
        "improvement": 0.4515283050537109,
        "stdev": 0.043004916093315505,
        "robustness": 10.499457877651677
    },
    {
        "edge": "a11.h2->logits",
        "improvement": 0.44575225067138646,
        "stdev": 0.03610452011249341,
        "robustness": 12.346161901128296
    },
    {
        "edge": "m10->a11.h10<v>",
        "improvement": 0.407721885681152,
        "stdev": 0.04892630212802929,
        "robustness": 8.333388544554913
    },
    {
        "edge": "m10->a11.h1<v>",
        "improvement": 0.3084520301818845,
        "stdev": 0.0409718914050298,
        "robustness": 7.528381522167616
    },
    {
        "edge": "a2.h7->m3",
        "improvement": 0.293060676574707,
        "stdev": 0.2689626259950293,
        "robustness": 1.0895962793734884
    },
    {
        "edge": "m0->m2",
        "improvement": 0.2688412322998044,
        "stdev": 0.20852793705828088,
        "robustness": 1.2892336446251167
    },
    {
        "edge": "a11.h10->m11",
        "improvement": 0.26602106094360334,
        "stdev": 0.04047664879449543,
        "robustness": 6.57221061689723
    },
    {
        "edge": "a11.h3->logits",
        "improvement": 0.23499237060546907,
        "stdev": 0.018236431254929242,
        "robustness": 12.885874835952428
    },
    {
        "edge": "a11.h5->m11",
        "improvement": 0.1826973915100094,
        "stdev": 0.02862099591021978,
        "robustness": 6.383334531163995
    },
    {
        "edge": "a11.h7->m11",
        "improvement": 0.1684329566955567,
        "stdev": 0.03570021866277541,
        "robustness": 4.71798109380158
    },
    {
        "edge": "a1.h10->m2",
        "improvement": 0.16603611373901384,
        "stdev": 0.21901172075929667,
        "robustness": 0.7581151965902989
    },
    {
        "edge": "a11.h0->m11",
        "improvement": 0.1647797203063961,
        "stdev": 0.020455161856063293,
        "robustness": 8.055654678555003
    },
    {
        "edge": "m1->m3",
        "improvement": 0.14832684326171908,
        "stdev": 0.191569999115475,
        "robustness": 0.7742696870417078
    },
    {
        "edge": "input->m1",
        "improvement": 0.14366173171997065,
        "stdev": 0.13415790197684974,
        "robustness": 1.0708406258824836
    },
    {
        "edge": "m10->a11.h8<v>",
        "improvement": 0.14129456329345658,
        "stdev": 0.036544848932971066,
        "robustness": 3.866333215732066
    },
    {
        "edge": "a0.h4->m1",
        "improvement": 0.12818307876586932,
        "stdev": 0.10019892366189927,
        "robustness": 1.2792859851309066
    },
    {
        "edge": "a10.h8->logits",
        "improvement": 0.11950759124755894,
        "stdev": 0.01741313403207832,
        "robustness": 6.8630719218839715
    },
    {
        "edge": "m9->a11.h10<v>",
        "improvement": 0.1104347343444827,
        "stdev": 0.017871684899544066,
        "robustness": 6.179312972740475
    },
    {
        "edge": "a11.h6->m11",
        "improvement": 0.10991443634033171,
        "stdev": 0.020048394673624684,
        "robustness": 5.482455734220617
    },
    {
        "edge": "a11.h2->m11",
        "improvement": 0.10898205184936494,
        "stdev": 0.013685410487991084,
        "robustness": 7.963374715358113
    },
    {
        "edge": "m0->a1.h11<v>",
        "improvement": 0.10874070358276366,
        "stdev": 0.10992449894702057,
        "robustness": 0.9892308322931047
    },
    {
        "edge": "a11.h1->m11",
        "improvement": 0.09893957138061538,
        "stdev": 0.02488057367978991,
        "robustness": 3.9765791839833016
    },
    {
        "edge": "m9->a10.h3<v>",
        "improvement": 0.09785960388183579,
        "stdev": 0.04425840815034457,
        "robustness": 2.2110963311063845
    },
    {
        "edge": "m0->a2.h7<v>",
        "improvement": 0.09408413696289042,
        "stdev": 0.20067016731501836,
        "robustness": 0.4688496462715067
    },
    {
        "edge": "m0->a1.h4<v>",
        "improvement": 0.0931135330200199,
        "stdev": 0.09065544313657899,
        "robustness": 1.0271146419717747
    },
    {
        "edge": "m0->a1.h3<v>",
        "improvement": 0.08736572265624964,
        "stdev": 0.08803630747800317,
        "robustness": 0.9923828606518841
    },
    {
        "edge": "a10.h9->logits",
        "improvement": 0.05549200439453106,
        "stdev": 0.007245151050945369,
        "robustness": 7.659192196868042
    },
    {
        "edge": "m2->a4.h8<v>",
        "improvement": 0.04380377578735306,
        "stdev": 0.05402616424848009,
        "robustness": 0.810788187476874
    },
    {
        "edge": "a10.h6->m10",
        "improvement": 0.04191776275634762,
        "stdev": 0.0423485695046039,
        "robustness": 0.989827123954932
    },
    {
        "edge": "m10->a11.h6<k>",
        "improvement": 0.038839302062988246,
        "stdev": 0.014312154701917282,
        "robustness": 2.713728496645251
    },
    {
        "edge": "m2->m4",
        "improvement": 0.024492919921875078,
        "stdev": 0.09445882993322773,
        "robustness": 0.25929730380091465
    },
    {
        "edge": "a10.h4->a11.h5<v>",
        "improvement": 0.014248210906982806,
        "stdev": 0.0025593926626051823,
        "robustness": 5.567028113802468
    },
    {
        "edge": "a10.h4->a11.h10<v>",
        "improvement": 0.011488700866698842,
        "stdev": 0.004353789364412878,
        "robustness": 2.638781967865855
    },
    {
        "edge": "m9->a10.h4<v>",
        "improvement": 0.002757106781006158,
        "stdev": 0.03149439858656085,
        "robustness": 0.08754276648364571
    },
    {
        "edge": "a10.h4->logits",
        "improvement": -0.0032970008850101706,
        "stdev": 0.008459806269128334,
        "robustness": -0.3897253412340707
    }
]