[
    {
        "edge": "full_attack",
        "improvement": 14.079113342285158,
        "stdev": 0.48590130046475033,
        "robustness": 28.975253469827926
    },
    {
        "edge": "input->a0.h4<v>",
        "improvement": 7.465301901340485,
        "stdev": 1.586764388693309,
        "robustness": 4.704732444549072
    },
    {
        "edge": "input->m0",
        "improvement": 7.178722162246705,
        "stdev": 1.5941494907444602,
        "robustness": 4.503167490831914
    },
    {
        "edge": "m11->logits",
        "improvement": 4.6263296761512755,
        "stdev": 0.2564137228892418,
        "robustness": 18.042441816382908
    },
    {
        "edge": "a0.h4->m0",
        "improvement": 4.041179022789002,
        "stdev": 1.2872034897625408,
        "robustness": 3.1395028485624334
    },
    {
        "edge": "m0->m1",
        "improvement": 1.0122670211791993,
        "stdev": 0.4947958835508184,
        "robustness": 2.0458274913583305
    },
    {
        "edge": "a11.h0->logits",
        "improvement": 0.6931718139648444,
        "stdev": 0.06432388561340795,
        "robustness": 10.776273966576992
    },
    {
        "edge": "a11.h7->logits",
        "improvement": 0.6577852706909182,
        "stdev": 0.06942960427385766,
        "robustness": 9.474132505441833
    },
    {
        "edge": "a11.h5->logits",
        "improvement": 0.6553601226806647,
        "stdev": 0.056145129920148036,
        "robustness": 11.67260853457362
    },
    {
        "edge": "a11.h4->logits",
        "improvement": 0.5617662467956546,
        "stdev": 0.05583993370603611,
        "robustness": 10.060295733032532
    },
    {
        "edge": "a11.h10->logits",
        "improvement": 0.5616014480590827,
        "stdev": 0.054671097579578935,
        "robustness": 10.27236461169668
    },
    {
        "edge": "a11.h8->logits",
        "improvement": 0.5339198646545418,
        "stdev": 0.04788557860985716,
        "robustness": 11.149909433163565
    },
    {
        "edge": "a11.h6->logits",
        "improvement": 0.4423128051757814,
        "stdev": 0.04073643201141849,
        "robustness": 10.857917184592909
    },
    {
        "edge": "a11.h1->logits",
        "improvement": 0.4074178962707524,
        "stdev": 0.03827530895259085,
        "robustness": 10.644405164054838
    },
    {
        "edge": "m10->a11.h7<v>",
        "improvement": 0.3796111831665039,
        "stdev": 0.053961531105660356,
        "robustness": 7.034848259275655
    },
    {
        "edge": "m10->a11.h5<v>",
        "improvement": 0.3595114479064945,
        "stdev": 0.04597150284891757,
        "robustness": 7.82031096716603
    },
    {
        "edge": "m10->a11.h6<v>",
        "improvement": 0.34880175781250067,
        "stdev": 0.04323563612294688,
        "robustness": 8.067459833842426
    },
    {
        "edge": "m10->a11.h0<v>",
        "improvement": 0.34222238540649474,
        "stdev": 0.04119332472787558,
        "robustness": 8.307714603451572
    },
    {
        "edge": "m10->a11.h4<v>",
        "improvement": 0.30288119888305687,
        "stdev": 0.030781382829561096,
        "robustness": 9.839752832422556
    },
    {
        "edge": "a11.h2->logits",
        "improvement": 0.2915765953063971,
        "stdev": 0.02602362053717988,
        "robustness": 11.204305522739327
    },
    {
        "edge": "m0->m2",
        "improvement": 0.28501167678833017,
        "stdev": 0.1683943668092971,
        "robustness": 1.6925250065585604
    },
    {
        "edge": "m10->a11.h10<v>",
        "improvement": 0.2720301971435548,
        "stdev": 0.03345043008498259,
        "robustness": 8.132337804101404
    },
    {
        "edge": "m10->logits",
        "improvement": 0.25866767501831056,
        "stdev": 0.04416702700928295,
        "robustness": 5.856578822114159
    },
    {
        "edge": "m10->a11.h1<v>",
        "improvement": 0.2490277824401863,
        "stdev": 0.03514902388733903,
        "robustness": 7.084913175352451
    },
    {
        "edge": "a11.h9->logits",
        "improvement": 0.23607644271850603,
        "stdev": 0.017224677098148854,
        "robustness": 13.705710787685959
    },
    {
        "edge": "m10->a11.h9<v>",
        "improvement": 0.19940851211547894,
        "stdev": 0.02803501364421821,
        "robustness": 7.112838061935592
    },
    {
        "edge": "a11.h11->logits",
        "improvement": 0.19432839965820392,
        "stdev": 0.011752316689047694,
        "robustness": 16.535327016783327
    },
    {
        "edge": "m9->a10.h6<v>",
        "improvement": 0.18513727188110352,
        "stdev": 0.04993891444647488,
        "robustness": 3.707274656110834
    },
    {
        "edge": "input->m1",
        "improvement": 0.1721776161193853,
        "stdev": 0.1554085311049021,
        "robustness": 1.1079032463357108
    },
    {
        "edge": "a0.h4->m1",
        "improvement": 0.16322354888916024,
        "stdev": 0.13537727970477834,
        "robustness": 1.2056938154253591
    },
    {
        "edge": "m1->m3",
        "improvement": 0.15985227203369146,
        "stdev": 0.17114336857769216,
        "robustness": 0.93402550950214
    },
    {
        "edge": "a11.h5->m11",
        "improvement": 0.1561411895751954,
        "stdev": 0.04088844650490788,
        "robustness": 3.818711712523821
    },
    {
        "edge": "m9->a10.h1<v>",
        "improvement": 0.14417103195190428,
        "stdev": 0.0429150501004348,
        "robustness": 3.3594515587072236
    },
    {
        "edge": "m5->m6",
        "improvement": 0.12795860671997072,
        "stdev": 0.08706545871853258,
        "robustness": 1.4696827950294107
    },
    {
        "edge": "a11.h3->logits",
        "improvement": 0.1232437667846682,
        "stdev": 0.012386290913660565,
        "robustness": 9.950013901961997
    },
    {
        "edge": "a11.h1->m11",
        "improvement": 0.11603717803955149,
        "stdev": 0.03184432042827608,
        "robustness": 3.643889286345599
    },
    {
        "edge": "m8->m9",
        "improvement": 0.1010879783630374,
        "stdev": 0.061290199794349076,
        "robustness": 1.6493334774927209
    },
    {
        "edge": "m0->a1.h11<v>",
        "improvement": 0.09606237411499041,
        "stdev": 0.07049884219141947,
        "robustness": 1.3626092447612186
    },
    {
        "edge": "a10.h8->logits",
        "improvement": 0.08522834014892577,
        "stdev": 0.012278901416807273,
        "robustness": 6.941039532434541
    },
    {
        "edge": "m0->a1.h3<v>",
        "improvement": 0.08277565002441456,
        "stdev": 0.0676855182704564,
        "robustness": 1.2229447618863067
    },
    {
        "edge": "m0->a1.h4<v>",
        "improvement": 0.0757052116394048,
        "stdev": 0.05123370067468022,
        "robustness": 1.4776448049324387
    },
    {
        "edge": "a10.h6->logits",
        "improvement": 0.07190349197387746,
        "stdev": 0.011359928744949056,
        "robustness": 6.329572446116599
    },
    {
        "edge": "m9->a10.h4<v>",
        "improvement": 0.07161998367309597,
        "stdev": 0.027203274829149825,
        "robustness": 2.632770654375449
    },
    {
        "edge": "m9->a11.h7<v>",
        "improvement": 0.06056192779541014,
        "stdev": 0.012397421557896384,
        "robustness": 4.885042225319504
    },
    {
        "edge": "m3->m4",
        "improvement": 0.0586921691894533,
        "stdev": 0.09463105899994227,
        "robustness": 0.6202209909696679
    },
    {
        "edge": "a10.h4->m10",
        "improvement": 0.05679309844970781,
        "stdev": 0.019601264223385893,
        "robustness": 2.8974201767021257
    },
    {
        "edge": "a10.h9->logits",
        "improvement": 0.0340763168334961,
        "stdev": 0.006086606105935474,
        "robustness": 5.598574351684415
    },
    {
        "edge": "m1->m2",
        "improvement": 0.0330175399780277,
        "stdev": 0.1254363435891117,
        "robustness": 0.26322147978246496
    },
    {
        "edge": "a11.h9->m11",
        "improvement": 0.0275086288452151,
        "stdev": 0.014576818802793346,
        "robustness": 1.8871489875379146
    },
    {
        "edge": "a10.h11->logits",
        "improvement": 0.017779048919678075,
        "stdev": 0.003432243572024053,
        "robustness": 5.180007929680079
    },
    {
        "edge": "a10.h4->logits",
        "improvement": 0.0099738197326662,
        "stdev": 0.0037618812277585693,
        "robustness": 2.6512851227386762
    }
]